ISO-10303-21;
HEADER;
FILE_DESCRIPTION(('STEP AP242'),'1');
FILE_NAME('1718130002.stp','2026-09-18T15:18:46',('TraceParts'),('TraceParts S.A.S.'),'Spatial InterOp 3D',' ',' ');
FILE_SCHEMA(('AP242_MANAGED_MODEL_BASED_3D_ENGINEERING_MIM_LF  {1 0 10303 442 1 1 4}'));
ENDSEC;
DATA;
#1=MECHANICAL_DESIGN_GEOMETRIC_PRESENTATION_REPRESENTATION(' ',(#10,#11,#12,#13,#14,#15,#16,#17,#18,#19,#20,#21,#22,#23,#24,#25,#26,#27,#28,#29,#30,#31,#32,#33,#34,#35,#36,#37,#38,#39,#40,#41,#42,#43,#44,#45,#46,#47,#48,#49,#50,#51,#52,#53,#54,#55,#56,#57,#58,#59,#60,#61,#62,#63,#64,#65,#66,#67,#68,#69,#70,#71,#72,#73,#74,#75,#76,#77,#78,#79,#80,#81,#82,#83,#84,#85,#86,#87,#88,#89,#90,#91,#92,#93,#94,#95,#96,#97,#98,#99,#100),#6);
#2=PRODUCT_DEFINITION_CONTEXT('',#101,'design');
#3=APPLICATION_PROTOCOL_DEFINITION('INTERNATIONAL STANDARD','ap242_managed_model_based_3d_engineering',2014,#101);
#4=PRODUCT_CATEGORY_RELATIONSHIP('NONE','NONE',#102,#103);
#5=SHAPE_DEFINITION_REPRESENTATION(#104,#105);
#6= (GEOMETRIC_REPRESENTATION_CONTEXT(3)GLOBAL_UNCERTAINTY_ASSIGNED_CONTEXT((#108))GLOBAL_UNIT_ASSIGNED_CONTEXT((#110,#111,#112))REPRESENTATION_CONTEXT('NONE','WORKSPACE'));
#10=STYLED_ITEM('',(#114),#115);
#11=STYLED_ITEM('',(#116),#117);
#12=STYLED_ITEM('',(#118),#119);
#13=STYLED_ITEM('',(#120),#121);
#14=STYLED_ITEM('',(#122),#123);
#15=STYLED_ITEM('',(#124),#125);
#16=STYLED_ITEM('',(#126),#127);
#17=STYLED_ITEM('',(#128),#129);
#18=STYLED_ITEM('',(#130),#131);
#19=STYLED_ITEM('',(#132),#133);
#20=STYLED_ITEM('',(#134),#135);
#21=STYLED_ITEM('',(#136),#137);
#22=STYLED_ITEM('',(#138),#139);
#23=STYLED_ITEM('',(#140),#141);
#24=STYLED_ITEM('',(#142),#143);
#25=STYLED_ITEM('',(#144),#145);
#26=STYLED_ITEM('',(#146),#147);
#27=STYLED_ITEM('',(#148),#149);
#28=STYLED_ITEM('',(#150),#151);
#29=STYLED_ITEM('',(#152),#153);
#30=STYLED_ITEM('',(#154),#155);
#31=STYLED_ITEM('',(#156),#157);
#32=STYLED_ITEM('',(#158),#159);
#33=STYLED_ITEM('',(#160),#161);
#34=STYLED_ITEM('',(#162),#163);
#35=STYLED_ITEM('',(#164),#165);
#36=STYLED_ITEM('',(#166),#167);
#37=STYLED_ITEM('',(#168),#169);
#38=STYLED_ITEM('',(#170),#171);
#39=STYLED_ITEM('',(#172),#173);
#40=STYLED_ITEM('',(#174),#175);
#41=STYLED_ITEM('',(#176),#177);
#42=STYLED_ITEM('',(#178),#179);
#43=STYLED_ITEM('',(#180),#181);
#44=STYLED_ITEM('',(#182),#183);
#45=STYLED_ITEM('',(#184),#185);
#46=STYLED_ITEM('',(#186),#187);
#47=STYLED_ITEM('',(#188),#189);
#48=STYLED_ITEM('',(#190),#191);
#49=STYLED_ITEM('',(#192),#193);
#50=STYLED_ITEM('',(#194),#195);
#51=STYLED_ITEM('',(#196),#197);
#52=STYLED_ITEM('',(#198),#199);
#53=STYLED_ITEM('',(#200),#201);
#54=STYLED_ITEM('',(#202),#203);
#55=STYLED_ITEM('',(#204),#205);
#56=STYLED_ITEM('',(#206),#207);
#57=STYLED_ITEM('',(#208),#209);
#58=STYLED_ITEM('',(#210),#211);
#59=STYLED_ITEM('',(#212),#213);
#60=STYLED_ITEM('',(#214),#215);
#61=STYLED_ITEM('',(#216),#217);
#62=STYLED_ITEM('',(#218),#219);
#63=STYLED_ITEM('',(#220),#221);
#64=STYLED_ITEM('',(#222),#223);
#65=STYLED_ITEM('',(#224),#225);
#66=STYLED_ITEM('',(#226),#227);
#67=STYLED_ITEM('',(#228),#229);
#68=STYLED_ITEM('',(#230),#231);
#69=STYLED_ITEM('',(#232),#233);
#70=STYLED_ITEM('',(#234),#235);
#71=STYLED_ITEM('',(#236),#237);
#72=STYLED_ITEM('',(#238),#239);
#73=STYLED_ITEM('',(#240),#241);
#74=STYLED_ITEM('',(#242),#243);
#75=STYLED_ITEM('',(#244),#245);
#76=STYLED_ITEM('',(#246),#247);
#77=STYLED_ITEM('',(#248),#249);
#78=STYLED_ITEM('',(#250),#251);
#79=STYLED_ITEM('',(#252),#253);
#80=STYLED_ITEM('',(#254),#255);
#81=STYLED_ITEM('',(#256),#257);
#82=STYLED_ITEM('',(#258),#259);
#83=STYLED_ITEM('',(#260),#261);
#84=STYLED_ITEM('',(#262),#263);
#85=STYLED_ITEM('',(#264),#265);
#86=STYLED_ITEM('',(#266),#267);
#87=STYLED_ITEM('',(#268),#269);
#88=STYLED_ITEM('',(#270),#271);
#89=STYLED_ITEM('',(#272),#273);
#90=STYLED_ITEM('',(#274),#275);
#91=STYLED_ITEM('',(#276),#277);
#92=STYLED_ITEM('',(#278),#279);
#93=STYLED_ITEM('',(#280),#281);
#94=STYLED_ITEM('',(#282),#283);
#95=STYLED_ITEM('',(#284),#285);
#96=STYLED_ITEM('',(#286),#287);
#97=STYLED_ITEM('',(#288),#289);
#98=STYLED_ITEM('',(#290),#291);
#99=STYLED_ITEM('',(#292),#293);
#100=STYLED_ITEM('',(#294),#295);
#101=APPLICATION_CONTEXT('managed model based 3d engineering');
#102=PRODUCT_CATEGORY('part','NONE');
#103=PRODUCT_RELATED_PRODUCT_CATEGORY('detail',' ',(#296));
#104=PRODUCT_DEFINITION_SHAPE('NONE','NONE',#297);
#105=ADVANCED_BREP_SHAPE_REPRESENTATION('1',(#298,#299),#6);
#108=UNCERTAINTY_MEASURE_WITH_UNIT(LENGTH_MEASURE(1.0E-06),#110,'','');
#110= (CONVERSION_BASED_UNIT('MILLIMETRE',#302)LENGTH_UNIT()NAMED_UNIT(#305));
#111= (NAMED_UNIT(#307)PLANE_ANGLE_UNIT()SI_UNIT($,.RADIAN.));
#112= (NAMED_UNIT(#307)SOLID_ANGLE_UNIT()SI_UNIT($,.STERADIAN.));
#114=PRESENTATION_STYLE_ASSIGNMENT((#313));
#115=ADVANCED_FACE('',(#314),#315,.F.);
#116=PRESENTATION_STYLE_ASSIGNMENT((#316));
#117=ADVANCED_FACE('',(#317),#318,.F.);
#118=PRESENTATION_STYLE_ASSIGNMENT((#319));
#119=ADVANCED_FACE('',(#320),#321,.T.);
#120=PRESENTATION_STYLE_ASSIGNMENT((#322));
#121=ADVANCED_FACE('',(#323),#324,.T.);
#122=PRESENTATION_STYLE_ASSIGNMENT((#325));
#123=ADVANCED_FACE('',(#326),#327,.T.);
#124=PRESENTATION_STYLE_ASSIGNMENT((#328));
#125=ADVANCED_FACE('',(#329),#330,.T.);
#126=PRESENTATION_STYLE_ASSIGNMENT((#331));
#127=ADVANCED_FACE('',(#332),#333,.T.);
#128=PRESENTATION_STYLE_ASSIGNMENT((#334));
#129=ADVANCED_FACE('',(#335),#336,.F.);
#130=PRESENTATION_STYLE_ASSIGNMENT((#337));
#131=ADVANCED_FACE('',(#338),#339,.T.);
#132=PRESENTATION_STYLE_ASSIGNMENT((#340));
#133=ADVANCED_FACE('',(#341),#342,.F.);
#134=PRESENTATION_STYLE_ASSIGNMENT((#343));
#135=ADVANCED_FACE('',(#344),#345,.F.);
#136=PRESENTATION_STYLE_ASSIGNMENT((#346));
#137=ADVANCED_FACE('',(#347),#348,.T.);
#138=PRESENTATION_STYLE_ASSIGNMENT((#349));
#139=ADVANCED_FACE('',(#350),#351,.T.);
#140=PRESENTATION_STYLE_ASSIGNMENT((#352));
#141=ADVANCED_FACE('',(#353),#354,.T.);
#142=PRESENTATION_STYLE_ASSIGNMENT((#355));
#143=ADVANCED_FACE('',(#356),#357,.T.);
#144=PRESENTATION_STYLE_ASSIGNMENT((#358));
#145=ADVANCED_FACE('',(#359),#360,.T.);
#146=PRESENTATION_STYLE_ASSIGNMENT((#361));
#147=ADVANCED_FACE('',(#362),#363,.F.);
#148=PRESENTATION_STYLE_ASSIGNMENT((#364));
#149=ADVANCED_FACE('',(#365),#366,.T.);
#150=PRESENTATION_STYLE_ASSIGNMENT((#367));
#151=ADVANCED_FACE('',(#368),#369,.F.);
#152=PRESENTATION_STYLE_ASSIGNMENT((#370));
#153=ADVANCED_FACE('',(#371),#372,.F.);
#154=PRESENTATION_STYLE_ASSIGNMENT((#373));
#155=ADVANCED_FACE('',(#374),#375,.T.);
#156=PRESENTATION_STYLE_ASSIGNMENT((#376));
#157=ADVANCED_FACE('',(#377),#378,.T.);
#158=PRESENTATION_STYLE_ASSIGNMENT((#379));
#159=ADVANCED_FACE('',(#380),#381,.T.);
#160=PRESENTATION_STYLE_ASSIGNMENT((#382));
#161=ADVANCED_FACE('',(#383),#384,.T.);
#162=PRESENTATION_STYLE_ASSIGNMENT((#385));
#163=ADVANCED_FACE('',(#386),#387,.T.);
#164=PRESENTATION_STYLE_ASSIGNMENT((#388));
#165=ADVANCED_FACE('',(#389),#390,.F.);
#166=PRESENTATION_STYLE_ASSIGNMENT((#391));
#167=ADVANCED_FACE('',(#392),#393,.T.);
#168=PRESENTATION_STYLE_ASSIGNMENT((#394));
#169=ADVANCED_FACE('',(#395),#396,.F.);
#170=PRESENTATION_STYLE_ASSIGNMENT((#397));
#171=ADVANCED_FACE('',(#398),#399,.F.);
#172=PRESENTATION_STYLE_ASSIGNMENT((#400));
#173=ADVANCED_FACE('',(#401),#402,.T.);
#174=PRESENTATION_STYLE_ASSIGNMENT((#403));
#175=ADVANCED_FACE('',(#404),#405,.T.);
#176=PRESENTATION_STYLE_ASSIGNMENT((#406));
#177=ADVANCED_FACE('',(#407),#408,.T.);
#178=PRESENTATION_STYLE_ASSIGNMENT((#409));
#179=ADVANCED_FACE('',(#410),#411,.T.);
#180=PRESENTATION_STYLE_ASSIGNMENT((#412));
#181=ADVANCED_FACE('',(#413),#414,.T.);
#182=PRESENTATION_STYLE_ASSIGNMENT((#415));
#183=ADVANCED_FACE('',(#416),#417,.F.);
#184=PRESENTATION_STYLE_ASSIGNMENT((#418));
#185=ADVANCED_FACE('',(#419),#420,.T.);
#186=PRESENTATION_STYLE_ASSIGNMENT((#421));
#187=ADVANCED_FACE('',(#422),#423,.F.);
#188=PRESENTATION_STYLE_ASSIGNMENT((#424));
#189=ADVANCED_FACE('',(#425),#426,.F.);
#190=PRESENTATION_STYLE_ASSIGNMENT((#427));
#191=ADVANCED_FACE('',(#428),#429,.F.);
#192=PRESENTATION_STYLE_ASSIGNMENT((#430));
#193=ADVANCED_FACE('',(#431),#432,.F.);
#194=PRESENTATION_STYLE_ASSIGNMENT((#433));
#195=ADVANCED_FACE('',(#434),#435,.F.);
#196=PRESENTATION_STYLE_ASSIGNMENT((#436));
#197=ADVANCED_FACE('',(#437),#438,.F.);
#198=PRESENTATION_STYLE_ASSIGNMENT((#439));
#199=ADVANCED_FACE('',(#440),#441,.F.);
#200=PRESENTATION_STYLE_ASSIGNMENT((#442));
#201=ADVANCED_FACE('',(#443),#444,.F.);
#202=PRESENTATION_STYLE_ASSIGNMENT((#445));
#203=ADVANCED_FACE('',(#446),#447,.F.);
#204=PRESENTATION_STYLE_ASSIGNMENT((#448));
#205=ADVANCED_FACE('',(#449),#450,.F.);
#206=PRESENTATION_STYLE_ASSIGNMENT((#451));
#207=ADVANCED_FACE('',(#452),#453,.F.);
#208=PRESENTATION_STYLE_ASSIGNMENT((#454));
#209=ADVANCED_FACE('',(#455),#456,.F.);
#210=PRESENTATION_STYLE_ASSIGNMENT((#457));
#211=ADVANCED_FACE('',(#458),#459,.F.);
#212=PRESENTATION_STYLE_ASSIGNMENT((#460));
#213=ADVANCED_FACE('',(#461),#462,.T.);
#214=PRESENTATION_STYLE_ASSIGNMENT((#463));
#215=ADVANCED_FACE('',(#464),#465,.F.);
#216=PRESENTATION_STYLE_ASSIGNMENT((#466));
#217=ADVANCED_FACE('',(#467),#468,.T.);
#218=PRESENTATION_STYLE_ASSIGNMENT((#469));
#219=ADVANCED_FACE('',(#470),#471,.T.);
#220=PRESENTATION_STYLE_ASSIGNMENT((#472));
#221=ADVANCED_FACE('',(#473),#474,.T.);
#222=PRESENTATION_STYLE_ASSIGNMENT((#475));
#223=ADVANCED_FACE('',(#476),#477,.T.);
#224=PRESENTATION_STYLE_ASSIGNMENT((#478));
#225=ADVANCED_FACE('',(#479),#480,.T.);
#226=PRESENTATION_STYLE_ASSIGNMENT((#481));
#227=ADVANCED_FACE('',(#482),#483,.T.);
#228=PRESENTATION_STYLE_ASSIGNMENT((#484));
#229=ADVANCED_FACE('',(#485),#486,.T.);
#230=PRESENTATION_STYLE_ASSIGNMENT((#487));
#231=ADVANCED_FACE('',(#488),#489,.F.);
#232=PRESENTATION_STYLE_ASSIGNMENT((#490));
#233=ADVANCED_FACE('',(#491),#492,.T.);
#234=PRESENTATION_STYLE_ASSIGNMENT((#493));
#235=ADVANCED_FACE('',(#494),#495,.T.);
#236=PRESENTATION_STYLE_ASSIGNMENT((#496));
#237=ADVANCED_FACE('',(#497),#498,.F.);
#238=PRESENTATION_STYLE_ASSIGNMENT((#499));
#239=ADVANCED_FACE('',(#500),#501,.F.);
#240=PRESENTATION_STYLE_ASSIGNMENT((#502));
#241=ADVANCED_FACE('',(#503),#504,.T.);
#242=PRESENTATION_STYLE_ASSIGNMENT((#505));
#243=ADVANCED_FACE('',(#506),#507,.T.);
#244=PRESENTATION_STYLE_ASSIGNMENT((#508));
#245=ADVANCED_FACE('',(#509),#510,.T.);
#246=PRESENTATION_STYLE_ASSIGNMENT((#511));
#247=ADVANCED_FACE('',(#512),#513,.T.);
#248=PRESENTATION_STYLE_ASSIGNMENT((#514));
#249=ADVANCED_FACE('',(#515),#516,.T.);
#250=PRESENTATION_STYLE_ASSIGNMENT((#517));
#251=ADVANCED_FACE('',(#518),#519,.T.);
#252=PRESENTATION_STYLE_ASSIGNMENT((#520));
#253=ADVANCED_FACE('',(#521),#522,.T.);
#254=PRESENTATION_STYLE_ASSIGNMENT((#523));
#255=ADVANCED_FACE('',(#524),#525,.T.);
#256=PRESENTATION_STYLE_ASSIGNMENT((#526));
#257=ADVANCED_FACE('',(#527),#528,.T.);
#258=PRESENTATION_STYLE_ASSIGNMENT((#529));
#259=ADVANCED_FACE('',(#530),#531,.T.);
#260=PRESENTATION_STYLE_ASSIGNMENT((#532));
#261=ADVANCED_FACE('',(#533,#534,#535,#536),#537,.T.);
#262=PRESENTATION_STYLE_ASSIGNMENT((#538));
#263=ADVANCED_FACE('',(#539),#540,.T.);
#264=PRESENTATION_STYLE_ASSIGNMENT((#541));
#265=ADVANCED_FACE('',(#542),#543,.T.);
#266=PRESENTATION_STYLE_ASSIGNMENT((#544));
#267=ADVANCED_FACE('',(#545),#546,.T.);
#268=PRESENTATION_STYLE_ASSIGNMENT((#547));
#269=ADVANCED_FACE('',(#548),#549,.T.);
#270=PRESENTATION_STYLE_ASSIGNMENT((#550));
#271=ADVANCED_FACE('',(#551),#552,.T.);
#272=PRESENTATION_STYLE_ASSIGNMENT((#553));
#273=ADVANCED_FACE('',(#554),#555,.T.);
#274=PRESENTATION_STYLE_ASSIGNMENT((#556));
#275=ADVANCED_FACE('',(#557),#558,.T.);
#276=PRESENTATION_STYLE_ASSIGNMENT((#559));
#277=ADVANCED_FACE('',(#560),#561,.F.);
#278=PRESENTATION_STYLE_ASSIGNMENT((#562));
#279=ADVANCED_FACE('',(#563),#564,.T.);
#280=PRESENTATION_STYLE_ASSIGNMENT((#565));
#281=ADVANCED_FACE('',(#566),#567,.F.);
#282=PRESENTATION_STYLE_ASSIGNMENT((#568));
#283=ADVANCED_FACE('',(#569),#570,.T.);
#284=PRESENTATION_STYLE_ASSIGNMENT((#571));
#285=ADVANCED_FACE('',(#572,#573,#574,#575,#576),#577,.T.);
#286=PRESENTATION_STYLE_ASSIGNMENT((#578));
#287=ADVANCED_FACE('',(#579),#580,.T.);
#288=PRESENTATION_STYLE_ASSIGNMENT((#581));
#289=ADVANCED_FACE('',(#582),#583,.T.);
#290=PRESENTATION_STYLE_ASSIGNMENT((#584));
#291=ADVANCED_FACE('',(#585),#586,.T.);
#292=PRESENTATION_STYLE_ASSIGNMENT((#587));
#293=ADVANCED_FACE('',(#588),#589,.T.);
#294=PRESENTATION_STYLE_ASSIGNMENT((#590));
#295=ADVANCED_FACE('',(#591),#592,.T.);
#296=PRODUCT('1','','PART--DESC',(#593));
#297=PRODUCT_DEFINITION('','NONE',#594,#2);
#298=MANIFOLD_SOLID_BREP('1',#595);
#299=AXIS2_PLACEMENT_3D('',#596,#597,#598);
#302=LENGTH_MEASURE_WITH_UNIT(LENGTH_MEASURE(1.0),#599);
#305=DIMENSIONAL_EXPONENTS(1.0,0.0,0.0,0.0,0.0,0.0,0.0);
#307=DIMENSIONAL_EXPONENTS(0.0,0.0,0.0,0.0,0.0,0.0,0.0);
#313=SURFACE_STYLE_USAGE(.BOTH.,#600);
#314=FACE_OUTER_BOUND('',#601,.T.);
#315=PLANE('',#602);
#316=SURFACE_STYLE_USAGE(.BOTH.,#603);
#317=FACE_OUTER_BOUND('',#604,.T.);
#318=PLANE('',#605);
#319=SURFACE_STYLE_USAGE(.BOTH.,#606);
#320=FACE_OUTER_BOUND('',#607,.T.);
#321=CYLINDRICAL_SURFACE('',#608,1.39446);
#322=SURFACE_STYLE_USAGE(.BOTH.,#609);
#323=FACE_OUTER_BOUND('',#610,.T.);
#324=CYLINDRICAL_SURFACE('',#611,1.39446);
#325=SURFACE_STYLE_USAGE(.BOTH.,#612);
#326=FACE_OUTER_BOUND('',#613,.T.);
#327=CYLINDRICAL_SURFACE('',#614,0.304800000000001);
#328=SURFACE_STYLE_USAGE(.BOTH.,#615);
#329=FACE_OUTER_BOUND('',#616,.T.);
#330=CYLINDRICAL_SURFACE('',#617,1.53);
#331=SURFACE_STYLE_USAGE(.BOTH.,#618);
#332=FACE_OUTER_BOUND('',#619,.T.);
#333=CYLINDRICAL_SURFACE('',#620,1.53);
#334=SURFACE_STYLE_USAGE(.BOTH.,#621);
#335=FACE_OUTER_BOUND('',#622,.T.);
#336=PLANE('',#623);
#337=SURFACE_STYLE_USAGE(.BOTH.,#624);
#338=FACE_OUTER_BOUND('',#625,.T.);
#339=PLANE('',#626);
#340=SURFACE_STYLE_USAGE(.BOTH.,#627);
#341=FACE_OUTER_BOUND('',#628,.T.);
#342=PLANE('',#629);
#343=SURFACE_STYLE_USAGE(.BOTH.,#630);
#344=FACE_OUTER_BOUND('',#631,.T.);
#345=PLANE('',#632);
#346=SURFACE_STYLE_USAGE(.BOTH.,#633);
#347=FACE_OUTER_BOUND('',#634,.T.);
#348=CYLINDRICAL_SURFACE('',#635,1.39446);
#349=SURFACE_STYLE_USAGE(.BOTH.,#636);
#350=FACE_OUTER_BOUND('',#637,.T.);
#351=CYLINDRICAL_SURFACE('',#638,1.39446);
#352=SURFACE_STYLE_USAGE(.BOTH.,#639);
#353=FACE_OUTER_BOUND('',#640,.T.);
#354=CYLINDRICAL_SURFACE('',#641,0.304800000000001);
#355=SURFACE_STYLE_USAGE(.BOTH.,#642);
#356=FACE_OUTER_BOUND('',#643,.T.);
#357=CYLINDRICAL_SURFACE('',#644,1.53);
#358=SURFACE_STYLE_USAGE(.BOTH.,#645);
#359=FACE_OUTER_BOUND('',#646,.T.);
#360=CYLINDRICAL_SURFACE('',#647,1.53);
#361=SURFACE_STYLE_USAGE(.BOTH.,#648);
#362=FACE_OUTER_BOUND('',#649,.T.);
#363=PLANE('',#650);
#364=SURFACE_STYLE_USAGE(.BOTH.,#651);
#365=FACE_OUTER_BOUND('',#652,.T.);
#366=PLANE('',#653);
#367=SURFACE_STYLE_USAGE(.BOTH.,#654);
#368=FACE_OUTER_BOUND('',#655,.T.);
#369=PLANE('',#656);
#370=SURFACE_STYLE_USAGE(.BOTH.,#657);
#371=FACE_OUTER_BOUND('',#658,.T.);
#372=PLANE('',#659);
#373=SURFACE_STYLE_USAGE(.BOTH.,#660);
#374=FACE_OUTER_BOUND('',#661,.T.);
#375=CYLINDRICAL_SURFACE('',#662,1.39446);
#376=SURFACE_STYLE_USAGE(.BOTH.,#663);
#377=FACE_OUTER_BOUND('',#664,.T.);
#378=CYLINDRICAL_SURFACE('',#665,1.39446);
#379=SURFACE_STYLE_USAGE(.BOTH.,#666);
#380=FACE_OUTER_BOUND('',#667,.T.);
#381=CYLINDRICAL_SURFACE('',#668,0.304800000000001);
#382=SURFACE_STYLE_USAGE(.BOTH.,#669);
#383=FACE_OUTER_BOUND('',#670,.T.);
#384=CYLINDRICAL_SURFACE('',#671,1.53);
#385=SURFACE_STYLE_USAGE(.BOTH.,#672);
#386=FACE_OUTER_BOUND('',#673,.T.);
#387=CYLINDRICAL_SURFACE('',#674,1.53);
#388=SURFACE_STYLE_USAGE(.BOTH.,#675);
#389=FACE_OUTER_BOUND('',#676,.T.);
#390=PLANE('',#677);
#391=SURFACE_STYLE_USAGE(.BOTH.,#678);
#392=FACE_OUTER_BOUND('',#679,.T.);
#393=PLANE('',#680);
#394=SURFACE_STYLE_USAGE(.BOTH.,#681);
#395=FACE_OUTER_BOUND('',#682,.T.);
#396=PLANE('',#683);
#397=SURFACE_STYLE_USAGE(.BOTH.,#684);
#398=FACE_OUTER_BOUND('',#685,.T.);
#399=PLANE('',#686);
#400=SURFACE_STYLE_USAGE(.BOTH.,#687);
#401=FACE_OUTER_BOUND('',#688,.T.);
#402=CYLINDRICAL_SURFACE('',#689,1.39446);
#403=SURFACE_STYLE_USAGE(.BOTH.,#690);
#404=FACE_OUTER_BOUND('',#691,.T.);
#405=CYLINDRICAL_SURFACE('',#692,1.39446);
#406=SURFACE_STYLE_USAGE(.BOTH.,#693);
#407=FACE_OUTER_BOUND('',#694,.T.);
#408=CYLINDRICAL_SURFACE('',#695,0.304800000000001);
#409=SURFACE_STYLE_USAGE(.BOTH.,#696);
#410=FACE_OUTER_BOUND('',#697,.T.);
#411=CYLINDRICAL_SURFACE('',#698,1.53);
#412=SURFACE_STYLE_USAGE(.BOTH.,#699);
#413=FACE_OUTER_BOUND('',#700,.T.);
#414=CYLINDRICAL_SURFACE('',#701,1.53);
#415=SURFACE_STYLE_USAGE(.BOTH.,#702);
#416=FACE_OUTER_BOUND('',#703,.T.);
#417=PLANE('',#704);
#418=SURFACE_STYLE_USAGE(.BOTH.,#705);
#419=FACE_OUTER_BOUND('',#706,.T.);
#420=PLANE('',#707);
#421=SURFACE_STYLE_USAGE(.BOTH.,#708);
#422=FACE_OUTER_BOUND('',#709,.T.);
#423=PLANE('',#710);
#424=SURFACE_STYLE_USAGE(.BOTH.,#711);
#425=FACE_OUTER_BOUND('',#712,.T.);
#426=PLANE('',#713);
#427=SURFACE_STYLE_USAGE(.BOTH.,#714);
#428=FACE_OUTER_BOUND('',#715,.T.);
#429=PLANE('',#716);
#430=SURFACE_STYLE_USAGE(.BOTH.,#717);
#431=FACE_OUTER_BOUND('',#718,.T.);
#432=PLANE('',#719);
#433=SURFACE_STYLE_USAGE(.BOTH.,#720);
#434=FACE_OUTER_BOUND('',#721,.T.);
#435=PLANE('',#722);
#436=SURFACE_STYLE_USAGE(.BOTH.,#723);
#437=FACE_OUTER_BOUND('',#724,.T.);
#438=PLANE('',#725);
#439=SURFACE_STYLE_USAGE(.BOTH.,#726);
#440=FACE_OUTER_BOUND('',#727,.T.);
#441=PLANE('',#728);
#442=SURFACE_STYLE_USAGE(.BOTH.,#729);
#443=FACE_OUTER_BOUND('',#730,.T.);
#444=PLANE('',#731);
#445=SURFACE_STYLE_USAGE(.BOTH.,#732);
#446=FACE_OUTER_BOUND('',#733,.T.);
#447=PLANE('',#734);
#448=SURFACE_STYLE_USAGE(.BOTH.,#735);
#449=FACE_OUTER_BOUND('',#736,.T.);
#450=PLANE('',#737);
#451=SURFACE_STYLE_USAGE(.BOTH.,#738);
#452=FACE_OUTER_BOUND('',#739,.T.);
#453=PLANE('',#740);
#454=SURFACE_STYLE_USAGE(.BOTH.,#741);
#455=FACE_OUTER_BOUND('',#742,.T.);
#456=PLANE('',#743);
#457=SURFACE_STYLE_USAGE(.BOTH.,#744);
#458=FACE_OUTER_BOUND('',#745,.T.);
#459=PLANE('',#746);
#460=SURFACE_STYLE_USAGE(.BOTH.,#747);
#461=FACE_OUTER_BOUND('',#748,.T.);
#462=PLANE('',#749);
#463=SURFACE_STYLE_USAGE(.BOTH.,#750);
#464=FACE_OUTER_BOUND('',#751,.T.);
#465=PLANE('',#752);
#466=SURFACE_STYLE_USAGE(.BOTH.,#753);
#467=FACE_OUTER_BOUND('',#754,.T.);
#468=PLANE('',#755);
#469=SURFACE_STYLE_USAGE(.BOTH.,#756);
#470=FACE_OUTER_BOUND('',#757,.T.);
#471=PLANE('',#758);
#472=SURFACE_STYLE_USAGE(.BOTH.,#759);
#473=FACE_OUTER_BOUND('',#760,.T.);
#474=PLANE('',#761);
#475=SURFACE_STYLE_USAGE(.BOTH.,#762);
#476=FACE_OUTER_BOUND('',#763,.T.);
#477=PLANE('',#764);
#478=SURFACE_STYLE_USAGE(.BOTH.,#765);
#479=FACE_OUTER_BOUND('',#766,.T.);
#480=CYLINDRICAL_SURFACE('',#767,1.778);
#481=SURFACE_STYLE_USAGE(.BOTH.,#768);
#482=FACE_OUTER_BOUND('',#769,.T.);
#483=PLANE('',#770);
#484=SURFACE_STYLE_USAGE(.BOTH.,#771);
#485=FACE_OUTER_BOUND('',#772,.T.);
#486=PLANE('',#773);
#487=SURFACE_STYLE_USAGE(.BOTH.,#774);
#488=FACE_OUTER_BOUND('',#775,.T.);
#489=PLANE('',#776);
#490=SURFACE_STYLE_USAGE(.BOTH.,#777);
#491=FACE_OUTER_BOUND('',#778,.T.);
#492=PLANE('',#779);
#493=SURFACE_STYLE_USAGE(.BOTH.,#780);
#494=FACE_OUTER_BOUND('',#781,.T.);
#495=PLANE('',#782);
#496=SURFACE_STYLE_USAGE(.BOTH.,#783);
#497=FACE_OUTER_BOUND('',#784,.T.);
#498=PLANE('',#785);
#499=SURFACE_STYLE_USAGE(.BOTH.,#786);
#500=FACE_OUTER_BOUND('',#787,.T.);
#501=PLANE('',#788);
#502=SURFACE_STYLE_USAGE(.BOTH.,#789);
#503=FACE_OUTER_BOUND('',#790,.T.);
#504=PLANE('',#791);
#505=SURFACE_STYLE_USAGE(.BOTH.,#792);
#506=FACE_OUTER_BOUND('',#793,.T.);
#507=PLANE('',#794);
#508=SURFACE_STYLE_USAGE(.BOTH.,#795);
#509=FACE_OUTER_BOUND('',#796,.T.);
#510=PLANE('',#797);
#511=SURFACE_STYLE_USAGE(.BOTH.,#798);
#512=FACE_OUTER_BOUND('',#799,.T.);
#513=PLANE('',#800);
#514=SURFACE_STYLE_USAGE(.BOTH.,#801);
#515=FACE_OUTER_BOUND('',#802,.T.);
#516=PLANE('',#803);
#517=SURFACE_STYLE_USAGE(.BOTH.,#804);
#518=FACE_OUTER_BOUND('',#805,.T.);
#519=PLANE('',#806);
#520=SURFACE_STYLE_USAGE(.BOTH.,#807);
#521=FACE_OUTER_BOUND('',#808,.T.);
#522=PLANE('',#809);
#523=SURFACE_STYLE_USAGE(.BOTH.,#810);
#524=FACE_OUTER_BOUND('',#811,.T.);
#525=PLANE('',#812);
#526=SURFACE_STYLE_USAGE(.BOTH.,#813);
#527=FACE_OUTER_BOUND('',#814,.T.);
#528=PLANE('',#815);
#529=SURFACE_STYLE_USAGE(.BOTH.,#816);
#530=FACE_OUTER_BOUND('',#817,.T.);
#531=PLANE('',#818);
#532=SURFACE_STYLE_USAGE(.BOTH.,#819);
#533=FACE_BOUND('',#820,.T.);
#534=FACE_BOUND('',#821,.T.);
#535=FACE_BOUND('',#822,.T.);
#536=FACE_OUTER_BOUND('',#823,.T.);
#537=PLANE('',#824);
#538=SURFACE_STYLE_USAGE(.BOTH.,#825);
#539=FACE_OUTER_BOUND('',#826,.T.);
#540=PLANE('',#827);
#541=SURFACE_STYLE_USAGE(.BOTH.,#828);
#542=FACE_OUTER_BOUND('',#829,.T.);
#543=PLANE('',#830);
#544=SURFACE_STYLE_USAGE(.BOTH.,#831);
#545=FACE_OUTER_BOUND('',#832,.T.);
#546=PLANE('',#833);
#547=SURFACE_STYLE_USAGE(.BOTH.,#834);
#548=FACE_OUTER_BOUND('',#835,.T.);
#549=CYLINDRICAL_SURFACE('',#836,0.635);
#550=SURFACE_STYLE_USAGE(.BOTH.,#837);
#551=FACE_OUTER_BOUND('',#838,.T.);
#552=PLANE('',#839);
#553=SURFACE_STYLE_USAGE(.BOTH.,#840);
#554=FACE_OUTER_BOUND('',#841,.T.);
#555=CYLINDRICAL_SURFACE('',#842,0.635);
#556=SURFACE_STYLE_USAGE(.BOTH.,#843);
#557=FACE_OUTER_BOUND('',#844,.T.);
#558=PLANE('',#845);
#559=SURFACE_STYLE_USAGE(.BOTH.,#846);
#560=FACE_OUTER_BOUND('',#847,.T.);
#561=CYLINDRICAL_SURFACE('',#848,1.27);
#562=SURFACE_STYLE_USAGE(.BOTH.,#849);
#563=FACE_OUTER_BOUND('',#850,.T.);
#564=PLANE('',#851);
#565=SURFACE_STYLE_USAGE(.BOTH.,#852);
#566=FACE_OUTER_BOUND('',#853,.T.);
#567=CYLINDRICAL_SURFACE('',#854,0.635);
#568=SURFACE_STYLE_USAGE(.BOTH.,#855);
#569=FACE_OUTER_BOUND('',#856,.T.);
#570=PLANE('',#857);
#571=SURFACE_STYLE_USAGE(.BOTH.,#858);
#572=FACE_BOUND('',#859,.T.);
#573=FACE_BOUND('',#860,.T.);
#574=FACE_BOUND('',#861,.T.);
#575=FACE_BOUND('',#862,.T.);
#576=FACE_OUTER_BOUND('',#863,.T.);
#577=PLANE('',#864);
#578=SURFACE_STYLE_USAGE(.BOTH.,#865);
#579=FACE_OUTER_BOUND('',#866,.T.);
#580=PLANE('',#867);
#581=SURFACE_STYLE_USAGE(.BOTH.,#868);
#582=FACE_OUTER_BOUND('',#869,.T.);
#583=PLANE('',#870);
#584=SURFACE_STYLE_USAGE(.BOTH.,#871);
#585=FACE_OUTER_BOUND('',#872,.T.);
#586=PLANE('',#873);
#587=SURFACE_STYLE_USAGE(.BOTH.,#874);
#588=FACE_OUTER_BOUND('',#875,.T.);
#589=PLANE('',#876);
#590=SURFACE_STYLE_USAGE(.BOTH.,#877);
#591=FACE_OUTER_BOUND('',#878,.T.);
#592=PLANE('',#879);
#593=PRODUCT_CONTEXT('',#101,'mechanical');
#594=PRODUCT_DEFINITION_FORMATION_WITH_SPECIFIED_SOURCE(' ','NONE',#296,.NOT_KNOWN.);
#595=CLOSED_SHELL('',(#115,#117,#119,#121,#123,#125,#127,#129,#131,#133,#135,#137,#139,#141,#143,#145,#147,#149,#151,#153,#155,#157,#159,#161,#163,#165,#167,#169,#171,#173,#175,#177,#179,#181,#183,#185,#187,#189,#191,#193,#195,#197,#199,#201,#203,#205,#207,#209,#211,#213,#215,#217,#219,#221,#223,#225,#227,#229,#231,#233,#235,#237,#239,#241,#243,#245,#247,#249,#251,#253,#255,#257,#259,#261,#263,#265,#267,#269,#271,#273,#275,#277,#279,#281,#283,#285,#287,#289,#291,#293,#295));
#596=CARTESIAN_POINT('',(0.0,0.0,0.0));
#597=DIRECTION('',(0.0,0.0,1.0));
#598=DIRECTION('',(1.0,0.0,0.0));
#599= (NAMED_UNIT(#305)LENGTH_UNIT()SI_UNIT(.MILLI.,.METRE.));
#600=SURFACE_SIDE_STYLE('',(#881));
#601=EDGE_LOOP('',(#882,#883,#884,#885));
#602=AXIS2_PLACEMENT_3D('',#886,#887,#888);
#603=SURFACE_SIDE_STYLE('',(#889));
#604=EDGE_LOOP('',(#890,#891,#892,#893,#894,#895));
#605=AXIS2_PLACEMENT_3D('',#896,#897,#898);
#606=SURFACE_SIDE_STYLE('',(#899));
#607=EDGE_LOOP('',(#900,#901,#902,#903,#904));
#608=AXIS2_PLACEMENT_3D('',#905,#906,#907);
#609=SURFACE_SIDE_STYLE('',(#908));
#610=EDGE_LOOP('',(#909,#910,#911,#912,#913));
#611=AXIS2_PLACEMENT_3D('',#914,#915,#916);
#612=SURFACE_SIDE_STYLE('',(#917));
#613=EDGE_LOOP('',(#918,#919,#920,#921,#922,#923));
#614=AXIS2_PLACEMENT_3D('',#924,#925,#926);
#615=SURFACE_SIDE_STYLE('',(#927));
#616=EDGE_LOOP('',(#928,#929,#930,#931,#932,#933));
#617=AXIS2_PLACEMENT_3D('',#934,#935,#936);
#618=SURFACE_SIDE_STYLE('',(#937));
#619=EDGE_LOOP('',(#938,#939,#940,#941,#942,#943));
#620=AXIS2_PLACEMENT_3D('',#944,#945,#946);
#621=SURFACE_SIDE_STYLE('',(#947));
#622=EDGE_LOOP('',(#948,#949,#950,#951));
#623=AXIS2_PLACEMENT_3D('',#952,#953,#954);
#624=SURFACE_SIDE_STYLE('',(#955));
#625=EDGE_LOOP('',(#956,#957,#958,#959,#960,#961));
#626=AXIS2_PLACEMENT_3D('',#962,#963,#964);
#627=SURFACE_SIDE_STYLE('',(#965));
#628=EDGE_LOOP('',(#966,#967,#968,#969));
#629=AXIS2_PLACEMENT_3D('',#970,#971,#972);
#630=SURFACE_SIDE_STYLE('',(#973));
#631=EDGE_LOOP('',(#974,#975,#976,#977,#978,#979));
#632=AXIS2_PLACEMENT_3D('',#980,#981,#982);
#633=SURFACE_SIDE_STYLE('',(#983));
#634=EDGE_LOOP('',(#984,#985,#986,#987,#988));
#635=AXIS2_PLACEMENT_3D('',#989,#990,#991);
#636=SURFACE_SIDE_STYLE('',(#992));
#637=EDGE_LOOP('',(#993,#994,#995,#996,#997));
#638=AXIS2_PLACEMENT_3D('',#998,#999,#1000);
#639=SURFACE_SIDE_STYLE('',(#1001));
#640=EDGE_LOOP('',(#1002,#1003,#1004,#1005,#1006,#1007));
#641=AXIS2_PLACEMENT_3D('',#1008,#1009,#1010);
#642=SURFACE_SIDE_STYLE('',(#1011));
#643=EDGE_LOOP('',(#1012,#1013,#1014,#1015,#1016,#1017));
#644=AXIS2_PLACEMENT_3D('',#1018,#1019,#1020);
#645=SURFACE_SIDE_STYLE('',(#1021));
#646=EDGE_LOOP('',(#1022,#1023,#1024,#1025,#1026,#1027));
#647=AXIS2_PLACEMENT_3D('',#1028,#1029,#1030);
#648=SURFACE_SIDE_STYLE('',(#1031));
#649=EDGE_LOOP('',(#1032,#1033,#1034,#1035));
#650=AXIS2_PLACEMENT_3D('',#1036,#1037,#1038);
#651=SURFACE_SIDE_STYLE('',(#1039));
#652=EDGE_LOOP('',(#1040,#1041,#1042,#1043,#1044,#1045));
#653=AXIS2_PLACEMENT_3D('',#1046,#1047,#1048);
#654=SURFACE_SIDE_STYLE('',(#1049));
#655=EDGE_LOOP('',(#1050,#1051,#1052,#1053));
#656=AXIS2_PLACEMENT_3D('',#1054,#1055,#1056);
#657=SURFACE_SIDE_STYLE('',(#1057));
#658=EDGE_LOOP('',(#1058,#1059,#1060,#1061,#1062,#1063));
#659=AXIS2_PLACEMENT_3D('',#1064,#1065,#1066);
#660=SURFACE_SIDE_STYLE('',(#1067));
#661=EDGE_LOOP('',(#1068,#1069,#1070,#1071,#1072));
#662=AXIS2_PLACEMENT_3D('',#1073,#1074,#1075);
#663=SURFACE_SIDE_STYLE('',(#1076));
#664=EDGE_LOOP('',(#1077,#1078,#1079,#1080,#1081));
#665=AXIS2_PLACEMENT_3D('',#1082,#1083,#1084);
#666=SURFACE_SIDE_STYLE('',(#1085));
#667=EDGE_LOOP('',(#1086,#1087,#1088,#1089,#1090,#1091));
#668=AXIS2_PLACEMENT_3D('',#1092,#1093,#1094);
#669=SURFACE_SIDE_STYLE('',(#1095));
#670=EDGE_LOOP('',(#1096,#1097,#1098,#1099,#1100,#1101));
#671=AXIS2_PLACEMENT_3D('',#1102,#1103,#1104);
#672=SURFACE_SIDE_STYLE('',(#1105));
#673=EDGE_LOOP('',(#1106,#1107,#1108,#1109,#1110,#1111));
#674=AXIS2_PLACEMENT_3D('',#1112,#1113,#1114);
#675=SURFACE_SIDE_STYLE('',(#1115));
#676=EDGE_LOOP('',(#1116,#1117,#1118,#1119));
#677=AXIS2_PLACEMENT_3D('',#1120,#1121,#1122);
#678=SURFACE_SIDE_STYLE('',(#1123));
#679=EDGE_LOOP('',(#1124,#1125,#1126,#1127,#1128,#1129));
#680=AXIS2_PLACEMENT_3D('',#1130,#1131,#1132);
#681=SURFACE_SIDE_STYLE('',(#1133));
#682=EDGE_LOOP('',(#1134,#1135,#1136,#1137));
#683=AXIS2_PLACEMENT_3D('',#1138,#1139,#1140);
#684=SURFACE_SIDE_STYLE('',(#1141));
#685=EDGE_LOOP('',(#1142,#1143,#1144,#1145,#1146,#1147));
#686=AXIS2_PLACEMENT_3D('',#1148,#1149,#1150);
#687=SURFACE_SIDE_STYLE('',(#1151));
#688=EDGE_LOOP('',(#1152,#1153,#1154,#1155,#1156));
#689=AXIS2_PLACEMENT_3D('',#1157,#1158,#1159);
#690=SURFACE_SIDE_STYLE('',(#1160));
#691=EDGE_LOOP('',(#1161,#1162,#1163,#1164,#1165));
#692=AXIS2_PLACEMENT_3D('',#1166,#1167,#1168);
#693=SURFACE_SIDE_STYLE('',(#1169));
#694=EDGE_LOOP('',(#1170,#1171,#1172,#1173,#1174,#1175));
#695=AXIS2_PLACEMENT_3D('',#1176,#1177,#1178);
#696=SURFACE_SIDE_STYLE('',(#1179));
#697=EDGE_LOOP('',(#1180,#1181,#1182,#1183,#1184,#1185));
#698=AXIS2_PLACEMENT_3D('',#1186,#1187,#1188);
#699=SURFACE_SIDE_STYLE('',(#1189));
#700=EDGE_LOOP('',(#1190,#1191,#1192,#1193,#1194,#1195));
#701=AXIS2_PLACEMENT_3D('',#1196,#1197,#1198);
#702=SURFACE_SIDE_STYLE('',(#1199));
#703=EDGE_LOOP('',(#1200,#1201,#1202,#1203));
#704=AXIS2_PLACEMENT_3D('',#1204,#1205,#1206);
#705=SURFACE_SIDE_STYLE('',(#1207));
#706=EDGE_LOOP('',(#1208,#1209,#1210,#1211,#1212,#1213));
#707=AXIS2_PLACEMENT_3D('',#1214,#1215,#1216);
#708=SURFACE_SIDE_STYLE('',(#1217));
#709=EDGE_LOOP('',(#1218,#1219,#1220,#1221));
#710=AXIS2_PLACEMENT_3D('',#1222,#1223,#1224);
#711=SURFACE_SIDE_STYLE('',(#1225));
#712=EDGE_LOOP('',(#1226,#1227,#1228,#1229));
#713=AXIS2_PLACEMENT_3D('',#1230,#1231,#1232);
#714=SURFACE_SIDE_STYLE('',(#1233));
#715=EDGE_LOOP('',(#1234,#1235,#1236,#1237));
#716=AXIS2_PLACEMENT_3D('',#1238,#1239,#1240);
#717=SURFACE_SIDE_STYLE('',(#1241));
#718=EDGE_LOOP('',(#1242,#1243,#1244,#1245));
#719=AXIS2_PLACEMENT_3D('',#1246,#1247,#1248);
#720=SURFACE_SIDE_STYLE('',(#1249));
#721=EDGE_LOOP('',(#1250,#1251,#1252,#1253));
#722=AXIS2_PLACEMENT_3D('',#1254,#1255,#1256);
#723=SURFACE_SIDE_STYLE('',(#1257));
#724=EDGE_LOOP('',(#1258,#1259,#1260,#1261));
#725=AXIS2_PLACEMENT_3D('',#1262,#1263,#1264);
#726=SURFACE_SIDE_STYLE('',(#1265));
#727=EDGE_LOOP('',(#1266,#1267,#1268,#1269));
#728=AXIS2_PLACEMENT_3D('',#1270,#1271,#1272);
#729=SURFACE_SIDE_STYLE('',(#1273));
#730=EDGE_LOOP('',(#1274,#1275,#1276,#1277));
#731=AXIS2_PLACEMENT_3D('',#1278,#1279,#1280);
#732=SURFACE_SIDE_STYLE('',(#1281));
#733=EDGE_LOOP('',(#1282,#1283,#1284,#1285));
#734=AXIS2_PLACEMENT_3D('',#1286,#1287,#1288);
#735=SURFACE_SIDE_STYLE('',(#1289));
#736=EDGE_LOOP('',(#1290,#1291,#1292,#1293));
#737=AXIS2_PLACEMENT_3D('',#1294,#1295,#1296);
#738=SURFACE_SIDE_STYLE('',(#1297));
#739=EDGE_LOOP('',(#1298,#1299,#1300,#1301));
#740=AXIS2_PLACEMENT_3D('',#1302,#1303,#1304);
#741=SURFACE_SIDE_STYLE('',(#1305));
#742=EDGE_LOOP('',(#1306,#1307,#1308,#1309));
#743=AXIS2_PLACEMENT_3D('',#1310,#1311,#1312);
#744=SURFACE_SIDE_STYLE('',(#1313));
#745=EDGE_LOOP('',(#1314,#1315,#1316,#1317));
#746=AXIS2_PLACEMENT_3D('',#1318,#1319,#1320);
#747=SURFACE_SIDE_STYLE('',(#1321));
#748=EDGE_LOOP('',(#1322,#1323,#1324,#1325,#1326,#1327,#1328,#1329,#1330,#1331,#1332,#1333,#1334));
#749=AXIS2_PLACEMENT_3D('',#1335,#1336,#1337);
#750=SURFACE_SIDE_STYLE('',(#1338));
#751=EDGE_LOOP('',(#1339,#1340,#1341,#1342));
#752=AXIS2_PLACEMENT_3D('',#1343,#1344,#1345);
#753=SURFACE_SIDE_STYLE('',(#1346));
#754=EDGE_LOOP('',(#1347,#1348,#1349,#1350,#1351,#1352,#1353,#1354,#1355,#1356,#1357,#1358,#1359,#1360,#1361));
#755=AXIS2_PLACEMENT_3D('',#1362,#1363,#1364);
#756=SURFACE_SIDE_STYLE('',(#1365));
#757=EDGE_LOOP('',(#1366,#1367,#1368,#1369,#1370,#1371,#1372,#1373,#1374,#1375));
#758=AXIS2_PLACEMENT_3D('',#1376,#1377,#1378);
#759=SURFACE_SIDE_STYLE('',(#1379));
#760=EDGE_LOOP('',(#1380,#1381,#1382,#1383));
#761=AXIS2_PLACEMENT_3D('',#1384,#1385,#1386);
#762=SURFACE_SIDE_STYLE('',(#1387));
#763=EDGE_LOOP('',(#1388,#1389,#1390,#1391));
#764=AXIS2_PLACEMENT_3D('',#1392,#1393,#1394);
#765=SURFACE_SIDE_STYLE('',(#1395));
#766=EDGE_LOOP('',(#1396,#1397,#1398,#1399));
#767=AXIS2_PLACEMENT_3D('',#1400,#1401,#1402);
#768=SURFACE_SIDE_STYLE('',(#1403));
#769=EDGE_LOOP('',(#1404,#1405,#1406,#1407));
#770=AXIS2_PLACEMENT_3D('',#1408,#1409,#1410);
#771=SURFACE_SIDE_STYLE('',(#1411));
#772=EDGE_LOOP('',(#1412,#1413,#1414,#1415));
#773=AXIS2_PLACEMENT_3D('',#1416,#1417,#1418);
#774=SURFACE_SIDE_STYLE('',(#1419));
#775=EDGE_LOOP('',(#1420,#1421,#1422,#1423));
#776=AXIS2_PLACEMENT_3D('',#1424,#1425,#1426);
#777=SURFACE_SIDE_STYLE('',(#1427));
#778=EDGE_LOOP('',(#1428,#1429,#1430,#1431,#1432,#1433,#1434,#1435,#1436,#1437,#1438,#1439,#1440,#1441,#1442));
#779=AXIS2_PLACEMENT_3D('',#1443,#1444,#1445);
#780=SURFACE_SIDE_STYLE('',(#1446));
#781=EDGE_LOOP('',(#1447,#1448,#1449,#1450));
#782=AXIS2_PLACEMENT_3D('',#1451,#1452,#1453);
#783=SURFACE_SIDE_STYLE('',(#1454));
#784=EDGE_LOOP('',(#1455,#1456,#1457,#1458,#1459,#1460,#1461,#1462,#1463,#1464));
#785=AXIS2_PLACEMENT_3D('',#1465,#1466,#1467);
#786=SURFACE_SIDE_STYLE('',(#1468));
#787=EDGE_LOOP('',(#1469,#1470,#1471,#1472));
#788=AXIS2_PLACEMENT_3D('',#1473,#1474,#1475);
#789=SURFACE_SIDE_STYLE('',(#1476));
#790=EDGE_LOOP('',(#1477,#1478,#1479,#1480));
#791=AXIS2_PLACEMENT_3D('',#1481,#1482,#1483);
#792=SURFACE_SIDE_STYLE('',(#1484));
#793=EDGE_LOOP('',(#1485,#1486,#1487,#1488));
#794=AXIS2_PLACEMENT_3D('',#1489,#1490,#1491);
#795=SURFACE_SIDE_STYLE('',(#1492));
#796=EDGE_LOOP('',(#1493,#1494,#1495,#1496));
#797=AXIS2_PLACEMENT_3D('',#1497,#1498,#1499);
#798=SURFACE_SIDE_STYLE('',(#1500));
#799=EDGE_LOOP('',(#1501,#1502,#1503,#1504));
#800=AXIS2_PLACEMENT_3D('',#1505,#1506,#1507);
#801=SURFACE_SIDE_STYLE('',(#1508));
#802=EDGE_LOOP('',(#1509,#1510,#1511,#1512));
#803=AXIS2_PLACEMENT_3D('',#1513,#1514,#1515);
#804=SURFACE_SIDE_STYLE('',(#1516));
#805=EDGE_LOOP('',(#1517,#1518,#1519,#1520,#1521,#1522,#1523,#1524,#1525,#1526,#1527,#1528));
#806=AXIS2_PLACEMENT_3D('',#1529,#1530,#1531);
#807=SURFACE_SIDE_STYLE('',(#1532));
#808=EDGE_LOOP('',(#1533,#1534,#1535,#1536));
#809=AXIS2_PLACEMENT_3D('',#1537,#1538,#1539);
#810=SURFACE_SIDE_STYLE('',(#1540));
#811=EDGE_LOOP('',(#1541,#1542,#1543,#1544));
#812=AXIS2_PLACEMENT_3D('',#1545,#1546,#1547);
#813=SURFACE_SIDE_STYLE('',(#1548));
#814=EDGE_LOOP('',(#1549,#1550,#1551,#1552));
#815=AXIS2_PLACEMENT_3D('',#1553,#1554,#1555);
#816=SURFACE_SIDE_STYLE('',(#1556));
#817=EDGE_LOOP('',(#1557,#1558,#1559,#1560));
#818=AXIS2_PLACEMENT_3D('',#1561,#1562,#1563);
#819=SURFACE_SIDE_STYLE('',(#1564));
#820=EDGE_LOOP('',(#1565,#1566,#1567,#1568));
#821=EDGE_LOOP('',(#1569,#1570,#1571,#1572));
#822=EDGE_LOOP('',(#1573,#1574,#1575,#1576));
#823=EDGE_LOOP('',(#1577,#1578,#1579,#1580,#1581,#1582,#1583,#1584,#1585,#1586,#1587,#1588,#1589,#1590));
#824=AXIS2_PLACEMENT_3D('',#1591,#1592,#1593);
#825=SURFACE_SIDE_STYLE('',(#1594));
#826=EDGE_LOOP('',(#1595,#1596,#1597,#1598));
#827=AXIS2_PLACEMENT_3D('',#1599,#1600,#1601);
#828=SURFACE_SIDE_STYLE('',(#1602));
#829=EDGE_LOOP('',(#1603,#1604,#1605,#1606));
#830=AXIS2_PLACEMENT_3D('',#1607,#1608,#1609);
#831=SURFACE_SIDE_STYLE('',(#1610));
#832=EDGE_LOOP('',(#1611,#1612,#1613,#1614));
#833=AXIS2_PLACEMENT_3D('',#1615,#1616,#1617);
#834=SURFACE_SIDE_STYLE('',(#1618));
#835=EDGE_LOOP('',(#1619,#1620,#1621,#1622));
#836=AXIS2_PLACEMENT_3D('',#1623,#1624,#1625);
#837=SURFACE_SIDE_STYLE('',(#1626));
#838=EDGE_LOOP('',(#1627,#1628,#1629,#1630));
#839=AXIS2_PLACEMENT_3D('',#1631,#1632,#1633);
#840=SURFACE_SIDE_STYLE('',(#1634));
#841=EDGE_LOOP('',(#1635,#1636,#1637,#1638));
#842=AXIS2_PLACEMENT_3D('',#1639,#1640,#1641);
#843=SURFACE_SIDE_STYLE('',(#1642));
#844=EDGE_LOOP('',(#1643,#1644,#1645,#1646));
#845=AXIS2_PLACEMENT_3D('',#1647,#1648,#1649);
#846=SURFACE_SIDE_STYLE('',(#1650));
#847=EDGE_LOOP('',(#1651,#1652,#1653,#1654));
#848=AXIS2_PLACEMENT_3D('',#1655,#1656,#1657);
#849=SURFACE_SIDE_STYLE('',(#1658));
#850=EDGE_LOOP('',(#1659,#1660,#1661,#1662));
#851=AXIS2_PLACEMENT_3D('',#1663,#1664,#1665);
#852=SURFACE_SIDE_STYLE('',(#1666));
#853=EDGE_LOOP('',(#1667,#1668,#1669,#1670));
#854=AXIS2_PLACEMENT_3D('',#1671,#1672,#1673);
#855=SURFACE_SIDE_STYLE('',(#1674));
#856=EDGE_LOOP('',(#1675,#1676,#1677,#1678));
#857=AXIS2_PLACEMENT_3D('',#1679,#1680,#1681);
#858=SURFACE_SIDE_STYLE('',(#1682));
#859=EDGE_LOOP('',(#1683,#1684,#1685,#1686));
#860=EDGE_LOOP('',(#1687,#1688,#1689,#1690));
#861=EDGE_LOOP('',(#1691,#1692,#1693,#1694,#1695,#1696,#1697,#1698,#1699,#1700,#1701,#1702,#1703));
#862=EDGE_LOOP('',(#1704,#1705,#1706,#1707));
#863=EDGE_LOOP('',(#1708,#1709,#1710,#1711,#1712,#1713));
#864=AXIS2_PLACEMENT_3D('',#1714,#1715,#1716);
#865=SURFACE_SIDE_STYLE('',(#1717));
#866=EDGE_LOOP('',(#1718,#1719,#1720,#1721));
#867=AXIS2_PLACEMENT_3D('',#1722,#1723,#1724);
#868=SURFACE_SIDE_STYLE('',(#1725));
#869=EDGE_LOOP('',(#1726,#1727,#1728,#1729));
#870=AXIS2_PLACEMENT_3D('',#1730,#1731,#1732);
#871=SURFACE_SIDE_STYLE('',(#1733));
#872=EDGE_LOOP('',(#1734,#1735,#1736,#1737));
#873=AXIS2_PLACEMENT_3D('',#1738,#1739,#1740);
#874=SURFACE_SIDE_STYLE('',(#1741));
#875=EDGE_LOOP('',(#1742,#1743,#1744,#1745));
#876=AXIS2_PLACEMENT_3D('',#1746,#1747,#1748);
#877=SURFACE_SIDE_STYLE('',(#1749));
#878=EDGE_LOOP('',(#1750,#1751,#1752,#1753));
#879=AXIS2_PLACEMENT_3D('',#1754,#1755,#1756);
#881=SURFACE_STYLE_FILL_AREA(#1757);
#882=ORIENTED_EDGE('',*,*,#1758,.F.);
#883=ORIENTED_EDGE('',*,*,#1759,.F.);
#884=ORIENTED_EDGE('',*,*,#1760,.T.);
#885=ORIENTED_EDGE('',*,*,#1761,.F.);
#886=CARTESIAN_POINT('',(-4.5212,-4.1914,0.0));
#887=DIRECTION('',(1.0,-1.22464679914735E-16,0.0));
#888=DIRECTION('',(0.0,0.0,1.0));
#889=SURFACE_STYLE_FILL_AREA(#1762);
#890=ORIENTED_EDGE('',*,*,#1763,.F.);
#891=ORIENTED_EDGE('',*,*,#1764,.T.);
#892=ORIENTED_EDGE('',*,*,#1765,.T.);
#893=ORIENTED_EDGE('',*,*,#1766,.T.);
#894=ORIENTED_EDGE('',*,*,#1767,.T.);
#895=ORIENTED_EDGE('',*,*,#1759,.T.);
#896=CARTESIAN_POINT('',(-3.9624,-4.1914,-0.5588));
#897=DIRECTION('',(0.0,0.0,1.0));
#898=DIRECTION('',(-1.0,1.22464679914735E-16,0.0));
#899=SURFACE_STYLE_FILL_AREA(#1768);
#900=ORIENTED_EDGE('',*,*,#1769,.F.);
#901=ORIENTED_EDGE('',*,*,#1770,.F.);
#902=ORIENTED_EDGE('',*,*,#1771,.F.);
#903=ORIENTED_EDGE('',*,*,#1772,.F.);
#904=ORIENTED_EDGE('',*,*,#1773,.F.);
#905=CARTESIAN_POINT('',(-2.8448,-4.6278681230945,-0.808087080525457));
#906=DIRECTION('',(-1.0,1.22464679914735E-16,6.12323399573676E-17));
#907=DIRECTION('',(-6.12323399573676E-17,7.49879891330929E-33,-1.0));
#908=SURFACE_STYLE_FILL_AREA(#1774);
#909=ORIENTED_EDGE('',*,*,#1775,.F.);
#910=ORIENTED_EDGE('',*,*,#1776,.F.);
#911=ORIENTED_EDGE('',*,*,#1777,.F.);
#912=ORIENTED_EDGE('',*,*,#1778,.F.);
#913=ORIENTED_EDGE('',*,*,#1766,.F.);
#914=CARTESIAN_POINT('',(-2.8448,-4.6278681230945,0.808087080525457));
#915=DIRECTION('',(-1.0,1.22464679914735E-16,6.12323399573676E-17));
#916=DIRECTION('',(-6.12323399573676E-17,7.49879891330929E-33,-1.0));
#917=SURFACE_STYLE_FILL_AREA(#1779);
#918=ORIENTED_EDGE('',*,*,#1777,.T.);
#919=ORIENTED_EDGE('',*,*,#1776,.T.);
#920=ORIENTED_EDGE('',*,*,#1780,.T.);
#921=ORIENTED_EDGE('',*,*,#1773,.T.);
#922=ORIENTED_EDGE('',*,*,#1772,.T.);
#923=ORIENTED_EDGE('',*,*,#1781,.F.);
#924=CARTESIAN_POINT('',(-3.96240000000002,-5.334,-1.1176));
#925=DIRECTION('',(0.0,0.0,1.0));
#926=DIRECTION('',(-1.0,1.22464679914735E-16,0.0));
#927=SURFACE_STYLE_FILL_AREA(#1782);
#928=ORIENTED_EDGE('',*,*,#1778,.T.);
#929=ORIENTED_EDGE('',*,*,#1781,.T.);
#930=ORIENTED_EDGE('',*,*,#1771,.T.);
#931=ORIENTED_EDGE('',*,*,#1783,.F.);
#932=ORIENTED_EDGE('',*,*,#1760,.F.);
#933=ORIENTED_EDGE('',*,*,#1767,.F.);
#934=CARTESIAN_POINT('',(-3.02613302039516,-4.54372350670147,-1.1176));
#935=DIRECTION('',(0.0,0.0,1.0));
#936=DIRECTION('',(-1.0,1.22464679914735E-16,0.0));
#937=SURFACE_STYLE_FILL_AREA(#1784);
#938=ORIENTED_EDGE('',*,*,#1775,.T.);
#939=ORIENTED_EDGE('',*,*,#1765,.F.);
#940=ORIENTED_EDGE('',*,*,#1785,.F.);
#941=ORIENTED_EDGE('',*,*,#1786,.F.);
#942=ORIENTED_EDGE('',*,*,#1769,.T.);
#943=ORIENTED_EDGE('',*,*,#1780,.F.);
#944=CARTESIAN_POINT('',(-4.89866697960484,-4.54372350670147,-1.1176));
#945=DIRECTION('',(0.0,0.0,1.0));
#946=DIRECTION('',(-1.0,1.22464679914735E-16,0.0));
#947=SURFACE_STYLE_FILL_AREA(#1787);
#948=ORIENTED_EDGE('',*,*,#1788,.F.);
#949=ORIENTED_EDGE('',*,*,#1789,.F.);
#950=ORIENTED_EDGE('',*,*,#1785,.T.);
#951=ORIENTED_EDGE('',*,*,#1764,.F.);
#952=CARTESIAN_POINT('',(-3.4036,-4.1914,0.0));
#953=DIRECTION('',(-1.0,1.22464679914735E-16,0.0));
#954=DIRECTION('',(0.0,0.0,-1.0));
#955=SURFACE_STYLE_FILL_AREA(#1790);
#956=ORIENTED_EDGE('',*,*,#1791,.F.);
#957=ORIENTED_EDGE('',*,*,#1761,.T.);
#958=ORIENTED_EDGE('',*,*,#1783,.T.);
#959=ORIENTED_EDGE('',*,*,#1770,.T.);
#960=ORIENTED_EDGE('',*,*,#1786,.T.);
#961=ORIENTED_EDGE('',*,*,#1789,.T.);
#962=CARTESIAN_POINT('',(-3.9624,-4.1914,0.5588));
#963=DIRECTION('',(0.0,0.0,1.0));
#964=DIRECTION('',(-1.0,1.22464679914735E-16,0.0));
#965=SURFACE_STYLE_FILL_AREA(#1792);
#966=ORIENTED_EDGE('',*,*,#1793,.F.);
#967=ORIENTED_EDGE('',*,*,#1794,.F.);
#968=ORIENTED_EDGE('',*,*,#1795,.T.);
#969=ORIENTED_EDGE('',*,*,#1796,.F.);
#970=CARTESIAN_POINT('',(-0.5588,-4.1914,0.0));
#971=DIRECTION('',(1.0,-1.22464679914735E-16,0.0));
#972=DIRECTION('',(0.0,0.0,1.0));
#973=SURFACE_STYLE_FILL_AREA(#1797);
#974=ORIENTED_EDGE('',*,*,#1798,.F.);
#975=ORIENTED_EDGE('',*,*,#1799,.T.);
#976=ORIENTED_EDGE('',*,*,#1800,.T.);
#977=ORIENTED_EDGE('',*,*,#1801,.T.);
#978=ORIENTED_EDGE('',*,*,#1802,.T.);
#979=ORIENTED_EDGE('',*,*,#1794,.T.);
#980=CARTESIAN_POINT('',(0.0,-4.1914,-0.5588));
#981=DIRECTION('',(0.0,0.0,1.0));
#982=DIRECTION('',(-1.0,1.22464679914735E-16,0.0));
#983=SURFACE_STYLE_FILL_AREA(#1803);
#984=ORIENTED_EDGE('',*,*,#1804,.F.);
#985=ORIENTED_EDGE('',*,*,#1805,.F.);
#986=ORIENTED_EDGE('',*,*,#1806,.F.);
#987=ORIENTED_EDGE('',*,*,#1807,.F.);
#988=ORIENTED_EDGE('',*,*,#1808,.F.);
#989=CARTESIAN_POINT('',(1.1176,-4.6278681230945,-0.808087080525457));
#990=DIRECTION('',(-1.0,1.22464679914735E-16,6.12323399573676E-17));
#991=DIRECTION('',(-6.12323399573676E-17,7.49879891330929E-33,-1.0));
#992=SURFACE_STYLE_FILL_AREA(#1809);
#993=ORIENTED_EDGE('',*,*,#1810,.F.);
#994=ORIENTED_EDGE('',*,*,#1811,.F.);
#995=ORIENTED_EDGE('',*,*,#1812,.F.);
#996=ORIENTED_EDGE('',*,*,#1813,.F.);
#997=ORIENTED_EDGE('',*,*,#1801,.F.);
#998=CARTESIAN_POINT('',(1.1176,-4.6278681230945,0.808087080525457));
#999=DIRECTION('',(-1.0,1.22464679914735E-16,6.12323399573676E-17));
#1000=DIRECTION('',(-6.12323399573676E-17,7.49879891330929E-33,-1.0));
#1001=SURFACE_STYLE_FILL_AREA(#1814);
#1002=ORIENTED_EDGE('',*,*,#1812,.T.);
#1003=ORIENTED_EDGE('',*,*,#1811,.T.);
#1004=ORIENTED_EDGE('',*,*,#1815,.T.);
#1005=ORIENTED_EDGE('',*,*,#1808,.T.);
#1006=ORIENTED_EDGE('',*,*,#1807,.T.);
#1007=ORIENTED_EDGE('',*,*,#1816,.F.);
#1008=CARTESIAN_POINT('',(-1.86517468137026E-14,-5.334,-1.1176));
#1009=DIRECTION('',(0.0,0.0,1.0));
#1010=DIRECTION('',(-1.0,1.22464679914735E-16,0.0));
#1011=SURFACE_STYLE_FILL_AREA(#1817);
#1012=ORIENTED_EDGE('',*,*,#1813,.T.);
#1013=ORIENTED_EDGE('',*,*,#1816,.T.);
#1014=ORIENTED_EDGE('',*,*,#1806,.T.);
#1015=ORIENTED_EDGE('',*,*,#1818,.F.);
#1016=ORIENTED_EDGE('',*,*,#1795,.F.);
#1017=ORIENTED_EDGE('',*,*,#1802,.F.);
#1018=CARTESIAN_POINT('',(0.936266979604838,-4.54372350670147,-1.1176));
#1019=DIRECTION('',(0.0,0.0,1.0));
#1020=DIRECTION('',(-1.0,1.22464679914735E-16,0.0));
#1021=SURFACE_STYLE_FILL_AREA(#1819);
#1022=ORIENTED_EDGE('',*,*,#1810,.T.);
#1023=ORIENTED_EDGE('',*,*,#1800,.F.);
#1024=ORIENTED_EDGE('',*,*,#1820,.F.);
#1025=ORIENTED_EDGE('',*,*,#1821,.F.);
#1026=ORIENTED_EDGE('',*,*,#1804,.T.);
#1027=ORIENTED_EDGE('',*,*,#1815,.F.);
#1028=CARTESIAN_POINT('',(-0.936266979604841,-4.54372350670147,-1.1176));
#1029=DIRECTION('',(0.0,0.0,1.0));
#1030=DIRECTION('',(-1.0,1.22464679914735E-16,0.0));
#1031=SURFACE_STYLE_FILL_AREA(#1822);
#1032=ORIENTED_EDGE('',*,*,#1823,.F.);
#1033=ORIENTED_EDGE('',*,*,#1824,.F.);
#1034=ORIENTED_EDGE('',*,*,#1820,.T.);
#1035=ORIENTED_EDGE('',*,*,#1799,.F.);
#1036=CARTESIAN_POINT('',(0.5588,-4.1914,0.0));
#1037=DIRECTION('',(-1.0,1.22464679914735E-16,0.0));
#1038=DIRECTION('',(0.0,0.0,-1.0));
#1039=SURFACE_STYLE_FILL_AREA(#1825);
#1040=ORIENTED_EDGE('',*,*,#1826,.F.);
#1041=ORIENTED_EDGE('',*,*,#1796,.T.);
#1042=ORIENTED_EDGE('',*,*,#1818,.T.);
#1043=ORIENTED_EDGE('',*,*,#1805,.T.);
#1044=ORIENTED_EDGE('',*,*,#1821,.T.);
#1045=ORIENTED_EDGE('',*,*,#1824,.T.);
#1046=CARTESIAN_POINT('',(0.0,-4.1914,0.5588));
#1047=DIRECTION('',(0.0,0.0,1.0));
#1048=DIRECTION('',(-1.0,1.22464679914735E-16,0.0));
#1049=SURFACE_STYLE_FILL_AREA(#1827);
#1050=ORIENTED_EDGE('',*,*,#1828,.F.);
#1051=ORIENTED_EDGE('',*,*,#1829,.F.);
#1052=ORIENTED_EDGE('',*,*,#1830,.T.);
#1053=ORIENTED_EDGE('',*,*,#1831,.F.);
#1054=CARTESIAN_POINT('',(-3.4036,5.6646,0.0));
#1055=DIRECTION('',(-1.0,0.0,0.0));
#1056=DIRECTION('',(0.0,0.0,1.0));
#1057=SURFACE_STYLE_FILL_AREA(#1832);
#1058=ORIENTED_EDGE('',*,*,#1833,.F.);
#1059=ORIENTED_EDGE('',*,*,#1834,.T.);
#1060=ORIENTED_EDGE('',*,*,#1835,.T.);
#1061=ORIENTED_EDGE('',*,*,#1836,.T.);
#1062=ORIENTED_EDGE('',*,*,#1837,.T.);
#1063=ORIENTED_EDGE('',*,*,#1829,.T.);
#1064=CARTESIAN_POINT('',(-3.9624,5.6646,-0.5588));
#1065=DIRECTION('',(0.0,0.0,1.0));
#1066=DIRECTION('',(1.0,0.0,0.0));
#1067=SURFACE_STYLE_FILL_AREA(#1838);
#1068=ORIENTED_EDGE('',*,*,#1839,.F.);
#1069=ORIENTED_EDGE('',*,*,#1840,.F.);
#1070=ORIENTED_EDGE('',*,*,#1841,.F.);
#1071=ORIENTED_EDGE('',*,*,#1842,.F.);
#1072=ORIENTED_EDGE('',*,*,#1843,.F.);
#1073=CARTESIAN_POINT('',(-5.08,10.3682681230945,-0.808087080525457));
#1074=DIRECTION('',(1.0,0.0,6.12323399573676E-17));
#1075=DIRECTION('',(6.12323399573676E-17,0.0,-1.0));
#1076=SURFACE_STYLE_FILL_AREA(#1844);
#1077=ORIENTED_EDGE('',*,*,#1845,.F.);
#1078=ORIENTED_EDGE('',*,*,#1846,.F.);
#1079=ORIENTED_EDGE('',*,*,#1847,.F.);
#1080=ORIENTED_EDGE('',*,*,#1848,.F.);
#1081=ORIENTED_EDGE('',*,*,#1836,.F.);
#1082=CARTESIAN_POINT('',(-5.08,10.3682681230945,0.808087080525457));
#1083=DIRECTION('',(1.0,0.0,6.12323399573676E-17));
#1084=DIRECTION('',(6.12323399573676E-17,0.0,-1.0));
#1085=SURFACE_STYLE_FILL_AREA(#1849);
#1086=ORIENTED_EDGE('',*,*,#1847,.T.);
#1087=ORIENTED_EDGE('',*,*,#1846,.T.);
#1088=ORIENTED_EDGE('',*,*,#1850,.T.);
#1089=ORIENTED_EDGE('',*,*,#1843,.T.);
#1090=ORIENTED_EDGE('',*,*,#1842,.T.);
#1091=ORIENTED_EDGE('',*,*,#1851,.F.);
#1092=CARTESIAN_POINT('',(-3.96239999999998,11.0744,-1.1176));
#1093=DIRECTION('',(0.0,0.0,1.0));
#1094=DIRECTION('',(1.0,0.0,0.0));
#1095=SURFACE_STYLE_FILL_AREA(#1852);
#1096=ORIENTED_EDGE('',*,*,#1848,.T.);
#1097=ORIENTED_EDGE('',*,*,#1851,.T.);
#1098=ORIENTED_EDGE('',*,*,#1841,.T.);
#1099=ORIENTED_EDGE('',*,*,#1853,.F.);
#1100=ORIENTED_EDGE('',*,*,#1830,.F.);
#1101=ORIENTED_EDGE('',*,*,#1837,.F.);
#1102=CARTESIAN_POINT('',(-4.89866697960484,10.2841235067015,-1.1176));
#1103=DIRECTION('',(0.0,0.0,1.0));
#1104=DIRECTION('',(1.0,0.0,0.0));
#1105=SURFACE_STYLE_FILL_AREA(#1854);
#1106=ORIENTED_EDGE('',*,*,#1845,.T.);
#1107=ORIENTED_EDGE('',*,*,#1835,.F.);
#1108=ORIENTED_EDGE('',*,*,#1855,.F.);
#1109=ORIENTED_EDGE('',*,*,#1856,.F.);
#1110=ORIENTED_EDGE('',*,*,#1839,.T.);
#1111=ORIENTED_EDGE('',*,*,#1850,.F.);
#1112=CARTESIAN_POINT('',(-3.02613302039516,10.2841235067015,-1.1176));
#1113=DIRECTION('',(0.0,0.0,1.0));
#1114=DIRECTION('',(1.0,0.0,0.0));
#1115=SURFACE_STYLE_FILL_AREA(#1857);
#1116=ORIENTED_EDGE('',*,*,#1858,.F.);
#1117=ORIENTED_EDGE('',*,*,#1859,.F.);
#1118=ORIENTED_EDGE('',*,*,#1855,.T.);
#1119=ORIENTED_EDGE('',*,*,#1834,.F.);
#1120=CARTESIAN_POINT('',(-4.5212,5.6646,0.0));
#1121=DIRECTION('',(1.0,0.0,0.0));
#1122=DIRECTION('',(0.0,0.0,-1.0));
#1123=SURFACE_STYLE_FILL_AREA(#1860);
#1124=ORIENTED_EDGE('',*,*,#1861,.F.);
#1125=ORIENTED_EDGE('',*,*,#1831,.T.);
#1126=ORIENTED_EDGE('',*,*,#1853,.T.);
#1127=ORIENTED_EDGE('',*,*,#1840,.T.);
#1128=ORIENTED_EDGE('',*,*,#1856,.T.);
#1129=ORIENTED_EDGE('',*,*,#1859,.T.);
#1130=CARTESIAN_POINT('',(-3.9624,5.6646,0.5588));
#1131=DIRECTION('',(0.0,0.0,1.0));
#1132=DIRECTION('',(1.0,0.0,0.0));
#1133=SURFACE_STYLE_FILL_AREA(#1862);
#1134=ORIENTED_EDGE('',*,*,#1863,.F.);
#1135=ORIENTED_EDGE('',*,*,#1864,.F.);
#1136=ORIENTED_EDGE('',*,*,#1865,.T.);
#1137=ORIENTED_EDGE('',*,*,#1866,.F.);
#1138=CARTESIAN_POINT('',(0.5588,5.6646,0.0));
#1139=DIRECTION('',(-1.0,0.0,0.0));
#1140=DIRECTION('',(0.0,0.0,1.0));
#1141=SURFACE_STYLE_FILL_AREA(#1867);
#1142=ORIENTED_EDGE('',*,*,#1868,.F.);
#1143=ORIENTED_EDGE('',*,*,#1869,.T.);
#1144=ORIENTED_EDGE('',*,*,#1870,.T.);
#1145=ORIENTED_EDGE('',*,*,#1871,.T.);
#1146=ORIENTED_EDGE('',*,*,#1872,.T.);
#1147=ORIENTED_EDGE('',*,*,#1864,.T.);
#1148=CARTESIAN_POINT('',(0.0,5.6646,-0.5588));
#1149=DIRECTION('',(0.0,0.0,1.0));
#1150=DIRECTION('',(1.0,0.0,0.0));
#1151=SURFACE_STYLE_FILL_AREA(#1873);
#1152=ORIENTED_EDGE('',*,*,#1874,.F.);
#1153=ORIENTED_EDGE('',*,*,#1875,.F.);
#1154=ORIENTED_EDGE('',*,*,#1876,.F.);
#1155=ORIENTED_EDGE('',*,*,#1877,.F.);
#1156=ORIENTED_EDGE('',*,*,#1878,.F.);
#1157=CARTESIAN_POINT('',(-1.1176,10.3682681230945,-0.808087080525457));
#1158=DIRECTION('',(1.0,0.0,6.12323399573676E-17));
#1159=DIRECTION('',(6.12323399573676E-17,0.0,-1.0));
#1160=SURFACE_STYLE_FILL_AREA(#1879);
#1161=ORIENTED_EDGE('',*,*,#1880,.F.);
#1162=ORIENTED_EDGE('',*,*,#1881,.F.);
#1163=ORIENTED_EDGE('',*,*,#1882,.F.);
#1164=ORIENTED_EDGE('',*,*,#1883,.F.);
#1165=ORIENTED_EDGE('',*,*,#1871,.F.);
#1166=CARTESIAN_POINT('',(-1.1176,10.3682681230945,0.808087080525457));
#1167=DIRECTION('',(1.0,0.0,6.12323399573676E-17));
#1168=DIRECTION('',(6.12323399573676E-17,0.0,-1.0));
#1169=SURFACE_STYLE_FILL_AREA(#1884);
#1170=ORIENTED_EDGE('',*,*,#1882,.T.);
#1171=ORIENTED_EDGE('',*,*,#1881,.T.);
#1172=ORIENTED_EDGE('',*,*,#1885,.T.);
#1173=ORIENTED_EDGE('',*,*,#1878,.T.);
#1174=ORIENTED_EDGE('',*,*,#1877,.T.);
#1175=ORIENTED_EDGE('',*,*,#1886,.F.);
#1176=CARTESIAN_POINT('',(1.86517468137026E-14,11.0744,-1.1176));
#1177=DIRECTION('',(0.0,0.0,1.0));
#1178=DIRECTION('',(1.0,0.0,0.0));
#1179=SURFACE_STYLE_FILL_AREA(#1887);
#1180=ORIENTED_EDGE('',*,*,#1883,.T.);
#1181=ORIENTED_EDGE('',*,*,#1886,.T.);
#1182=ORIENTED_EDGE('',*,*,#1876,.T.);
#1183=ORIENTED_EDGE('',*,*,#1888,.F.);
#1184=ORIENTED_EDGE('',*,*,#1865,.F.);
#1185=ORIENTED_EDGE('',*,*,#1872,.F.);
#1186=CARTESIAN_POINT('',(-0.936266979604838,10.2841235067015,-1.1176));
#1187=DIRECTION('',(0.0,0.0,1.0));
#1188=DIRECTION('',(1.0,0.0,0.0));
#1189=SURFACE_STYLE_FILL_AREA(#1889);
#1190=ORIENTED_EDGE('',*,*,#1880,.T.);
#1191=ORIENTED_EDGE('',*,*,#1870,.F.);
#1192=ORIENTED_EDGE('',*,*,#1890,.F.);
#1193=ORIENTED_EDGE('',*,*,#1891,.F.);
#1194=ORIENTED_EDGE('',*,*,#1874,.T.);
#1195=ORIENTED_EDGE('',*,*,#1885,.F.);
#1196=CARTESIAN_POINT('',(0.936266979604841,10.2841235067015,-1.1176));
#1197=DIRECTION('',(0.0,0.0,1.0));
#1198=DIRECTION('',(1.0,0.0,0.0));
#1199=SURFACE_STYLE_FILL_AREA(#1892);
#1200=ORIENTED_EDGE('',*,*,#1893,.F.);
#1201=ORIENTED_EDGE('',*,*,#1894,.F.);
#1202=ORIENTED_EDGE('',*,*,#1890,.T.);
#1203=ORIENTED_EDGE('',*,*,#1869,.F.);
#1204=CARTESIAN_POINT('',(-0.5588,5.6646,0.0));
#1205=DIRECTION('',(1.0,0.0,0.0));
#1206=DIRECTION('',(0.0,0.0,-1.0));
#1207=SURFACE_STYLE_FILL_AREA(#1895);
#1208=ORIENTED_EDGE('',*,*,#1896,.F.);
#1209=ORIENTED_EDGE('',*,*,#1866,.T.);
#1210=ORIENTED_EDGE('',*,*,#1888,.T.);
#1211=ORIENTED_EDGE('',*,*,#1875,.T.);
#1212=ORIENTED_EDGE('',*,*,#1891,.T.);
#1213=ORIENTED_EDGE('',*,*,#1894,.T.);
#1214=CARTESIAN_POINT('',(0.0,5.6646,0.5588));
#1215=DIRECTION('',(0.0,0.0,1.0));
#1216=DIRECTION('',(1.0,0.0,0.0));
#1217=SURFACE_STYLE_FILL_AREA(#1897);
#1218=ORIENTED_EDGE('',*,*,#1898,.F.);
#1219=ORIENTED_EDGE('',*,*,#1899,.F.);
#1220=ORIENTED_EDGE('',*,*,#1900,.T.);
#1221=ORIENTED_EDGE('',*,*,#1901,.T.);
#1222=CARTESIAN_POINT('',(0.5588,-0.0499999999999998,3.56456666666667));
#1223=DIRECTION('',(1.0,0.0,0.0));
#1224=DIRECTION('',(0.0,6.12323399573676E-17,-1.0));
#1225=SURFACE_STYLE_FILL_AREA(#1902);
#1226=ORIENTED_EDGE('',*,*,#1903,.F.);
#1227=ORIENTED_EDGE('',*,*,#1901,.F.);
#1228=ORIENTED_EDGE('',*,*,#1904,.T.);
#1229=ORIENTED_EDGE('',*,*,#1905,.T.);
#1230=CARTESIAN_POINT('',(0.399945833333328,-0.0499999999999998,4.8354));
#1231=DIRECTION('',(0.0,-6.12323399573676E-17,1.0));
#1232=DIRECTION('',(1.0,0.0,0.0));
#1233=SURFACE_STYLE_FILL_AREA(#1906);
#1234=ORIENTED_EDGE('',*,*,#1907,.F.);
#1235=ORIENTED_EDGE('',*,*,#1905,.F.);
#1236=ORIENTED_EDGE('',*,*,#1908,.T.);
#1237=ORIENTED_EDGE('',*,*,#1909,.T.);
#1238=CARTESIAN_POINT('',(0.241091666666657,-0.0499999999999998,3.91404583333333));
#1239=DIRECTION('',(-1.0,0.0,0.0));
#1240=DIRECTION('',(0.0,-6.12323399573676E-17,1.0));
#1241=SURFACE_STYLE_FILL_AREA(#1910);
#1242=ORIENTED_EDGE('',*,*,#1911,.F.);
#1243=ORIENTED_EDGE('',*,*,#1909,.F.);
#1244=ORIENTED_EDGE('',*,*,#1912,.T.);
#1245=ORIENTED_EDGE('',*,*,#1913,.T.);
#1246=CARTESIAN_POINT('',(-0.0607312500000052,-0.0499999999999998,2.99269166666667));
#1247=DIRECTION('',(0.0,-6.12323399573676E-17,1.0));
#1248=DIRECTION('',(1.0,0.0,0.0));
#1249=SURFACE_STYLE_FILL_AREA(#1914);
#1250=ORIENTED_EDGE('',*,*,#1915,.F.);
#1251=ORIENTED_EDGE('',*,*,#1913,.F.);
#1252=ORIENTED_EDGE('',*,*,#1916,.T.);
#1253=ORIENTED_EDGE('',*,*,#1917,.T.);
#1254=CARTESIAN_POINT('',(-0.362554166666667,-0.0499999999999998,2.86560833333334));
#1255=DIRECTION('',(-1.0,0.0,0.0));
#1256=DIRECTION('',(0.0,-6.12323399573676E-17,1.0));
#1257=SURFACE_STYLE_FILL_AREA(#1918);
#1258=ORIENTED_EDGE('',*,*,#1919,.F.);
#1259=ORIENTED_EDGE('',*,*,#1917,.F.);
#1260=ORIENTED_EDGE('',*,*,#1920,.T.);
#1261=ORIENTED_EDGE('',*,*,#1921,.T.);
#1262=CARTESIAN_POINT('',(-0.330783333333342,-0.0499999999999998,2.738525));
#1263=DIRECTION('',(0.0,6.12323399573676E-17,-1.0));
#1264=DIRECTION('',(-1.0,0.0,0.0));
#1265=SURFACE_STYLE_FILL_AREA(#1922);
#1266=ORIENTED_EDGE('',*,*,#1923,.F.);
#1267=ORIENTED_EDGE('',*,*,#1921,.F.);
#1268=ORIENTED_EDGE('',*,*,#1924,.T.);
#1269=ORIENTED_EDGE('',*,*,#1925,.T.);
#1270=CARTESIAN_POINT('',(-0.219585416666673,-0.0499999999999998,2.72263958333334));
#1271=DIRECTION('',(-0.19611613513819,6.00432492895316E-17,-0.980580675690919));
#1272=DIRECTION('',(-0.980580675690919,-1.20086498579067E-17,0.19611613513819));
#1273=SURFACE_STYLE_FILL_AREA(#1926);
#1274=ORIENTED_EDGE('',*,*,#1927,.F.);
#1275=ORIENTED_EDGE('',*,*,#1925,.F.);
#1276=ORIENTED_EDGE('',*,*,#1928,.T.);
#1277=ORIENTED_EDGE('',*,*,#1929,.T.);
#1278=CARTESIAN_POINT('',(-0.0925020833333416,-0.0499999999999998,2.69086875));
#1279=DIRECTION('',(-0.316227766016949,5.80900982181035E-17,-0.948683298050477));
#1280=DIRECTION('',(-0.948683298050477,-1.93633660727088E-17,0.316227766016949));
#1281=SURFACE_STYLE_FILL_AREA(#1930);
#1282=ORIENTED_EDGE('',*,*,#1931,.F.);
#1283=ORIENTED_EDGE('',*,*,#1929,.F.);
#1284=ORIENTED_EDGE('',*,*,#1932,.T.);
#1285=ORIENTED_EDGE('',*,*,#1933,.T.);
#1286=CARTESIAN_POINT('',(0.0186958333333234,-0.0499999999999998,2.6432125));
#1287=DIRECTION('',(-0.447213595499888,5.47678698264224E-17,-0.894427190999951));
#1288=DIRECTION('',(-0.894427190999951,-2.73839349132058E-17,0.447213595499888));
#1289=SURFACE_STYLE_FILL_AREA(#1934);
#1290=ORIENTED_EDGE('',*,*,#1935,.F.);
#1291=ORIENTED_EDGE('',*,*,#1933,.F.);
#1292=ORIENTED_EDGE('',*,*,#1936,.T.);
#1293=ORIENTED_EDGE('',*,*,#1937,.T.);
#1294=CARTESIAN_POINT('',(0.129893749999992,-0.0499999999999998,2.56378541666667));
#1295=DIRECTION('',(-0.707106781186581,4.32978028117726E-17,-0.707106781186515));
#1296=DIRECTION('',(-0.707106781186515,-4.32978028117767E-17,0.707106781186581));
#1297=SURFACE_STYLE_FILL_AREA(#1938);
#1298=ORIENTED_EDGE('',*,*,#1939,.F.);
#1299=ORIENTED_EDGE('',*,*,#1937,.F.);
#1300=ORIENTED_EDGE('',*,*,#1940,.T.);
#1301=ORIENTED_EDGE('',*,*,#1941,.T.);
#1302=CARTESIAN_POINT('',(0.225206249999983,-0.0499999999999998,2.4525875));
#1303=DIRECTION('',(-0.800000000000024,3.67394039744186E-17,-0.599999999999968));
#1304=DIRECTION('',(-0.599999999999968,-4.89858719658956E-17,0.800000000000024));
#1305=SURFACE_STYLE_FILL_AREA(#1942);
#1306=ORIENTED_EDGE('',*,*,#1943,.F.);
#1307=ORIENTED_EDGE('',*,*,#1941,.F.);
#1308=ORIENTED_EDGE('',*,*,#1944,.T.);
#1309=ORIENTED_EDGE('',*,*,#1945,.T.);
#1310=CARTESIAN_POINT('',(0.288747916666649,-0.0499999999999998,2.34138958333333));
#1311=DIRECTION('',(-0.948683298050507,1.93633660727032E-17,-0.316227766016859));
#1312=DIRECTION('',(-0.316227766016859,-5.80900982181054E-17,0.948683298050507));
#1313=SURFACE_STYLE_FILL_AREA(#1946);
#1314=ORIENTED_EDGE('',*,*,#1947,.F.);
#1315=ORIENTED_EDGE('',*,*,#1945,.F.);
#1316=ORIENTED_EDGE('',*,*,#1948,.T.);
#1317=ORIENTED_EDGE('',*,*,#1899,.T.);
#1318=CARTESIAN_POINT('',(0.431716666666658,-0.0499999999999998,2.29373333333334));
#1319=DIRECTION('',(0.0,6.12323399573676E-17,-1.0));
#1320=DIRECTION('',(-1.0,0.0,0.0));
#1321=SURFACE_STYLE_FILL_AREA(#1949);
#1322=ORIENTED_EDGE('',*,*,#1920,.F.);
#1323=ORIENTED_EDGE('',*,*,#1916,.F.);
#1324=ORIENTED_EDGE('',*,*,#1912,.F.);
#1325=ORIENTED_EDGE('',*,*,#1908,.F.);
#1326=ORIENTED_EDGE('',*,*,#1904,.F.);
#1327=ORIENTED_EDGE('',*,*,#1900,.F.);
#1328=ORIENTED_EDGE('',*,*,#1948,.F.);
#1329=ORIENTED_EDGE('',*,*,#1944,.F.);
#1330=ORIENTED_EDGE('',*,*,#1940,.F.);
#1331=ORIENTED_EDGE('',*,*,#1936,.F.);
#1332=ORIENTED_EDGE('',*,*,#1932,.F.);
#1333=ORIENTED_EDGE('',*,*,#1928,.F.);
#1334=ORIENTED_EDGE('',*,*,#1924,.F.);
#1335=CARTESIAN_POINT('',(0.298309478971316,-0.0499999999999998,3.46868653674143));
#1336=DIRECTION('',(-0.0,1.0,6.12323399573676E-17));
#1337=DIRECTION('',(1.0,0.0,0.0));
#1338=SURFACE_STYLE_FILL_AREA(#1950);
#1339=ORIENTED_EDGE('',*,*,#1951,.F.);
#1340=ORIENTED_EDGE('',*,*,#1952,.F.);
#1341=ORIENTED_EDGE('',*,*,#1953,.T.);
#1342=ORIENTED_EDGE('',*,*,#1954,.F.);
#1343=CARTESIAN_POINT('',(-5.8674,2.598,-1.1811));
#1344=DIRECTION('',(0.0,0.0,1.0));
#1345=DIRECTION('',(1.0,0.0,0.0));
#1346=SURFACE_STYLE_FILL_AREA(#1955);
#1347=ORIENTED_EDGE('',*,*,#1956,.F.);
#1348=ORIENTED_EDGE('',*,*,#1957,.F.);
#1349=ORIENTED_EDGE('',*,*,#1958,.F.);
#1350=ORIENTED_EDGE('',*,*,#1959,.F.);
#1351=ORIENTED_EDGE('',*,*,#1960,.F.);
#1352=ORIENTED_EDGE('',*,*,#1961,.F.);
#1353=ORIENTED_EDGE('',*,*,#1962,.F.);
#1354=ORIENTED_EDGE('',*,*,#1963,.F.);
#1355=ORIENTED_EDGE('',*,*,#1964,.F.);
#1356=ORIENTED_EDGE('',*,*,#1965,.F.);
#1357=ORIENTED_EDGE('',*,*,#1966,.F.);
#1358=ORIENTED_EDGE('',*,*,#1967,.F.);
#1359=ORIENTED_EDGE('',*,*,#1968,.F.);
#1360=ORIENTED_EDGE('',*,*,#1969,.F.);
#1361=ORIENTED_EDGE('',*,*,#1952,.T.);
#1362=CARTESIAN_POINT('',(-3.9624,2.598,-6.1811));
#1363=DIRECTION('',(-1.0,0.0,0.0));
#1364=DIRECTION('',(0.0,0.0,1.0));
#1365=SURFACE_STYLE_FILL_AREA(#1970);
#1366=ORIENTED_EDGE('',*,*,#1954,.T.);
#1367=ORIENTED_EDGE('',*,*,#1971,.F.);
#1368=ORIENTED_EDGE('',*,*,#1972,.F.);
#1369=ORIENTED_EDGE('',*,*,#1973,.F.);
#1370=ORIENTED_EDGE('',*,*,#1974,.F.);
#1371=ORIENTED_EDGE('',*,*,#1975,.F.);
#1372=ORIENTED_EDGE('',*,*,#1976,.F.);
#1373=ORIENTED_EDGE('',*,*,#1977,.F.);
#1374=ORIENTED_EDGE('',*,*,#1978,.F.);
#1375=ORIENTED_EDGE('',*,*,#1979,.F.);
#1376=CARTESIAN_POINT('',(-5.8674,0.647942326465447,-1.50099449081198));
#1377=DIRECTION('',(-1.0,0.0,6.12323399573676E-17));
#1378=DIRECTION('',(6.12323399573676E-17,0.0,1.0));
#1379=SURFACE_STYLE_FILL_AREA(#1980);
#1380=ORIENTED_EDGE('',*,*,#1969,.T.);
#1381=ORIENTED_EDGE('',*,*,#1981,.F.);
#1382=ORIENTED_EDGE('',*,*,#1982,.T.);
#1383=ORIENTED_EDGE('',*,*,#1983,.T.);
#1384=CARTESIAN_POINT('',(1.905,-3.048,-1.18110000000001));
#1385=DIRECTION('',(6.12323399573676E-17,-0.0,1.0));
#1386=DIRECTION('',(0.0,1.0,0.0));
#1387=SURFACE_STYLE_FILL_AREA(#1984);
#1388=ORIENTED_EDGE('',*,*,#1968,.T.);
#1389=ORIENTED_EDGE('',*,*,#1985,.F.);
#1390=ORIENTED_EDGE('',*,*,#1986,.T.);
#1391=ORIENTED_EDGE('',*,*,#1981,.T.);
#1392=CARTESIAN_POINT('',(1.905,-3.302,-2.15265000000002));
#1393=DIRECTION('',(0.0,-1.0,0.0));
#1394=DIRECTION('',(6.12323399573676E-17,0.0,1.0));
#1395=SURFACE_STYLE_FILL_AREA(#1987);
#1396=ORIENTED_EDGE('',*,*,#1967,.T.);
#1397=ORIENTED_EDGE('',*,*,#1988,.F.);
#1398=ORIENTED_EDGE('',*,*,#1989,.T.);
#1399=ORIENTED_EDGE('',*,*,#1985,.T.);
#1400=CARTESIAN_POINT('',(1.905,-1.52400000000001,-3.12420000000003));
#1401=DIRECTION('',(-1.0,0.0,6.12323399573676E-17));
#1402=DIRECTION('',(6.12323399573676E-17,0.0,1.0));
#1403=SURFACE_STYLE_FILL_AREA(#1990);
#1404=ORIENTED_EDGE('',*,*,#1966,.T.);
#1405=ORIENTED_EDGE('',*,*,#1991,.F.);
#1406=ORIENTED_EDGE('',*,*,#1992,.T.);
#1407=ORIENTED_EDGE('',*,*,#1988,.T.);
#1408=CARTESIAN_POINT('',(1.905,3.25119999999999,-4.90220000000002));
#1409=DIRECTION('',(-6.12323399573676E-17,-0.0,-1.0));
#1410=DIRECTION('',(0.0,-1.0,0.0));
#1411=SURFACE_STYLE_FILL_AREA(#1993);
#1412=ORIENTED_EDGE('',*,*,#1965,.T.);
#1413=ORIENTED_EDGE('',*,*,#1994,.F.);
#1414=ORIENTED_EDGE('',*,*,#1995,.T.);
#1415=ORIENTED_EDGE('',*,*,#1991,.T.);
#1416=CARTESIAN_POINT('',(1.905,8.02639999999999,-4.58470000000003));
#1417=DIRECTION('',(0.0,1.0,0.0));
#1418=DIRECTION('',(-6.12323399573676E-17,0.0,-1.0));
#1419=SURFACE_STYLE_FILL_AREA(#1996);
#1420=ORIENTED_EDGE('',*,*,#1997,.T.);
#1421=ORIENTED_EDGE('',*,*,#1998,.F.);
#1422=ORIENTED_EDGE('',*,*,#1999,.F.);
#1423=ORIENTED_EDGE('',*,*,#2000,.F.);
#1424=CARTESIAN_POINT('',(1.905,2.598,-1.1811));
#1425=DIRECTION('',(0.0,0.0,1.0));
#1426=DIRECTION('',(1.0,0.0,0.0));
#1427=SURFACE_STYLE_FILL_AREA(#2001);
#1428=ORIENTED_EDGE('',*,*,#1986,.F.);
#1429=ORIENTED_EDGE('',*,*,#1989,.F.);
#1430=ORIENTED_EDGE('',*,*,#1992,.F.);
#1431=ORIENTED_EDGE('',*,*,#1995,.F.);
#1432=ORIENTED_EDGE('',*,*,#2002,.F.);
#1433=ORIENTED_EDGE('',*,*,#2003,.F.);
#1434=ORIENTED_EDGE('',*,*,#2004,.F.);
#1435=ORIENTED_EDGE('',*,*,#2005,.F.);
#1436=ORIENTED_EDGE('',*,*,#2006,.F.);
#1437=ORIENTED_EDGE('',*,*,#2007,.F.);
#1438=ORIENTED_EDGE('',*,*,#2008,.F.);
#1439=ORIENTED_EDGE('',*,*,#2009,.F.);
#1440=ORIENTED_EDGE('',*,*,#2010,.F.);
#1441=ORIENTED_EDGE('',*,*,#1998,.T.);
#1442=ORIENTED_EDGE('',*,*,#1982,.F.);
#1443=CARTESIAN_POINT('',(0.0,2.598,-6.1811));
#1444=DIRECTION('',(1.0,0.0,0.0));
#1445=DIRECTION('',(0.0,0.0,-1.0));
#1446=SURFACE_STYLE_FILL_AREA(#2011);
#1447=ORIENTED_EDGE('',*,*,#1964,.T.);
#1448=ORIENTED_EDGE('',*,*,#2012,.F.);
#1449=ORIENTED_EDGE('',*,*,#2002,.T.);
#1450=ORIENTED_EDGE('',*,*,#1994,.T.);
#1451=CARTESIAN_POINT('',(1.905,6.92591461399015,-3.40740658572948));
#1452=DIRECTION('',(4.82517423549003E-17,0.615661475325824,0.788010753606592));
#1453=DIRECTION('',(-3.76983927558054E-17,0.788010753606592,-0.615661475325824));
#1454=SURFACE_STYLE_FILL_AREA(#2013);
#1455=ORIENTED_EDGE('',*,*,#2000,.T.);
#1456=ORIENTED_EDGE('',*,*,#2014,.T.);
#1457=ORIENTED_EDGE('',*,*,#2015,.T.);
#1458=ORIENTED_EDGE('',*,*,#2016,.T.);
#1459=ORIENTED_EDGE('',*,*,#2017,.T.);
#1460=ORIENTED_EDGE('',*,*,#2018,.T.);
#1461=ORIENTED_EDGE('',*,*,#2019,.T.);
#1462=ORIENTED_EDGE('',*,*,#2020,.T.);
#1463=ORIENTED_EDGE('',*,*,#2021,.T.);
#1464=ORIENTED_EDGE('',*,*,#2022,.F.);
#1465=CARTESIAN_POINT('',(1.905,0.647942326465447,-1.50099449081198));
#1466=DIRECTION('',(-1.0,0.0,6.12323399573676E-17));
#1467=DIRECTION('',(6.12323399573676E-17,0.0,1.0));
#1468=SURFACE_STYLE_FILL_AREA(#2023);
#1469=ORIENTED_EDGE('',*,*,#2024,.F.);
#1470=ORIENTED_EDGE('',*,*,#2025,.F.);
#1471=ORIENTED_EDGE('',*,*,#2026,.F.);
#1472=ORIENTED_EDGE('',*,*,#2027,.F.);
#1473=CARTESIAN_POINT('',(-1.9812,-1.651,3.0988));
#1474=DIRECTION('',(0.0,0.0,1.0));
#1475=DIRECTION('',(1.0,0.0,0.0));
#1476=SURFACE_STYLE_FILL_AREA(#2028);
#1477=ORIENTED_EDGE('',*,*,#2029,.F.);
#1478=ORIENTED_EDGE('',*,*,#2027,.T.);
#1479=ORIENTED_EDGE('',*,*,#2030,.F.);
#1480=ORIENTED_EDGE('',*,*,#2031,.T.);
#1481=CARTESIAN_POINT('',(-0.9652,-1.651,2.5908));
#1482=DIRECTION('',(-1.0,0.0,0.0));
#1483=DIRECTION('',(0.0,0.0,1.0));
#1484=SURFACE_STYLE_FILL_AREA(#2032);
#1485=ORIENTED_EDGE('',*,*,#2033,.F.);
#1486=ORIENTED_EDGE('',*,*,#2031,.F.);
#1487=ORIENTED_EDGE('',*,*,#2034,.F.);
#1488=ORIENTED_EDGE('',*,*,#2035,.F.);
#1489=CARTESIAN_POINT('',(-1.9812,-1.651,2.0828));
#1490=DIRECTION('',(0.0,0.0,1.0));
#1491=DIRECTION('',(1.0,0.0,0.0));
#1492=SURFACE_STYLE_FILL_AREA(#2036);
#1493=ORIENTED_EDGE('',*,*,#2037,.F.);
#1494=ORIENTED_EDGE('',*,*,#2035,.T.);
#1495=ORIENTED_EDGE('',*,*,#2038,.F.);
#1496=ORIENTED_EDGE('',*,*,#2025,.T.);
#1497=CARTESIAN_POINT('',(-2.9972,-1.651,2.5908));
#1498=DIRECTION('',(1.0,0.0,0.0));
#1499=DIRECTION('',(0.0,0.0,-1.0));
#1500=SURFACE_STYLE_FILL_AREA(#2039);
#1501=ORIENTED_EDGE('',*,*,#2040,.F.);
#1502=ORIENTED_EDGE('',*,*,#2041,.T.);
#1503=ORIENTED_EDGE('',*,*,#2042,.F.);
#1504=ORIENTED_EDGE('',*,*,#2043,.F.);
#1505=CARTESIAN_POINT('',(-2.6924,-3.098,6.0));
#1506=DIRECTION('',(-1.0,0.0,0.0));
#1507=DIRECTION('',(0.0,0.0,1.0));
#1508=SURFACE_STYLE_FILL_AREA(#2044);
#1509=ORIENTED_EDGE('',*,*,#2045,.F.);
#1510=ORIENTED_EDGE('',*,*,#2046,.F.);
#1511=ORIENTED_EDGE('',*,*,#2047,.F.);
#1512=ORIENTED_EDGE('',*,*,#2048,.F.);
#1513=CARTESIAN_POINT('',(-5.2324,-3.098,6.0));
#1514=DIRECTION('',(1.0,0.0,0.0));
#1515=DIRECTION('',(0.0,0.0,-1.0));
#1516=SURFACE_STYLE_FILL_AREA(#2049);
#1517=ORIENTED_EDGE('',*,*,#2045,.T.);
#1518=ORIENTED_EDGE('',*,*,#2050,.T.);
#1519=ORIENTED_EDGE('',*,*,#2040,.T.);
#1520=ORIENTED_EDGE('',*,*,#2051,.F.);
#1521=ORIENTED_EDGE('',*,*,#2052,.T.);
#1522=ORIENTED_EDGE('',*,*,#2053,.T.);
#1523=ORIENTED_EDGE('',*,*,#2054,.T.);
#1524=ORIENTED_EDGE('',*,*,#2055,.F.);
#1525=ORIENTED_EDGE('',*,*,#2019,.F.);
#1526=ORIENTED_EDGE('',*,*,#2056,.T.);
#1527=ORIENTED_EDGE('',*,*,#1974,.T.);
#1528=ORIENTED_EDGE('',*,*,#2057,.F.);
#1529=CARTESIAN_POINT('',(1.905,-2.86915270625945,5.1054));
#1530=DIRECTION('',(6.12323399573676E-17,-0.0,1.0));
#1531=DIRECTION('',(0.0,1.0,0.0));
#1532=SURFACE_STYLE_FILL_AREA(#2058);
#1533=ORIENTED_EDGE('',*,*,#2043,.T.);
#1534=ORIENTED_EDGE('',*,*,#2059,.F.);
#1535=ORIENTED_EDGE('',*,*,#2060,.T.);
#1536=ORIENTED_EDGE('',*,*,#2051,.T.);
#1537=CARTESIAN_POINT('',(1.905,-3.302,4.6609));
#1538=DIRECTION('',(0.0,-1.0,0.0));
#1539=DIRECTION('',(6.12323399573676E-17,0.0,1.0));
#1540=SURFACE_STYLE_FILL_AREA(#2061);
#1541=ORIENTED_EDGE('',*,*,#2042,.T.);
#1542=ORIENTED_EDGE('',*,*,#2062,.F.);
#1543=ORIENTED_EDGE('',*,*,#2063,.T.);
#1544=ORIENTED_EDGE('',*,*,#2059,.T.);
#1545=CARTESIAN_POINT('',(1.905,-3.048,4.21639999999999));
#1546=DIRECTION('',(-6.12323399573676E-17,-0.0,-1.0));
#1547=DIRECTION('',(0.0,-1.0,0.0));
#1548=SURFACE_STYLE_FILL_AREA(#2064);
#1549=ORIENTED_EDGE('',*,*,#2063,.F.);
#1550=ORIENTED_EDGE('',*,*,#2065,.F.);
#1551=ORIENTED_EDGE('',*,*,#2052,.F.);
#1552=ORIENTED_EDGE('',*,*,#2060,.F.);
#1553=CARTESIAN_POINT('',(-1.27,-3.098,6.0));
#1554=DIRECTION('',(1.0,0.0,0.0));
#1555=DIRECTION('',(0.0,0.0,-1.0));
#1556=SURFACE_STYLE_FILL_AREA(#2066);
#1557=ORIENTED_EDGE('',*,*,#2067,.F.);
#1558=ORIENTED_EDGE('',*,*,#2068,.F.);
#1559=ORIENTED_EDGE('',*,*,#2054,.F.);
#1560=ORIENTED_EDGE('',*,*,#2069,.T.);
#1561=CARTESIAN_POINT('',(1.27,-3.098,6.0));
#1562=DIRECTION('',(-1.0,0.0,0.0));
#1563=DIRECTION('',(0.0,0.0,1.0));
#1564=SURFACE_STYLE_FILL_AREA(#2070);
#1565=ORIENTED_EDGE('',*,*,#1763,.T.);
#1566=ORIENTED_EDGE('',*,*,#1758,.T.);
#1567=ORIENTED_EDGE('',*,*,#1791,.T.);
#1568=ORIENTED_EDGE('',*,*,#1788,.T.);
#1569=ORIENTED_EDGE('',*,*,#1798,.T.);
#1570=ORIENTED_EDGE('',*,*,#1793,.T.);
#1571=ORIENTED_EDGE('',*,*,#1826,.T.);
#1572=ORIENTED_EDGE('',*,*,#1823,.T.);
#1573=ORIENTED_EDGE('',*,*,#2033,.T.);
#1574=ORIENTED_EDGE('',*,*,#2037,.T.);
#1575=ORIENTED_EDGE('',*,*,#2024,.T.);
#1576=ORIENTED_EDGE('',*,*,#2029,.T.);
#1577=ORIENTED_EDGE('',*,*,#2062,.T.);
#1578=ORIENTED_EDGE('',*,*,#2041,.F.);
#1579=ORIENTED_EDGE('',*,*,#2050,.F.);
#1580=ORIENTED_EDGE('',*,*,#2048,.T.);
#1581=ORIENTED_EDGE('',*,*,#2071,.T.);
#1582=ORIENTED_EDGE('',*,*,#1971,.T.);
#1583=ORIENTED_EDGE('',*,*,#1953,.F.);
#1584=ORIENTED_EDGE('',*,*,#1983,.F.);
#1585=ORIENTED_EDGE('',*,*,#1997,.F.);
#1586=ORIENTED_EDGE('',*,*,#2022,.T.);
#1587=ORIENTED_EDGE('',*,*,#2072,.T.);
#1588=ORIENTED_EDGE('',*,*,#2069,.F.);
#1589=ORIENTED_EDGE('',*,*,#2053,.F.);
#1590=ORIENTED_EDGE('',*,*,#2065,.T.);
#1591=CARTESIAN_POINT('',(1.905,-2.79399999999999,1.51764999999999));
#1592=DIRECTION('',(0.0,-1.0,0.0));
#1593=DIRECTION('',(6.12323399573676E-17,0.0,1.0));
#1594=SURFACE_STYLE_FILL_AREA(#2073);
#1595=ORIENTED_EDGE('',*,*,#2047,.T.);
#1596=ORIENTED_EDGE('',*,*,#2074,.T.);
#1597=ORIENTED_EDGE('',*,*,#1972,.T.);
#1598=ORIENTED_EDGE('',*,*,#2071,.F.);
#1599=CARTESIAN_POINT('',(1.905,-3.048,4.21639999999999));
#1600=DIRECTION('',(-6.12323399573676E-17,-0.0,-1.0));
#1601=DIRECTION('',(0.0,-1.0,0.0));
#1602=SURFACE_STYLE_FILL_AREA(#2075);
#1603=ORIENTED_EDGE('',*,*,#2067,.T.);
#1604=ORIENTED_EDGE('',*,*,#2072,.F.);
#1605=ORIENTED_EDGE('',*,*,#2021,.F.);
#1606=ORIENTED_EDGE('',*,*,#2076,.T.);
#1607=CARTESIAN_POINT('',(1.905,-3.048,4.21639999999999));
#1608=DIRECTION('',(-6.12323399573676E-17,-0.0,-1.0));
#1609=DIRECTION('',(0.0,-1.0,0.0));
#1610=SURFACE_STYLE_FILL_AREA(#2077);
#1611=ORIENTED_EDGE('',*,*,#2046,.T.);
#1612=ORIENTED_EDGE('',*,*,#2057,.T.);
#1613=ORIENTED_EDGE('',*,*,#1973,.T.);
#1614=ORIENTED_EDGE('',*,*,#2074,.F.);
#1615=CARTESIAN_POINT('',(1.905,-3.302,4.6609));
#1616=DIRECTION('',(0.0,-1.0,0.0));
#1617=DIRECTION('',(6.12323399573676E-17,0.0,1.0));
#1618=SURFACE_STYLE_FILL_AREA(#2078);
#1619=ORIENTED_EDGE('',*,*,#1963,.T.);
#1620=ORIENTED_EDGE('',*,*,#2079,.F.);
#1621=ORIENTED_EDGE('',*,*,#2003,.T.);
#1622=ORIENTED_EDGE('',*,*,#2012,.T.);
#1623=CARTESIAN_POINT('',(1.905,5.43448419114957,-3.048));
#1624=DIRECTION('',(-1.0,0.0,6.12323399573676E-17));
#1625=DIRECTION('',(6.12323399573676E-17,0.0,1.0));
#1626=SURFACE_STYLE_FILL_AREA(#2080);
#1627=ORIENTED_EDGE('',*,*,#1962,.T.);
#1628=ORIENTED_EDGE('',*,*,#2081,.F.);
#1629=ORIENTED_EDGE('',*,*,#2004,.T.);
#1630=ORIENTED_EDGE('',*,*,#2079,.T.);
#1631=CARTESIAN_POINT('',(1.905,5.34633709721424,-2.41300000000004));
#1632=DIRECTION('',(6.12323399573676E-17,-0.0,1.0));
#1633=DIRECTION('',(0.0,1.0,0.0));
#1634=SURFACE_STYLE_FILL_AREA(#2082);
#1635=ORIENTED_EDGE('',*,*,#1961,.T.);
#1636=ORIENTED_EDGE('',*,*,#2083,.F.);
#1637=ORIENTED_EDGE('',*,*,#2005,.T.);
#1638=ORIENTED_EDGE('',*,*,#2081,.T.);
#1639=CARTESIAN_POINT('',(1.905,5.25819000327891,-3.048));
#1640=DIRECTION('',(-1.0,0.0,6.12323399573676E-17));
#1641=DIRECTION('',(6.12323399573676E-17,0.0,1.0));
#1642=SURFACE_STYLE_FILL_AREA(#2084);
#1643=ORIENTED_EDGE('',*,*,#1960,.T.);
#1644=ORIENTED_EDGE('',*,*,#2085,.F.);
#1645=ORIENTED_EDGE('',*,*,#2006,.T.);
#1646=ORIENTED_EDGE('',*,*,#2083,.T.);
#1647=CARTESIAN_POINT('',(1.905,4.16105798814423,-3.24710640302594));
#1648=DIRECTION('',(4.32978028117747E-17,-0.707106781186548,0.707106781186548));
#1649=DIRECTION('',(4.32978028117747E-17,0.707106781186548,0.707106781186548));
#1650=SURFACE_STYLE_FILL_AREA(#2086);
#1651=ORIENTED_EDGE('',*,*,#1959,.T.);
#1652=ORIENTED_EDGE('',*,*,#2087,.F.);
#1653=ORIENTED_EDGE('',*,*,#2007,.T.);
#1654=ORIENTED_EDGE('',*,*,#2085,.T.);
#1655=CARTESIAN_POINT('',(1.905,2.61491316695773,-2.99719999999999));
#1656=DIRECTION('',(-1.0,0.0,6.12323399573676E-17));
#1657=DIRECTION('',(6.12323399573676E-17,0.0,1.0));
#1658=SURFACE_STYLE_FILL_AREA(#2088);
#1659=ORIENTED_EDGE('',*,*,#1958,.T.);
#1660=ORIENTED_EDGE('',*,*,#2089,.F.);
#1661=ORIENTED_EDGE('',*,*,#2008,.T.);
#1662=ORIENTED_EDGE('',*,*,#2087,.T.);
#1663=CARTESIAN_POINT('',(1.905,0.836913166957721,-4.26720000000003));
#1664=DIRECTION('',(6.12323399573676E-17,-0.0,1.0));
#1665=DIRECTION('',(0.0,1.0,0.0));
#1666=SURFACE_STYLE_FILL_AREA(#2090);
#1667=ORIENTED_EDGE('',*,*,#1957,.T.);
#1668=ORIENTED_EDGE('',*,*,#2091,.F.);
#1669=ORIENTED_EDGE('',*,*,#2009,.T.);
#1670=ORIENTED_EDGE('',*,*,#2089,.T.);
#1671=CARTESIAN_POINT('',(1.905,-0.941086833042285,-3.63220000000001));
#1672=DIRECTION('',(-1.0,0.0,6.12323399573676E-17));
#1673=DIRECTION('',(6.12323399573676E-17,0.0,1.0));
#1674=SURFACE_STYLE_FILL_AREA(#2092);
#1675=ORIENTED_EDGE('',*,*,#1956,.T.);
#1676=ORIENTED_EDGE('',*,*,#2093,.F.);
#1677=ORIENTED_EDGE('',*,*,#2010,.T.);
#1678=ORIENTED_EDGE('',*,*,#2091,.T.);
#1679=CARTESIAN_POINT('',(1.905,-0.730624190582904,-2.22453948145824));
#1680=DIRECTION('',(-3.51214273421896E-17,0.819152044288913,-0.573576436351159));
#1681=DIRECTION('',(-5.01585964526714E-17,-0.573576436351159,-0.819152044288913));
#1682=SURFACE_STYLE_FILL_AREA(#2094);
#1683=ORIENTED_EDGE('',*,*,#1833,.T.);
#1684=ORIENTED_EDGE('',*,*,#1828,.T.);
#1685=ORIENTED_EDGE('',*,*,#1861,.T.);
#1686=ORIENTED_EDGE('',*,*,#1858,.T.);
#1687=ORIENTED_EDGE('',*,*,#1868,.T.);
#1688=ORIENTED_EDGE('',*,*,#1863,.T.);
#1689=ORIENTED_EDGE('',*,*,#1896,.T.);
#1690=ORIENTED_EDGE('',*,*,#1893,.T.);
#1691=ORIENTED_EDGE('',*,*,#1923,.T.);
#1692=ORIENTED_EDGE('',*,*,#1927,.T.);
#1693=ORIENTED_EDGE('',*,*,#1931,.T.);
#1694=ORIENTED_EDGE('',*,*,#1935,.T.);
#1695=ORIENTED_EDGE('',*,*,#1939,.T.);
#1696=ORIENTED_EDGE('',*,*,#1943,.T.);
#1697=ORIENTED_EDGE('',*,*,#1947,.T.);
#1698=ORIENTED_EDGE('',*,*,#1898,.T.);
#1699=ORIENTED_EDGE('',*,*,#1903,.T.);
#1700=ORIENTED_EDGE('',*,*,#1907,.T.);
#1701=ORIENTED_EDGE('',*,*,#1911,.T.);
#1702=ORIENTED_EDGE('',*,*,#1915,.T.);
#1703=ORIENTED_EDGE('',*,*,#1919,.T.);
#1704=ORIENTED_EDGE('',*,*,#2034,.T.);
#1705=ORIENTED_EDGE('',*,*,#2030,.T.);
#1706=ORIENTED_EDGE('',*,*,#2026,.T.);
#1707=ORIENTED_EDGE('',*,*,#2038,.T.);
#1708=ORIENTED_EDGE('',*,*,#1979,.T.);
#1709=ORIENTED_EDGE('',*,*,#2095,.F.);
#1710=ORIENTED_EDGE('',*,*,#2014,.F.);
#1711=ORIENTED_EDGE('',*,*,#1999,.T.);
#1712=ORIENTED_EDGE('',*,*,#2093,.T.);
#1713=ORIENTED_EDGE('',*,*,#1951,.T.);
#1714=CARTESIAN_POINT('',(1.905,-7.54951656745106E-15,4.59739999999999));
#1715=DIRECTION('',(0.0,1.0,0.0));
#1716=DIRECTION('',(-6.12323399573676E-17,0.0,-1.0));
#1717=SURFACE_STYLE_FILL_AREA(#2096);
#1718=ORIENTED_EDGE('',*,*,#1978,.T.);
#1719=ORIENTED_EDGE('',*,*,#2097,.F.);
#1720=ORIENTED_EDGE('',*,*,#2015,.F.);
#1721=ORIENTED_EDGE('',*,*,#2095,.T.);
#1722=CARTESIAN_POINT('',(1.905,-0.889000000000003,5.1054));
#1723=DIRECTION('',(6.12323399573676E-17,-0.0,1.0));
#1724=DIRECTION('',(0.0,1.0,0.0));
#1725=SURFACE_STYLE_FILL_AREA(#2098);
#1726=ORIENTED_EDGE('',*,*,#1977,.T.);
#1727=ORIENTED_EDGE('',*,*,#2099,.F.);
#1728=ORIENTED_EDGE('',*,*,#2016,.F.);
#1729=ORIENTED_EDGE('',*,*,#2097,.T.);
#1730=CARTESIAN_POINT('',(1.905,-1.92935270625944,4.97839999999999));
#1731=DIRECTION('',(4.69066937635097E-17,-0.642787609686617,0.766044443118913));
#1732=DIRECTION('',(3.93593894367147E-17,0.766044443118913,0.642787609686617));
#1733=SURFACE_STYLE_FILL_AREA(#2100);
#1734=ORIENTED_EDGE('',*,*,#1976,.T.);
#1735=ORIENTED_EDGE('',*,*,#2101,.F.);
#1736=ORIENTED_EDGE('',*,*,#2017,.F.);
#1737=ORIENTED_EDGE('',*,*,#2099,.T.);
#1738=CARTESIAN_POINT('',(1.905,-2.25850541251889,4.85139999999998));
#1739=DIRECTION('',(6.12323399573676E-17,-0.0,1.0));
#1740=DIRECTION('',(0.0,1.0,0.0));
#1741=SURFACE_STYLE_FILL_AREA(#2102);
#1742=ORIENTED_EDGE('',*,*,#1975,.T.);
#1743=ORIENTED_EDGE('',*,*,#2056,.F.);
#1744=ORIENTED_EDGE('',*,*,#2018,.F.);
#1745=ORIENTED_EDGE('',*,*,#2101,.T.);
#1746=CARTESIAN_POINT('',(1.905,-2.4363054125189,4.97839999999999));
#1747=DIRECTION('',(0.0,1.0,0.0));
#1748=DIRECTION('',(-6.12323399573676E-17,0.0,-1.0));
#1749=SURFACE_STYLE_FILL_AREA(#2103);
#1750=ORIENTED_EDGE('',*,*,#2068,.T.);
#1751=ORIENTED_EDGE('',*,*,#2076,.F.);
#1752=ORIENTED_EDGE('',*,*,#2020,.F.);
#1753=ORIENTED_EDGE('',*,*,#2055,.T.);
#1754=CARTESIAN_POINT('',(1.905,-3.302,4.6609));
#1755=DIRECTION('',(0.0,-1.0,0.0));
#1756=DIRECTION('',(6.12323399573676E-17,0.0,1.0));
#1757=FILL_AREA_STYLE('',(#2104));
#1758=EDGE_CURVE('',#2105,#2106,#2107,.T.);
#1759=EDGE_CURVE('',#2108,#2105,#2109,.T.);
#1760=EDGE_CURVE('',#2108,#2110,#2111,.T.);
#1761=EDGE_CURVE('',#2106,#2110,#2112,.T.);
#1762=FILL_AREA_STYLE('',(#2113));
#1763=EDGE_CURVE('',#2114,#2105,#2115,.T.);
#1764=EDGE_CURVE('',#2114,#2116,#2117,.T.);
#1765=EDGE_CURVE('',#2116,#2118,#2119,.T.);
#1766=EDGE_CURVE('',#2118,#2120,#2121,.T.);
#1767=EDGE_CURVE('',#2120,#2108,#2122,.T.);
#1768=FILL_AREA_STYLE('',(#2123));
#1769=EDGE_CURVE('',#2124,#2125,#2126,.T.);
#1770=EDGE_CURVE('',#2127,#2124,#2128,.T.);
#1771=EDGE_CURVE('',#2129,#2127,#2130,.T.);
#1772=EDGE_CURVE('',#2131,#2129,#2132,.T.);
#1773=EDGE_CURVE('',#2125,#2131,#2133,.T.);
#1774=FILL_AREA_STYLE('',(#2134));
#1775=EDGE_CURVE('',#2135,#2118,#2136,.T.);
#1776=EDGE_CURVE('',#2137,#2135,#2138,.T.);
#1777=EDGE_CURVE('',#2139,#2137,#2140,.T.);
#1778=EDGE_CURVE('',#2120,#2139,#2141,.T.);
#1779=FILL_AREA_STYLE('',(#2142));
#1780=EDGE_CURVE('',#2135,#2125,#2143,.T.);
#1781=EDGE_CURVE('',#2139,#2129,#2144,.T.);
#1782=FILL_AREA_STYLE('',(#2145));
#1783=EDGE_CURVE('',#2110,#2127,#2146,.T.);
#1784=FILL_AREA_STYLE('',(#2147));
#1785=EDGE_CURVE('',#2148,#2116,#2149,.T.);
#1786=EDGE_CURVE('',#2124,#2148,#2150,.T.);
#1787=FILL_AREA_STYLE('',(#2151));
#1788=EDGE_CURVE('',#2152,#2114,#2153,.T.);
#1789=EDGE_CURVE('',#2148,#2152,#2154,.T.);
#1790=FILL_AREA_STYLE('',(#2155));
#1791=EDGE_CURVE('',#2106,#2152,#2156,.T.);
#1792=FILL_AREA_STYLE('',(#2157));
#1793=EDGE_CURVE('',#2158,#2159,#2160,.T.);
#1794=EDGE_CURVE('',#2161,#2158,#2162,.T.);
#1795=EDGE_CURVE('',#2161,#2163,#2164,.T.);
#1796=EDGE_CURVE('',#2159,#2163,#2165,.T.);
#1797=FILL_AREA_STYLE('',(#2166));
#1798=EDGE_CURVE('',#2167,#2158,#2168,.T.);
#1799=EDGE_CURVE('',#2167,#2169,#2170,.T.);
#1800=EDGE_CURVE('',#2169,#2171,#2172,.T.);
#1801=EDGE_CURVE('',#2171,#2173,#2174,.T.);
#1802=EDGE_CURVE('',#2173,#2161,#2175,.T.);
#1803=FILL_AREA_STYLE('',(#2176));
#1804=EDGE_CURVE('',#2177,#2178,#2179,.T.);
#1805=EDGE_CURVE('',#2180,#2177,#2181,.T.);
#1806=EDGE_CURVE('',#2182,#2180,#2183,.T.);
#1807=EDGE_CURVE('',#2184,#2182,#2185,.T.);
#1808=EDGE_CURVE('',#2178,#2184,#2186,.T.);
#1809=FILL_AREA_STYLE('',(#2187));
#1810=EDGE_CURVE('',#2188,#2171,#2189,.T.);
#1811=EDGE_CURVE('',#2190,#2188,#2191,.T.);
#1812=EDGE_CURVE('',#2192,#2190,#2193,.T.);
#1813=EDGE_CURVE('',#2173,#2192,#2194,.T.);
#1814=FILL_AREA_STYLE('',(#2195));
#1815=EDGE_CURVE('',#2188,#2178,#2196,.T.);
#1816=EDGE_CURVE('',#2192,#2182,#2197,.T.);
#1817=FILL_AREA_STYLE('',(#2198));
#1818=EDGE_CURVE('',#2163,#2180,#2199,.T.);
#1819=FILL_AREA_STYLE('',(#2200));
#1820=EDGE_CURVE('',#2201,#2169,#2202,.T.);
#1821=EDGE_CURVE('',#2177,#2201,#2203,.T.);
#1822=FILL_AREA_STYLE('',(#2204));
#1823=EDGE_CURVE('',#2205,#2167,#2206,.T.);
#1824=EDGE_CURVE('',#2201,#2205,#2207,.T.);
#1825=FILL_AREA_STYLE('',(#2208));
#1826=EDGE_CURVE('',#2159,#2205,#2209,.T.);
#1827=FILL_AREA_STYLE('',(#2210));
#1828=EDGE_CURVE('',#2211,#2212,#2213,.T.);
#1829=EDGE_CURVE('',#2214,#2211,#2215,.T.);
#1830=EDGE_CURVE('',#2214,#2216,#2217,.T.);
#1831=EDGE_CURVE('',#2212,#2216,#2218,.T.);
#1832=FILL_AREA_STYLE('',(#2219));
#1833=EDGE_CURVE('',#2220,#2211,#2221,.T.);
#1834=EDGE_CURVE('',#2220,#2222,#2223,.T.);
#1835=EDGE_CURVE('',#2222,#2224,#2225,.T.);
#1836=EDGE_CURVE('',#2224,#2226,#2227,.T.);
#1837=EDGE_CURVE('',#2226,#2214,#2228,.T.);
#1838=FILL_AREA_STYLE('',(#2229));
#1839=EDGE_CURVE('',#2230,#2231,#2232,.T.);
#1840=EDGE_CURVE('',#2233,#2230,#2234,.T.);
#1841=EDGE_CURVE('',#2235,#2233,#2236,.T.);
#1842=EDGE_CURVE('',#2237,#2235,#2238,.T.);
#1843=EDGE_CURVE('',#2231,#2237,#2239,.T.);
#1844=FILL_AREA_STYLE('',(#2240));
#1845=EDGE_CURVE('',#2241,#2224,#2242,.T.);
#1846=EDGE_CURVE('',#2243,#2241,#2244,.T.);
#1847=EDGE_CURVE('',#2245,#2243,#2246,.T.);
#1848=EDGE_CURVE('',#2226,#2245,#2247,.T.);
#1849=FILL_AREA_STYLE('',(#2248));
#1850=EDGE_CURVE('',#2241,#2231,#2249,.T.);
#1851=EDGE_CURVE('',#2245,#2235,#2250,.T.);
#1852=FILL_AREA_STYLE('',(#2251));
#1853=EDGE_CURVE('',#2216,#2233,#2252,.T.);
#1854=FILL_AREA_STYLE('',(#2253));
#1855=EDGE_CURVE('',#2254,#2222,#2255,.T.);
#1856=EDGE_CURVE('',#2230,#2254,#2256,.T.);
#1857=FILL_AREA_STYLE('',(#2257));
#1858=EDGE_CURVE('',#2258,#2220,#2259,.T.);
#1859=EDGE_CURVE('',#2254,#2258,#2260,.T.);
#1860=FILL_AREA_STYLE('',(#2261));
#1861=EDGE_CURVE('',#2212,#2258,#2262,.T.);
#1862=FILL_AREA_STYLE('',(#2263));
#1863=EDGE_CURVE('',#2264,#2265,#2266,.T.);
#1864=EDGE_CURVE('',#2267,#2264,#2268,.T.);
#1865=EDGE_CURVE('',#2267,#2269,#2270,.T.);
#1866=EDGE_CURVE('',#2265,#2269,#2271,.T.);
#1867=FILL_AREA_STYLE('',(#2272));
#1868=EDGE_CURVE('',#2273,#2264,#2274,.T.);
#1869=EDGE_CURVE('',#2273,#2275,#2276,.T.);
#1870=EDGE_CURVE('',#2275,#2277,#2278,.T.);
#1871=EDGE_CURVE('',#2277,#2279,#2280,.T.);
#1872=EDGE_CURVE('',#2279,#2267,#2281,.T.);
#1873=FILL_AREA_STYLE('',(#2282));
#1874=EDGE_CURVE('',#2283,#2284,#2285,.T.);
#1875=EDGE_CURVE('',#2286,#2283,#2287,.T.);
#1876=EDGE_CURVE('',#2288,#2286,#2289,.T.);
#1877=EDGE_CURVE('',#2290,#2288,#2291,.T.);
#1878=EDGE_CURVE('',#2284,#2290,#2292,.T.);
#1879=FILL_AREA_STYLE('',(#2293));
#1880=EDGE_CURVE('',#2294,#2277,#2295,.T.);
#1881=EDGE_CURVE('',#2296,#2294,#2297,.T.);
#1882=EDGE_CURVE('',#2298,#2296,#2299,.T.);
#1883=EDGE_CURVE('',#2279,#2298,#2300,.T.);
#1884=FILL_AREA_STYLE('',(#2301));
#1885=EDGE_CURVE('',#2294,#2284,#2302,.T.);
#1886=EDGE_CURVE('',#2298,#2288,#2303,.T.);
#1887=FILL_AREA_STYLE('',(#2304));
#1888=EDGE_CURVE('',#2269,#2286,#2305,.T.);
#1889=FILL_AREA_STYLE('',(#2306));
#1890=EDGE_CURVE('',#2307,#2275,#2308,.T.);
#1891=EDGE_CURVE('',#2283,#2307,#2309,.T.);
#1892=FILL_AREA_STYLE('',(#2310));
#1893=EDGE_CURVE('',#2311,#2273,#2312,.T.);
#1894=EDGE_CURVE('',#2307,#2311,#2313,.T.);
#1895=FILL_AREA_STYLE('',(#2314));
#1896=EDGE_CURVE('',#2265,#2311,#2315,.T.);
#1897=FILL_AREA_STYLE('',(#2316));
#1898=EDGE_CURVE('',#2317,#2318,#2319,.T.);
#1899=EDGE_CURVE('',#2320,#2317,#2321,.T.);
#1900=EDGE_CURVE('',#2320,#2322,#2323,.T.);
#1901=EDGE_CURVE('',#2322,#2318,#2324,.T.);
#1902=FILL_AREA_STYLE('',(#2325));
#1903=EDGE_CURVE('',#2318,#2326,#2327,.T.);
#1904=EDGE_CURVE('',#2322,#2328,#2329,.T.);
#1905=EDGE_CURVE('',#2328,#2326,#2330,.T.);
#1906=FILL_AREA_STYLE('',(#2331));
#1907=EDGE_CURVE('',#2326,#2332,#2333,.T.);
#1908=EDGE_CURVE('',#2328,#2334,#2335,.T.);
#1909=EDGE_CURVE('',#2334,#2332,#2336,.T.);
#1910=FILL_AREA_STYLE('',(#2337));
#1911=EDGE_CURVE('',#2332,#2338,#2339,.T.);
#1912=EDGE_CURVE('',#2334,#2340,#2341,.T.);
#1913=EDGE_CURVE('',#2340,#2338,#2342,.T.);
#1914=FILL_AREA_STYLE('',(#2343));
#1915=EDGE_CURVE('',#2338,#2344,#2345,.T.);
#1916=EDGE_CURVE('',#2340,#2346,#2347,.T.);
#1917=EDGE_CURVE('',#2346,#2344,#2348,.T.);
#1918=FILL_AREA_STYLE('',(#2349));
#1919=EDGE_CURVE('',#2344,#2350,#2351,.T.);
#1920=EDGE_CURVE('',#2346,#2352,#2353,.T.);
#1921=EDGE_CURVE('',#2352,#2350,#2354,.T.);
#1922=FILL_AREA_STYLE('',(#2355));
#1923=EDGE_CURVE('',#2350,#2356,#2357,.T.);
#1924=EDGE_CURVE('',#2352,#2358,#2359,.T.);
#1925=EDGE_CURVE('',#2358,#2356,#2360,.T.);
#1926=FILL_AREA_STYLE('',(#2361));
#1927=EDGE_CURVE('',#2356,#2362,#2363,.T.);
#1928=EDGE_CURVE('',#2358,#2364,#2365,.T.);
#1929=EDGE_CURVE('',#2364,#2362,#2366,.T.);
#1930=FILL_AREA_STYLE('',(#2367));
#1931=EDGE_CURVE('',#2362,#2368,#2369,.T.);
#1932=EDGE_CURVE('',#2364,#2370,#2371,.T.);
#1933=EDGE_CURVE('',#2370,#2368,#2372,.T.);
#1934=FILL_AREA_STYLE('',(#2373));
#1935=EDGE_CURVE('',#2368,#2374,#2375,.T.);
#1936=EDGE_CURVE('',#2370,#2376,#2377,.T.);
#1937=EDGE_CURVE('',#2376,#2374,#2378,.T.);
#1938=FILL_AREA_STYLE('',(#2379));
#1939=EDGE_CURVE('',#2374,#2380,#2381,.T.);
#1940=EDGE_CURVE('',#2376,#2382,#2383,.T.);
#1941=EDGE_CURVE('',#2382,#2380,#2384,.T.);
#1942=FILL_AREA_STYLE('',(#2385));
#1943=EDGE_CURVE('',#2380,#2386,#2387,.T.);
#1944=EDGE_CURVE('',#2382,#2388,#2389,.T.);
#1945=EDGE_CURVE('',#2388,#2386,#2390,.T.);
#1946=FILL_AREA_STYLE('',(#2391));
#1947=EDGE_CURVE('',#2386,#2317,#2392,.T.);
#1948=EDGE_CURVE('',#2388,#2320,#2393,.T.);
#1949=FILL_AREA_STYLE('',(#2394));
#1950=FILL_AREA_STYLE('',(#2395));
#1951=EDGE_CURVE('',#2396,#2397,#2398,.T.);
#1952=EDGE_CURVE('',#2399,#2396,#2400,.T.);
#1953=EDGE_CURVE('',#2399,#2401,#2402,.T.);
#1954=EDGE_CURVE('',#2397,#2401,#2403,.T.);
#1955=FILL_AREA_STYLE('',(#2404));
#1956=EDGE_CURVE('',#2405,#2396,#2406,.T.);
#1957=EDGE_CURVE('',#2407,#2405,#2408,.T.);
#1958=EDGE_CURVE('',#2409,#2407,#2410,.T.);
#1959=EDGE_CURVE('',#2411,#2409,#2412,.T.);
#1960=EDGE_CURVE('',#2413,#2411,#2414,.T.);
#1961=EDGE_CURVE('',#2415,#2413,#2416,.T.);
#1962=EDGE_CURVE('',#2417,#2415,#2418,.T.);
#1963=EDGE_CURVE('',#2419,#2417,#2420,.T.);
#1964=EDGE_CURVE('',#2421,#2419,#2422,.T.);
#1965=EDGE_CURVE('',#2423,#2421,#2424,.T.);
#1966=EDGE_CURVE('',#2425,#2423,#2426,.T.);
#1967=EDGE_CURVE('',#2427,#2425,#2428,.T.);
#1968=EDGE_CURVE('',#2429,#2427,#2430,.T.);
#1969=EDGE_CURVE('',#2399,#2429,#2431,.T.);
#1970=FILL_AREA_STYLE('',(#2432));
#1971=EDGE_CURVE('',#2433,#2401,#2434,.T.);
#1972=EDGE_CURVE('',#2435,#2433,#2436,.T.);
#1973=EDGE_CURVE('',#2437,#2435,#2438,.T.);
#1974=EDGE_CURVE('',#2439,#2437,#2440,.T.);
#1975=EDGE_CURVE('',#2441,#2439,#2442,.T.);
#1976=EDGE_CURVE('',#2443,#2441,#2444,.T.);
#1977=EDGE_CURVE('',#2445,#2443,#2446,.T.);
#1978=EDGE_CURVE('',#2447,#2445,#2448,.T.);
#1979=EDGE_CURVE('',#2397,#2447,#2449,.T.);
#1980=FILL_AREA_STYLE('',(#2450));
#1981=EDGE_CURVE('',#2451,#2429,#2452,.T.);
#1982=EDGE_CURVE('',#2451,#2453,#2454,.T.);
#1983=EDGE_CURVE('',#2453,#2399,#2455,.T.);
#1984=FILL_AREA_STYLE('',(#2456));
#1985=EDGE_CURVE('',#2457,#2427,#2458,.T.);
#1986=EDGE_CURVE('',#2457,#2451,#2459,.T.);
#1987=FILL_AREA_STYLE('',(#2460));
#1988=EDGE_CURVE('',#2461,#2425,#2462,.T.);
#1989=EDGE_CURVE('',#2461,#2457,#2463,.T.);
#1990=FILL_AREA_STYLE('',(#2464));
#1991=EDGE_CURVE('',#2465,#2423,#2466,.T.);
#1992=EDGE_CURVE('',#2465,#2461,#2467,.T.);
#1993=FILL_AREA_STYLE('',(#2468));
#1994=EDGE_CURVE('',#2469,#2421,#2470,.T.);
#1995=EDGE_CURVE('',#2469,#2465,#2471,.T.);
#1996=FILL_AREA_STYLE('',(#2472));
#1997=EDGE_CURVE('',#2473,#2453,#2474,.T.);
#1998=EDGE_CURVE('',#2475,#2453,#2476,.T.);
#1999=EDGE_CURVE('',#2477,#2475,#2478,.T.);
#2000=EDGE_CURVE('',#2473,#2477,#2479,.T.);
#2001=FILL_AREA_STYLE('',(#2480));
#2002=EDGE_CURVE('',#2481,#2469,#2482,.T.);
#2003=EDGE_CURVE('',#2483,#2481,#2484,.T.);
#2004=EDGE_CURVE('',#2485,#2483,#2486,.T.);
#2005=EDGE_CURVE('',#2487,#2485,#2488,.T.);
#2006=EDGE_CURVE('',#2489,#2487,#2490,.T.);
#2007=EDGE_CURVE('',#2491,#2489,#2492,.T.);
#2008=EDGE_CURVE('',#2493,#2491,#2494,.T.);
#2009=EDGE_CURVE('',#2495,#2493,#2496,.T.);
#2010=EDGE_CURVE('',#2475,#2495,#2497,.T.);
#2011=FILL_AREA_STYLE('',(#2498));
#2012=EDGE_CURVE('',#2481,#2419,#2499,.T.);
#2013=FILL_AREA_STYLE('',(#2500));
#2014=EDGE_CURVE('',#2477,#2501,#2502,.T.);
#2015=EDGE_CURVE('',#2501,#2503,#2504,.T.);
#2016=EDGE_CURVE('',#2503,#2505,#2506,.T.);
#2017=EDGE_CURVE('',#2505,#2507,#2508,.T.);
#2018=EDGE_CURVE('',#2507,#2509,#2510,.T.);
#2019=EDGE_CURVE('',#2509,#2511,#2512,.T.);
#2020=EDGE_CURVE('',#2511,#2513,#2514,.T.);
#2021=EDGE_CURVE('',#2513,#2515,#2516,.T.);
#2022=EDGE_CURVE('',#2473,#2515,#2517,.T.);
#2023=FILL_AREA_STYLE('',(#2518));
#2024=EDGE_CURVE('',#2519,#2520,#2521,.T.);
#2025=EDGE_CURVE('',#2522,#2519,#2523,.T.);
#2026=EDGE_CURVE('',#2524,#2522,#2525,.T.);
#2027=EDGE_CURVE('',#2520,#2524,#2526,.T.);
#2028=FILL_AREA_STYLE('',(#2527));
#2029=EDGE_CURVE('',#2520,#2528,#2529,.T.);
#2030=EDGE_CURVE('',#2530,#2524,#2531,.T.);
#2031=EDGE_CURVE('',#2530,#2528,#2532,.T.);
#2032=FILL_AREA_STYLE('',(#2533));
#2033=EDGE_CURVE('',#2528,#2534,#2535,.T.);
#2034=EDGE_CURVE('',#2536,#2530,#2537,.T.);
#2035=EDGE_CURVE('',#2534,#2536,#2538,.T.);
#2036=FILL_AREA_STYLE('',(#2539));
#2037=EDGE_CURVE('',#2534,#2519,#2540,.T.);
#2038=EDGE_CURVE('',#2522,#2536,#2541,.T.);
#2039=FILL_AREA_STYLE('',(#2542));
#2040=EDGE_CURVE('',#2543,#2544,#2545,.T.);
#2041=EDGE_CURVE('',#2543,#2546,#2547,.T.);
#2042=EDGE_CURVE('',#2548,#2546,#2549,.T.);
#2043=EDGE_CURVE('',#2544,#2548,#2550,.T.);
#2044=FILL_AREA_STYLE('',(#2551));
#2045=EDGE_CURVE('',#2552,#2553,#2554,.T.);
#2046=EDGE_CURVE('',#2555,#2552,#2556,.T.);
#2047=EDGE_CURVE('',#2557,#2555,#2558,.T.);
#2048=EDGE_CURVE('',#2553,#2557,#2559,.T.);
#2049=FILL_AREA_STYLE('',(#2560));
#2050=EDGE_CURVE('',#2553,#2543,#2561,.T.);
#2051=EDGE_CURVE('',#2562,#2544,#2563,.T.);
#2052=EDGE_CURVE('',#2562,#2564,#2565,.T.);
#2053=EDGE_CURVE('',#2564,#2566,#2567,.T.);
#2054=EDGE_CURVE('',#2566,#2568,#2569,.T.);
#2055=EDGE_CURVE('',#2511,#2568,#2570,.T.);
#2056=EDGE_CURVE('',#2509,#2439,#2571,.T.);
#2057=EDGE_CURVE('',#2552,#2437,#2572,.T.);
#2058=FILL_AREA_STYLE('',(#2573));
#2059=EDGE_CURVE('',#2574,#2548,#2575,.T.);
#2060=EDGE_CURVE('',#2574,#2562,#2576,.T.);
#2061=FILL_AREA_STYLE('',(#2577));
#2062=EDGE_CURVE('',#2578,#2546,#2579,.T.);
#2063=EDGE_CURVE('',#2578,#2574,#2580,.T.);
#2064=FILL_AREA_STYLE('',(#2581));
#2065=EDGE_CURVE('',#2564,#2578,#2582,.T.);
#2066=FILL_AREA_STYLE('',(#2583));
#2067=EDGE_CURVE('',#2584,#2585,#2586,.T.);
#2068=EDGE_CURVE('',#2568,#2584,#2587,.T.);
#2069=EDGE_CURVE('',#2566,#2585,#2588,.T.);
#2070=FILL_AREA_STYLE('',(#2589));
#2071=EDGE_CURVE('',#2557,#2433,#2590,.T.);
#2072=EDGE_CURVE('',#2515,#2585,#2591,.T.);
#2073=FILL_AREA_STYLE('',(#2592));
#2074=EDGE_CURVE('',#2555,#2435,#2593,.T.);
#2075=FILL_AREA_STYLE('',(#2594));
#2076=EDGE_CURVE('',#2513,#2584,#2595,.T.);
#2077=FILL_AREA_STYLE('',(#2596));
#2078=FILL_AREA_STYLE('',(#2597));
#2079=EDGE_CURVE('',#2483,#2417,#2598,.T.);
#2080=FILL_AREA_STYLE('',(#2599));
#2081=EDGE_CURVE('',#2485,#2415,#2600,.T.);
#2082=FILL_AREA_STYLE('',(#2601));
#2083=EDGE_CURVE('',#2487,#2413,#2602,.T.);
#2084=FILL_AREA_STYLE('',(#2603));
#2085=EDGE_CURVE('',#2489,#2411,#2604,.T.);
#2086=FILL_AREA_STYLE('',(#2605));
#2087=EDGE_CURVE('',#2491,#2409,#2606,.T.);
#2088=FILL_AREA_STYLE('',(#2607));
#2089=EDGE_CURVE('',#2493,#2407,#2608,.T.);
#2090=FILL_AREA_STYLE('',(#2609));
#2091=EDGE_CURVE('',#2495,#2405,#2610,.T.);
#2092=FILL_AREA_STYLE('',(#2611));
#2093=EDGE_CURVE('',#2475,#2396,#2612,.T.);
#2094=FILL_AREA_STYLE('',(#2613));
#2095=EDGE_CURVE('',#2501,#2447,#2614,.T.);
#2096=FILL_AREA_STYLE('',(#2615));
#2097=EDGE_CURVE('',#2503,#2445,#2616,.T.);
#2098=FILL_AREA_STYLE('',(#2617));
#2099=EDGE_CURVE('',#2505,#2443,#2618,.T.);
#2100=FILL_AREA_STYLE('',(#2619));
#2101=EDGE_CURVE('',#2507,#2441,#2620,.T.);
#2102=FILL_AREA_STYLE('',(#2621));
#2103=FILL_AREA_STYLE('',(#2622));
#2104=FILL_AREA_STYLE_COLOUR('',#2623);
#2105=VERTEX_POINT('',#2624);
#2106=VERTEX_POINT('',#2625);
#2107=LINE('',#2626,#2627);
#2108=VERTEX_POINT('',#2628);
#2109=LINE('',#2629,#2630);
#2110=VERTEX_POINT('',#2631);
#2111=LINE('',#2632,#2633);
#2112=LINE('',#2634,#2635);
#2113=FILL_AREA_STYLE_COLOUR('',#2636);
#2114=VERTEX_POINT('',#2637);
#2115=LINE('',#2638,#2639);
#2116=VERTEX_POINT('',#2640);
#2117=LINE('',#2641,#2642);
#2118=VERTEX_POINT('',#2643);
#2119=CIRCLE('',#2644,1.53);
#2120=VERTEX_POINT('',#2645);
#2121=LINE('',#2646,#2647);
#2122=CIRCLE('',#2648,1.53);
#2123=FILL_AREA_STYLE_COLOUR('',#2649);
#2124=VERTEX_POINT('',#2650);
#2125=VERTEX_POINT('',#2651);
#2126=B_SPLINE_CURVE_WITH_KNOTS('',3,(#2652,#2653,#2654,#2655,#2656,#2657,#2658,#2659),.UNSPECIFIED.,.F.,.F.,(4,2,2,4),(7.35442012200781,7.36869867882594,7.66086462415878,8.09629341778117),.UNSPECIFIED.);
#2127=VERTEX_POINT('',#2660);
#2128=LINE('',#2661,#2662);
#2129=VERTEX_POINT('',#2663);
#2130=B_SPLINE_CURVE_WITH_KNOTS('',3,(#2664,#2665,#2666,#2667,#2668,#2669,#2670,#2671),.UNSPECIFIED.,.F.,.F.,(4,2,2,4),(1.48750294999522,1.92293174361765,2.21509768895048,2.22937624577056),.UNSPECIFIED.);
#2131=VERTEX_POINT('',#2672);
#2132=B_SPLINE_CURVE_WITH_KNOTS('',3,(#2673,#2674,#2675,#2676,#2677,#2678,#2679,#2680,#2681,#2682,#2683,#2684,#2685,#2686),.UNSPECIFIED.,.F.,.F.,(4,2,2,2,2,2,4),(0.627436148734532,0.771794905022837,0.888609978367,1.00542505171116,1.12224012505533,1.23905519839949,1.38341395468779),.UNSPECIFIED.);
#2133=B_SPLINE_CURVE_WITH_KNOTS('',3,(#2687,#2688,#2689,#2690,#2691,#2692,#2693,#2694,#2695,#2696,#2697,#2698,#2699,#2700),.UNSPECIFIED.,.F.,.F.,(4,2,2,2,2,2,4),(0.627436148734532,0.771794905022837,0.888609978367,1.00542505171116,1.12224012505533,1.23905519839949,1.38341395468779),.UNSPECIFIED.);
#2134=FILL_AREA_STYLE_COLOUR('',#2701);
#2135=VERTEX_POINT('',#2702);
#2136=B_SPLINE_CURVE_WITH_KNOTS('',3,(#2703,#2704,#2705,#2706,#2707,#2708,#2709,#2710),.UNSPECIFIED.,.F.,.F.,(4,2,2,4),(1.48750294999524,1.92293174361764,2.21509768895048,2.22937624577055),.UNSPECIFIED.);
#2137=VERTEX_POINT('',#2711);
#2138=B_SPLINE_CURVE_WITH_KNOTS('',3,(#2712,#2713,#2714,#2715,#2716,#2717,#2718,#2719,#2720,#2721,#2722,#2723,#2724,#2725),.UNSPECIFIED.,.F.,.F.,(4,2,2,2,2,2,4),(0.627436148734532,0.771794905022837,0.888609978367,1.00542505171116,1.12224012505533,1.23905519839949,1.38341395468779),.UNSPECIFIED.);
#2139=VERTEX_POINT('',#2726);
#2140=B_SPLINE_CURVE_WITH_KNOTS('',3,(#2727,#2728,#2729,#2730,#2731,#2732,#2733,#2734,#2735,#2736,#2737,#2738,#2739,#2740),.UNSPECIFIED.,.F.,.F.,(4,2,2,2,2,2,4),(0.627436148734532,0.771794905022837,0.888609978367,1.00542505171116,1.12224012505533,1.23905519839949,1.38341395468779),.UNSPECIFIED.);
#2141=B_SPLINE_CURVE_WITH_KNOTS('',3,(#2741,#2742,#2743,#2744,#2745,#2746,#2747,#2748),.UNSPECIFIED.,.F.,.F.,(4,2,2,4),(7.35442012200781,7.36869867882594,7.66086462415878,8.09629341778121),.UNSPECIFIED.);
#2142=FILL_AREA_STYLE_COLOUR('',#2749);
#2143=LINE('',#2750,#2751);
#2144=LINE('',#2752,#2753);
#2145=FILL_AREA_STYLE_COLOUR('',#2754);
#2146=CIRCLE('',#2755,1.53);
#2147=FILL_AREA_STYLE_COLOUR('',#2756);
#2148=VERTEX_POINT('',#2757);
#2149=LINE('',#2758,#2759);
#2150=CIRCLE('',#2760,1.53);
#2151=FILL_AREA_STYLE_COLOUR('',#2761);
#2152=VERTEX_POINT('',#2762);
#2153=LINE('',#2763,#2764);
#2154=LINE('',#2765,#2766);
#2155=FILL_AREA_STYLE_COLOUR('',#2767);
#2156=LINE('',#2768,#2769);
#2157=FILL_AREA_STYLE_COLOUR('',#2770);
#2158=VERTEX_POINT('',#2771);
#2159=VERTEX_POINT('',#2772);
#2160=LINE('',#2773,#2774);
#2161=VERTEX_POINT('',#2775);
#2162=LINE('',#2776,#2777);
#2163=VERTEX_POINT('',#2778);
#2164=LINE('',#2779,#2780);
#2165=LINE('',#2781,#2782);
#2166=FILL_AREA_STYLE_COLOUR('',#2783);
#2167=VERTEX_POINT('',#2784);
#2168=LINE('',#2785,#2786);
#2169=VERTEX_POINT('',#2787);
#2170=LINE('',#2788,#2789);
#2171=VERTEX_POINT('',#2790);
#2172=CIRCLE('',#2791,1.53);
#2173=VERTEX_POINT('',#2792);
#2174=LINE('',#2793,#2794);
#2175=CIRCLE('',#2795,1.53);
#2176=FILL_AREA_STYLE_COLOUR('',#2796);
#2177=VERTEX_POINT('',#2797);
#2178=VERTEX_POINT('',#2798);
#2179=B_SPLINE_CURVE_WITH_KNOTS('',3,(#2799,#2800,#2801,#2802,#2803,#2804,#2805,#2806),.UNSPECIFIED.,.F.,.F.,(4,2,2,4),(7.35442012200781,7.36869867882594,7.66086462415878,8.09629341778117),.UNSPECIFIED.);
#2180=VERTEX_POINT('',#2807);
#2181=LINE('',#2808,#2809);
#2182=VERTEX_POINT('',#2810);
#2183=B_SPLINE_CURVE_WITH_KNOTS('',3,(#2811,#2812,#2813,#2814,#2815,#2816,#2817,#2818),.UNSPECIFIED.,.F.,.F.,(4,2,2,4),(1.48750294999522,1.92293174361765,2.21509768895048,2.22937624577056),.UNSPECIFIED.);
#2184=VERTEX_POINT('',#2819);
#2185=B_SPLINE_CURVE_WITH_KNOTS('',3,(#2820,#2821,#2822,#2823,#2824,#2825,#2826,#2827,#2828,#2829,#2830,#2831,#2832,#2833),.UNSPECIFIED.,.F.,.F.,(4,2,2,2,2,2,4),(0.627436148734532,0.771794905022837,0.888609978367,1.00542505171116,1.12224012505533,1.23905519839949,1.38341395468779),.UNSPECIFIED.);
#2186=B_SPLINE_CURVE_WITH_KNOTS('',3,(#2834,#2835,#2836,#2837,#2838,#2839,#2840,#2841,#2842,#2843,#2844,#2845,#2846,#2847),.UNSPECIFIED.,.F.,.F.,(4,2,2,2,2,2,4),(0.627436148734532,0.771794905022837,0.888609978367,1.00542505171116,1.12224012505533,1.23905519839949,1.38341395468779),.UNSPECIFIED.);
#2187=FILL_AREA_STYLE_COLOUR('',#2848);
#2188=VERTEX_POINT('',#2849);
#2189=B_SPLINE_CURVE_WITH_KNOTS('',3,(#2850,#2851,#2852,#2853,#2854,#2855,#2856,#2857),.UNSPECIFIED.,.F.,.F.,(4,2,2,4),(1.48750294999524,1.92293174361764,2.21509768895048,2.22937624577055),.UNSPECIFIED.);
#2190=VERTEX_POINT('',#2858);
#2191=B_SPLINE_CURVE_WITH_KNOTS('',3,(#2859,#2860,#2861,#2862,#2863,#2864,#2865,#2866,#2867,#2868,#2869,#2870,#2871,#2872),.UNSPECIFIED.,.F.,.F.,(4,2,2,2,2,2,4),(0.627436148734532,0.771794905022837,0.888609978367,1.00542505171116,1.12224012505533,1.23905519839949,1.38341395468779),.UNSPECIFIED.);
#2192=VERTEX_POINT('',#2873);
#2193=B_SPLINE_CURVE_WITH_KNOTS('',3,(#2874,#2875,#2876,#2877,#2878,#2879,#2880,#2881,#2882,#2883,#2884,#2885,#2886,#2887),.UNSPECIFIED.,.F.,.F.,(4,2,2,2,2,2,4),(0.627436148734532,0.771794905022837,0.888609978367,1.00542505171116,1.12224012505533,1.23905519839949,1.38341395468779),.UNSPECIFIED.);
#2194=B_SPLINE_CURVE_WITH_KNOTS('',3,(#2888,#2889,#2890,#2891,#2892,#2893,#2894,#2895),.UNSPECIFIED.,.F.,.F.,(4,2,2,4),(7.35442012200781,7.36869867882594,7.66086462415878,8.09629341778121),.UNSPECIFIED.);
#2195=FILL_AREA_STYLE_COLOUR('',#2896);
#2196=LINE('',#2897,#2898);
#2197=LINE('',#2899,#2900);
#2198=FILL_AREA_STYLE_COLOUR('',#2901);
#2199=CIRCLE('',#2902,1.53);
#2200=FILL_AREA_STYLE_COLOUR('',#2903);
#2201=VERTEX_POINT('',#2904);
#2202=LINE('',#2905,#2906);
#2203=CIRCLE('',#2907,1.53);
#2204=FILL_AREA_STYLE_COLOUR('',#2908);
#2205=VERTEX_POINT('',#2909);
#2206=LINE('',#2910,#2911);
#2207=LINE('',#2912,#2913);
#2208=FILL_AREA_STYLE_COLOUR('',#2914);
#2209=LINE('',#2915,#2916);
#2210=FILL_AREA_STYLE_COLOUR('',#2917);
#2211=VERTEX_POINT('',#2918);
#2212=VERTEX_POINT('',#2919);
#2213=LINE('',#2920,#2921);
#2214=VERTEX_POINT('',#2922);
#2215=LINE('',#2923,#2924);
#2216=VERTEX_POINT('',#2925);
#2217=LINE('',#2926,#2927);
#2218=LINE('',#2928,#2929);
#2219=FILL_AREA_STYLE_COLOUR('',#2930);
#2220=VERTEX_POINT('',#2931);
#2221=LINE('',#2932,#2933);
#2222=VERTEX_POINT('',#2934);
#2223=LINE('',#2935,#2936);
#2224=VERTEX_POINT('',#2937);
#2225=CIRCLE('',#2938,1.53);
#2226=VERTEX_POINT('',#2939);
#2227=LINE('',#2940,#2941);
#2228=CIRCLE('',#2942,1.53);
#2229=FILL_AREA_STYLE_COLOUR('',#2943);
#2230=VERTEX_POINT('',#2944);
#2231=VERTEX_POINT('',#2945);
#2232=B_SPLINE_CURVE_WITH_KNOTS('',3,(#2946,#2947,#2948,#2949,#2950,#2951,#2952,#2953),.UNSPECIFIED.,.F.,.F.,(4,2,2,4),(7.35442012200781,7.36869867882594,7.66086462415878,8.09629341778117),.UNSPECIFIED.);
#2233=VERTEX_POINT('',#2954);
#2234=LINE('',#2955,#2956);
#2235=VERTEX_POINT('',#2957);
#2236=B_SPLINE_CURVE_WITH_KNOTS('',3,(#2958,#2959,#2960,#2961,#2962,#2963,#2964,#2965),.UNSPECIFIED.,.F.,.F.,(4,2,2,4),(1.48750294999522,1.92293174361765,2.21509768895048,2.22937624577056),.UNSPECIFIED.);
#2237=VERTEX_POINT('',#2966);
#2238=B_SPLINE_CURVE_WITH_KNOTS('',3,(#2967,#2968,#2969,#2970,#2971,#2972,#2973,#2974,#2975,#2976,#2977,#2978,#2979,#2980),.UNSPECIFIED.,.F.,.F.,(4,2,2,2,2,2,4),(0.627436148734531,0.771794905022836,0.888609978366999,1.00542505171116,1.12224012505532,1.23905519839949,1.38341395468779),.UNSPECIFIED.);
#2239=B_SPLINE_CURVE_WITH_KNOTS('',3,(#2981,#2982,#2983,#2984,#2985,#2986,#2987,#2988,#2989,#2990,#2991,#2992,#2993,#2994),.UNSPECIFIED.,.F.,.F.,(4,2,2,2,2,2,4),(0.627436148734531,0.771794905022836,0.888609978366999,1.00542505171116,1.12224012505532,1.23905519839949,1.38341395468779),.UNSPECIFIED.);
#2240=FILL_AREA_STYLE_COLOUR('',#2995);
#2241=VERTEX_POINT('',#2996);
#2242=B_SPLINE_CURVE_WITH_KNOTS('',3,(#2997,#2998,#2999,#3000,#3001,#3002,#3003,#3004),.UNSPECIFIED.,.F.,.F.,(4,2,2,4),(1.48750294999525,1.92293174361764,2.21509768895048,2.22937624577055),.UNSPECIFIED.);
#2243=VERTEX_POINT('',#3005);
#2244=B_SPLINE_CURVE_WITH_KNOTS('',3,(#3006,#3007,#3008,#3009,#3010,#3011,#3012,#3013,#3014,#3015,#3016,#3017,#3018,#3019),.UNSPECIFIED.,.F.,.F.,(4,2,2,2,2,2,4),(0.627436148734531,0.771794905022836,0.888609978366999,1.00542505171116,1.12224012505532,1.23905519839949,1.38341395468779),.UNSPECIFIED.);
#2245=VERTEX_POINT('',#3020);
#2246=B_SPLINE_CURVE_WITH_KNOTS('',3,(#3021,#3022,#3023,#3024,#3025,#3026,#3027,#3028,#3029,#3030,#3031,#3032,#3033,#3034),.UNSPECIFIED.,.F.,.F.,(4,2,2,2,2,2,4),(0.627436148734531,0.771794905022836,0.888609978366999,1.00542505171116,1.12224012505532,1.23905519839949,1.38341395468779),.UNSPECIFIED.);
#2247=B_SPLINE_CURVE_WITH_KNOTS('',3,(#3035,#3036,#3037,#3038,#3039,#3040,#3041,#3042),.UNSPECIFIED.,.F.,.F.,(4,2,2,4),(7.35442012200782,7.36869867882595,7.66086462415878,8.09629341778121),.UNSPECIFIED.);
#2248=FILL_AREA_STYLE_COLOUR('',#3043);
#2249=LINE('',#3044,#3045);
#2250=LINE('',#3046,#3047);
#2251=FILL_AREA_STYLE_COLOUR('',#3048);
#2252=CIRCLE('',#3049,1.53);
#2253=FILL_AREA_STYLE_COLOUR('',#3050);
#2254=VERTEX_POINT('',#3051);
#2255=LINE('',#3052,#3053);
#2256=CIRCLE('',#3054,1.53);
#2257=FILL_AREA_STYLE_COLOUR('',#3055);
#2258=VERTEX_POINT('',#3056);
#2259=LINE('',#3057,#3058);
#2260=LINE('',#3059,#3060);
#2261=FILL_AREA_STYLE_COLOUR('',#3061);
#2262=LINE('',#3062,#3063);
#2263=FILL_AREA_STYLE_COLOUR('',#3064);
#2264=VERTEX_POINT('',#3065);
#2265=VERTEX_POINT('',#3066);
#2266=LINE('',#3067,#3068);
#2267=VERTEX_POINT('',#3069);
#2268=LINE('',#3070,#3071);
#2269=VERTEX_POINT('',#3072);
#2270=LINE('',#3073,#3074);
#2271=LINE('',#3075,#3076);
#2272=FILL_AREA_STYLE_COLOUR('',#3077);
#2273=VERTEX_POINT('',#3078);
#2274=LINE('',#3079,#3080);
#2275=VERTEX_POINT('',#3081);
#2276=LINE('',#3082,#3083);
#2277=VERTEX_POINT('',#3084);
#2278=CIRCLE('',#3085,1.53);
#2279=VERTEX_POINT('',#3086);
#2280=LINE('',#3087,#3088);
#2281=CIRCLE('',#3089,1.53);
#2282=FILL_AREA_STYLE_COLOUR('',#3090);
#2283=VERTEX_POINT('',#3091);
#2284=VERTEX_POINT('',#3092);
#2285=B_SPLINE_CURVE_WITH_KNOTS('',3,(#3093,#3094,#3095,#3096,#3097,#3098,#3099,#3100),.UNSPECIFIED.,.F.,.F.,(4,2,2,4),(7.35442012200781,7.36869867882594,7.66086462415878,8.09629341778117),.UNSPECIFIED.);
#2286=VERTEX_POINT('',#3101);
#2287=LINE('',#3102,#3103);
#2288=VERTEX_POINT('',#3104);
#2289=B_SPLINE_CURVE_WITH_KNOTS('',3,(#3105,#3106,#3107,#3108,#3109,#3110,#3111,#3112),.UNSPECIFIED.,.F.,.F.,(4,2,2,4),(1.48750294999522,1.92293174361765,2.21509768895048,2.22937624577056),.UNSPECIFIED.);
#2290=VERTEX_POINT('',#3113);
#2291=B_SPLINE_CURVE_WITH_KNOTS('',3,(#3114,#3115,#3116,#3117,#3118,#3119,#3120,#3121,#3122,#3123,#3124,#3125,#3126,#3127),.UNSPECIFIED.,.F.,.F.,(4,2,2,2,2,2,4),(0.627436148734531,0.771794905022836,0.888609978366999,1.00542505171116,1.12224012505532,1.23905519839949,1.38341395468779),.UNSPECIFIED.);
#2292=B_SPLINE_CURVE_WITH_KNOTS('',3,(#3128,#3129,#3130,#3131,#3132,#3133,#3134,#3135,#3136,#3137,#3138,#3139,#3140,#3141),.UNSPECIFIED.,.F.,.F.,(4,2,2,2,2,2,4),(0.627436148734531,0.771794905022836,0.888609978366999,1.00542505171116,1.12224012505532,1.23905519839949,1.38341395468779),.UNSPECIFIED.);
#2293=FILL_AREA_STYLE_COLOUR('',#3142);
#2294=VERTEX_POINT('',#3143);
#2295=B_SPLINE_CURVE_WITH_KNOTS('',3,(#3144,#3145,#3146,#3147,#3148,#3149,#3150,#3151),.UNSPECIFIED.,.F.,.F.,(4,2,2,4),(1.48750294999525,1.92293174361764,2.21509768895048,2.22937624577055),.UNSPECIFIED.);
#2296=VERTEX_POINT('',#3152);
#2297=B_SPLINE_CURVE_WITH_KNOTS('',3,(#3153,#3154,#3155,#3156,#3157,#3158,#3159,#3160,#3161,#3162,#3163,#3164,#3165,#3166),.UNSPECIFIED.,.F.,.F.,(4,2,2,2,2,2,4),(0.627436148734531,0.771794905022836,0.888609978366999,1.00542505171116,1.12224012505532,1.23905519839949,1.38341395468779),.UNSPECIFIED.);
#2298=VERTEX_POINT('',#3167);
#2299=B_SPLINE_CURVE_WITH_KNOTS('',3,(#3168,#3169,#3170,#3171,#3172,#3173,#3174,#3175,#3176,#3177,#3178,#3179,#3180,#3181),.UNSPECIFIED.,.F.,.F.,(4,2,2,2,2,2,4),(0.627436148734531,0.771794905022836,0.888609978366999,1.00542505171116,1.12224012505532,1.23905519839949,1.38341395468779),.UNSPECIFIED.);
#2300=B_SPLINE_CURVE_WITH_KNOTS('',3,(#3182,#3183,#3184,#3185,#3186,#3187,#3188,#3189),.UNSPECIFIED.,.F.,.F.,(4,2,2,4),(7.35442012200782,7.36869867882595,7.66086462415878,8.09629341778121),.UNSPECIFIED.);
#2301=FILL_AREA_STYLE_COLOUR('',#3190);
#2302=LINE('',#3191,#3192);
#2303=LINE('',#3193,#3194);
#2304=FILL_AREA_STYLE_COLOUR('',#3195);
#2305=CIRCLE('',#3196,1.53);
#2306=FILL_AREA_STYLE_COLOUR('',#3197);
#2307=VERTEX_POINT('',#3198);
#2308=LINE('',#3199,#3200);
#2309=CIRCLE('',#3201,1.53);
#2310=FILL_AREA_STYLE_COLOUR('',#3202);
#2311=VERTEX_POINT('',#3203);
#2312=LINE('',#3204,#3205);
#2313=LINE('',#3206,#3207);
#2314=FILL_AREA_STYLE_COLOUR('',#3208);
#2315=LINE('',#3209,#3210);
#2316=FILL_AREA_STYLE_COLOUR('',#3211);
#2317=VERTEX_POINT('',#3212);
#2318=VERTEX_POINT('',#3213);
#2319=LINE('',#3214,#3215);
#2320=VERTEX_POINT('',#3216);
#2321=LINE('',#3217,#3218);
#2322=VERTEX_POINT('',#3219);
#2323=LINE('',#3220,#3221);
#2324=LINE('',#3222,#3223);
#2325=FILL_AREA_STYLE_COLOUR('',#3224);
#2326=VERTEX_POINT('',#3225);
#2327=LINE('',#3226,#3227);
#2328=VERTEX_POINT('',#3228);
#2329=LINE('',#3229,#3230);
#2330=LINE('',#3231,#3232);
#2331=FILL_AREA_STYLE_COLOUR('',#3233);
#2332=VERTEX_POINT('',#3234);
#2333=LINE('',#3235,#3236);
#2334=VERTEX_POINT('',#3237);
#2335=LINE('',#3238,#3239);
#2336=LINE('',#3240,#3241);
#2337=FILL_AREA_STYLE_COLOUR('',#3242);
#2338=VERTEX_POINT('',#3243);
#2339=LINE('',#3244,#3245);
#2340=VERTEX_POINT('',#3246);
#2341=LINE('',#3247,#3248);
#2342=LINE('',#3249,#3250);
#2343=FILL_AREA_STYLE_COLOUR('',#3251);
#2344=VERTEX_POINT('',#3252);
#2345=LINE('',#3253,#3254);
#2346=VERTEX_POINT('',#3255);
#2347=LINE('',#3256,#3257);
#2348=LINE('',#3258,#3259);
#2349=FILL_AREA_STYLE_COLOUR('',#3260);
#2350=VERTEX_POINT('',#3261);
#2351=LINE('',#3262,#3263);
#2352=VERTEX_POINT('',#3264);
#2353=LINE('',#3265,#3266);
#2354=LINE('',#3267,#3268);
#2355=FILL_AREA_STYLE_COLOUR('',#3269);
#2356=VERTEX_POINT('',#3270);
#2357=LINE('',#3271,#3272);
#2358=VERTEX_POINT('',#3273);
#2359=LINE('',#3274,#3275);
#2360=LINE('',#3276,#3277);
#2361=FILL_AREA_STYLE_COLOUR('',#3278);
#2362=VERTEX_POINT('',#3279);
#2363=LINE('',#3280,#3281);
#2364=VERTEX_POINT('',#3282);
#2365=LINE('',#3283,#3284);
#2366=LINE('',#3285,#3286);
#2367=FILL_AREA_STYLE_COLOUR('',#3287);
#2368=VERTEX_POINT('',#3288);
#2369=LINE('',#3289,#3290);
#2370=VERTEX_POINT('',#3291);
#2371=LINE('',#3292,#3293);
#2372=LINE('',#3294,#3295);
#2373=FILL_AREA_STYLE_COLOUR('',#3296);
#2374=VERTEX_POINT('',#3297);
#2375=LINE('',#3298,#3299);
#2376=VERTEX_POINT('',#3300);
#2377=LINE('',#3301,#3302);
#2378=LINE('',#3303,#3304);
#2379=FILL_AREA_STYLE_COLOUR('',#3305);
#2380=VERTEX_POINT('',#3306);
#2381=LINE('',#3307,#3308);
#2382=VERTEX_POINT('',#3309);
#2383=LINE('',#3310,#3311);
#2384=LINE('',#3312,#3313);
#2385=FILL_AREA_STYLE_COLOUR('',#3314);
#2386=VERTEX_POINT('',#3315);
#2387=LINE('',#3316,#3317);
#2388=VERTEX_POINT('',#3318);
#2389=LINE('',#3319,#3320);
#2390=LINE('',#3321,#3322);
#2391=FILL_AREA_STYLE_COLOUR('',#3323);
#2392=LINE('',#3324,#3325);
#2393=LINE('',#3326,#3327);
#2394=FILL_AREA_STYLE_COLOUR('',#3328);
#2395=FILL_AREA_STYLE_COLOUR('',#3329);
#2396=VERTEX_POINT('',#3330);
#2397=VERTEX_POINT('',#3331);
#2398=LINE('',#3332,#3333);
#2399=VERTEX_POINT('',#3334);
#2400=LINE('',#3335,#3336);
#2401=VERTEX_POINT('',#3337);
#2402=LINE('',#3338,#3339);
#2403=LINE('',#3340,#3341);
#2404=FILL_AREA_STYLE_COLOUR('',#3342);
#2405=VERTEX_POINT('',#3343);
#2406=LINE('',#3344,#3345);
#2407=VERTEX_POINT('',#3346);
#2408=CIRCLE('',#3347,0.635);
#2409=VERTEX_POINT('',#3348);
#2410=LINE('',#3349,#3350);
#2411=VERTEX_POINT('',#3351);
#2412=CIRCLE('',#3352,1.27);
#2413=VERTEX_POINT('',#3353);
#2414=LINE('',#3354,#3355);
#2415=VERTEX_POINT('',#3356);
#2416=CIRCLE('',#3357,0.635);
#2417=VERTEX_POINT('',#3358);
#2418=LINE('',#3359,#3360);
#2419=VERTEX_POINT('',#3361);
#2420=CIRCLE('',#3362,0.635);
#2421=VERTEX_POINT('',#3363);
#2422=LINE('',#3364,#3365);
#2423=VERTEX_POINT('',#3366);
#2424=LINE('',#3367,#3368);
#2425=VERTEX_POINT('',#3369);
#2426=LINE('',#3370,#3371);
#2427=VERTEX_POINT('',#3372);
#2428=CIRCLE('',#3373,1.778);
#2429=VERTEX_POINT('',#3374);
#2430=LINE('',#3375,#3376);
#2431=LINE('',#3377,#3378);
#2432=FILL_AREA_STYLE_COLOUR('',#3379);
#2433=VERTEX_POINT('',#3380);
#2434=LINE('',#3381,#3382);
#2435=VERTEX_POINT('',#3383);
#2436=LINE('',#3384,#3385);
#2437=VERTEX_POINT('',#3386);
#2438=LINE('',#3387,#3388);
#2439=VERTEX_POINT('',#3389);
#2440=LINE('',#3390,#3391);
#2441=VERTEX_POINT('',#3392);
#2442=LINE('',#3393,#3394);
#2443=VERTEX_POINT('',#3395);
#2444=LINE('',#3396,#3397);
#2445=VERTEX_POINT('',#3398);
#2446=LINE('',#3399,#3400);
#2447=VERTEX_POINT('',#3401);
#2448=LINE('',#3402,#3403);
#2449=LINE('',#3404,#3405);
#2450=FILL_AREA_STYLE_COLOUR('',#3406);
#2451=VERTEX_POINT('',#3407);
#2452=LINE('',#3408,#3409);
#2453=VERTEX_POINT('',#3410);
#2454=LINE('',#3411,#3412);
#2455=LINE('',#3413,#3414);
#2456=FILL_AREA_STYLE_COLOUR('',#3415);
#2457=VERTEX_POINT('',#3416);
#2458=LINE('',#3417,#3418);
#2459=LINE('',#3419,#3420);
#2460=FILL_AREA_STYLE_COLOUR('',#3421);
#2461=VERTEX_POINT('',#3422);
#2462=LINE('',#3423,#3424);
#2463=CIRCLE('',#3425,1.778);
#2464=FILL_AREA_STYLE_COLOUR('',#3426);
#2465=VERTEX_POINT('',#3427);
#2466=LINE('',#3428,#3429);
#2467=LINE('',#3430,#3431);
#2468=FILL_AREA_STYLE_COLOUR('',#3432);
#2469=VERTEX_POINT('',#3433);
#2470=LINE('',#3434,#3435);
#2471=LINE('',#3436,#3437);
#2472=FILL_AREA_STYLE_COLOUR('',#3438);
#2473=VERTEX_POINT('',#3439);
#2474=LINE('',#3440,#3441);
#2475=VERTEX_POINT('',#3442);
#2476=LINE('',#3443,#3444);
#2477=VERTEX_POINT('',#3445);
#2478=LINE('',#3446,#3447);
#2479=LINE('',#3448,#3449);
#2480=FILL_AREA_STYLE_COLOUR('',#3450);
#2481=VERTEX_POINT('',#3451);
#2482=LINE('',#3452,#3453);
#2483=VERTEX_POINT('',#3454);
#2484=CIRCLE('',#3455,0.635);
#2485=VERTEX_POINT('',#3456);
#2486=LINE('',#3457,#3458);
#2487=VERTEX_POINT('',#3459);
#2488=CIRCLE('',#3460,0.635);
#2489=VERTEX_POINT('',#3461);
#2490=LINE('',#3462,#3463);
#2491=VERTEX_POINT('',#3464);
#2492=CIRCLE('',#3465,1.27);
#2493=VERTEX_POINT('',#3466);
#2494=LINE('',#3467,#3468);
#2495=VERTEX_POINT('',#3469);
#2496=CIRCLE('',#3470,0.635);
#2497=LINE('',#3471,#3472);
#2498=FILL_AREA_STYLE_COLOUR('',#3473);
#2499=LINE('',#3474,#3475);
#2500=FILL_AREA_STYLE_COLOUR('',#3476);
#2501=VERTEX_POINT('',#3477);
#2502=LINE('',#3478,#3479);
#2503=VERTEX_POINT('',#3480);
#2504=LINE('',#3481,#3482);
#2505=VERTEX_POINT('',#3483);
#2506=LINE('',#3484,#3485);
#2507=VERTEX_POINT('',#3486);
#2508=LINE('',#3487,#3488);
#2509=VERTEX_POINT('',#3489);
#2510=LINE('',#3490,#3491);
#2511=VERTEX_POINT('',#3492);
#2512=LINE('',#3493,#3494);
#2513=VERTEX_POINT('',#3495);
#2514=LINE('',#3496,#3497);
#2515=VERTEX_POINT('',#3498);
#2516=LINE('',#3499,#3500);
#2517=LINE('',#3501,#3502);
#2518=FILL_AREA_STYLE_COLOUR('',#3503);
#2519=VERTEX_POINT('',#3504);
#2520=VERTEX_POINT('',#3505);
#2521=LINE('',#3506,#3507);
#2522=VERTEX_POINT('',#3508);
#2523=LINE('',#3509,#3510);
#2524=VERTEX_POINT('',#3511);
#2525=LINE('',#3512,#3513);
#2526=LINE('',#3514,#3515);
#2527=FILL_AREA_STYLE_COLOUR('',#3516);
#2528=VERTEX_POINT('',#3517);
#2529=LINE('',#3518,#3519);
#2530=VERTEX_POINT('',#3520);
#2531=LINE('',#3521,#3522);
#2532=LINE('',#3523,#3524);
#2533=FILL_AREA_STYLE_COLOUR('',#3525);
#2534=VERTEX_POINT('',#3526);
#2535=LINE('',#3527,#3528);
#2536=VERTEX_POINT('',#3529);
#2537=LINE('',#3530,#3531);
#2538=LINE('',#3532,#3533);
#2539=FILL_AREA_STYLE_COLOUR('',#3534);
#2540=LINE('',#3535,#3536);
#2541=LINE('',#3537,#3538);
#2542=FILL_AREA_STYLE_COLOUR('',#3539);
#2543=VERTEX_POINT('',#3540);
#2544=VERTEX_POINT('',#3541);
#2545=LINE('',#3542,#3543);
#2546=VERTEX_POINT('',#3544);
#2547=LINE('',#3545,#3546);
#2548=VERTEX_POINT('',#3547);
#2549=LINE('',#3548,#3549);
#2550=LINE('',#3550,#3551);
#2551=FILL_AREA_STYLE_COLOUR('',#3552);
#2552=VERTEX_POINT('',#3553);
#2553=VERTEX_POINT('',#3554);
#2554=LINE('',#3555,#3556);
#2555=VERTEX_POINT('',#3557);
#2556=LINE('',#3558,#3559);
#2557=VERTEX_POINT('',#3560);
#2558=LINE('',#3561,#3562);
#2559=LINE('',#3563,#3564);
#2560=FILL_AREA_STYLE_COLOUR('',#3565);
#2561=LINE('',#3566,#3567);
#2562=VERTEX_POINT('',#3568);
#2563=LINE('',#3569,#3570);
#2564=VERTEX_POINT('',#3571);
#2565=LINE('',#3572,#3573);
#2566=VERTEX_POINT('',#3574);
#2567=LINE('',#3575,#3576);
#2568=VERTEX_POINT('',#3577);
#2569=LINE('',#3578,#3579);
#2570=LINE('',#3580,#3581);
#2571=LINE('',#3582,#3583);
#2572=LINE('',#3584,#3585);
#2573=FILL_AREA_STYLE_COLOUR('',#3586);
#2574=VERTEX_POINT('',#3587);
#2575=LINE('',#3588,#3589);
#2576=LINE('',#3590,#3591);
#2577=FILL_AREA_STYLE_COLOUR('',#3592);
#2578=VERTEX_POINT('',#3593);
#2579=LINE('',#3594,#3595);
#2580=LINE('',#3596,#3597);
#2581=FILL_AREA_STYLE_COLOUR('',#3598);
#2582=LINE('',#3599,#3600);
#2583=FILL_AREA_STYLE_COLOUR('',#3601);
#2584=VERTEX_POINT('',#3602);
#2585=VERTEX_POINT('',#3603);
#2586=LINE('',#3604,#3605);
#2587=LINE('',#3606,#3607);
#2588=LINE('',#3608,#3609);
#2589=FILL_AREA_STYLE_COLOUR('',#3610);
#2590=LINE('',#3611,#3612);
#2591=LINE('',#3613,#3614);
#2592=FILL_AREA_STYLE_COLOUR('',#3615);
#2593=LINE('',#3616,#3617);
#2594=FILL_AREA_STYLE_COLOUR('',#3618);
#2595=LINE('',#3619,#3620);
#2596=FILL_AREA_STYLE_COLOUR('',#3621);
#2597=FILL_AREA_STYLE_COLOUR('',#3622);
#2598=LINE('',#3623,#3624);
#2599=FILL_AREA_STYLE_COLOUR('',#3625);
#2600=LINE('',#3626,#3627);
#2601=FILL_AREA_STYLE_COLOUR('',#3628);
#2602=LINE('',#3629,#3630);
#2603=FILL_AREA_STYLE_COLOUR('',#3631);
#2604=LINE('',#3632,#3633);
#2605=FILL_AREA_STYLE_COLOUR('',#3634);
#2606=LINE('',#3635,#3636);
#2607=FILL_AREA_STYLE_COLOUR('',#3637);
#2608=LINE('',#3638,#3639);
#2609=FILL_AREA_STYLE_COLOUR('',#3640);
#2610=LINE('',#3641,#3642);
#2611=FILL_AREA_STYLE_COLOUR('',#3643);
#2612=LINE('',#3644,#3645);
#2613=FILL_AREA_STYLE_COLOUR('',#3646);
#2614=LINE('',#3647,#3648);
#2615=FILL_AREA_STYLE_COLOUR('',#3649);
#2616=LINE('',#3650,#3651);
#2617=FILL_AREA_STYLE_COLOUR('',#3652);
#2618=LINE('',#3653,#3654);
#2619=FILL_AREA_STYLE_COLOUR('',#3655);
#2620=LINE('',#3656,#3657);
#2621=FILL_AREA_STYLE_COLOUR('',#3658);
#2622=FILL_AREA_STYLE_COLOUR('',#3659);
#2623=COLOUR_RGB('',0.592156887054443,0.592156887054443,0.592156887054443);
#2624=CARTESIAN_POINT('',(-4.5212,-2.79399999999999,-0.5588));
#2625=CARTESIAN_POINT('',(-4.5212,-2.79399999999999,0.5588));
#2626=CARTESIAN_POINT('',(-4.5212,-2.79399999999999,0.758824999999995));
#2627=VECTOR('',#3660,1.0);
#2628=CARTESIAN_POINT('',(-4.5212,-4.8688,-0.5588));
#2629=CARTESIAN_POINT('',(-4.5212,-4.1914,-0.5588));
#2630=VECTOR('',#3661,1.0);
#2631=CARTESIAN_POINT('',(-4.5212,-4.8688,0.5588));
#2632=CARTESIAN_POINT('',(-4.5212,-4.8688,-0.5588));
#2633=VECTOR('',#3662,1.0);
#2634=CARTESIAN_POINT('',(-4.5212,-4.1914,0.5588));
#2635=VECTOR('',#3663,1.0);
#2636=COLOUR_RGB('',0.592156887054443,0.592156887054443,0.592156887054443);
#2637=CARTESIAN_POINT('',(-3.4036,-2.79399999999999,-0.5588));
#2638=CARTESIAN_POINT('',(-1.0287,-2.79399999999999,-0.5588));
#2639=VECTOR('',#3664,1.0);
#2640=CARTESIAN_POINT('',(-3.4036,-4.8688,-0.5588));
#2641=CARTESIAN_POINT('',(-3.4036,-4.1914,-0.5588));
#2642=VECTOR('',#3665,1.0);
#2643=CARTESIAN_POINT('',(-3.41164145226046,-4.9038,-0.5588));
#2644=AXIS2_PLACEMENT_3D('',#3666,#3667,#3668);
#2645=CARTESIAN_POINT('',(-4.51315854773954,-4.9038,-0.5588));
#2646=CARTESIAN_POINT('',(-3.4036,-4.9038,-0.5588));
#2647=VECTOR('',#3669,1.0);
#2648=AXIS2_PLACEMENT_3D('',#3670,#3671,#3672);
#2649=COLOUR_RGB('',0.592156887054443,0.592156887054443,0.592156887054443);
#2650=CARTESIAN_POINT('',(-3.41164145226046,-4.9038,0.5588));
#2651=CARTESIAN_POINT('',(-3.72797303909319,-5.52879999999997,0.256262695053783));
#2652=CARTESIAN_POINT('',(-3.41164145226092,-4.9038000000019,0.558799999999617));
#2653=CARTESIAN_POINT('',(-3.41276676443366,-4.90844576382369,0.557861814709518));
#2654=CARTESIAN_POINT('',(-3.41391283865793,-4.91308506401234,0.556900982671041));
#2655=CARTESIAN_POINT('',(-3.43897330938446,-5.01249686521357,0.535776108931484));
#2656=CARTESIAN_POINT('',(-3.47189481225595,-5.10423616200281,0.505828904887304));
#2657=CARTESIAN_POINT('',(-3.57143003156142,-5.31782181536055,0.411745170149095));
#2658=CARTESIAN_POINT('',(-3.64701927969619,-5.4325921661592,0.337698991940307));
#2659=CARTESIAN_POINT('',(-3.72797303909319,-5.52879999999997,0.256262695053783));
#2660=CARTESIAN_POINT('',(-4.51315854773954,-4.9038,0.5588));
#2661=CARTESIAN_POINT('',(-3.9624,-4.9038,0.5588));
#2662=VECTOR('',#3673,1.0);
#2663=CARTESIAN_POINT('',(-4.1968269609068,-5.5288,0.256262695053759));
#2664=CARTESIAN_POINT('',(-4.1968269609068,-5.5288,0.256262695053759));
#2665=CARTESIAN_POINT('',(-4.27754606188263,-5.43220604116411,0.337474828551036));
#2666=CARTESIAN_POINT('',(-4.35336996843857,-5.31782181536056,0.41174517014909));
#2667=CARTESIAN_POINT('',(-4.45290518774406,-5.10423616200281,0.505828904887304));
#2668=CARTESIAN_POINT('',(-4.48582669061555,-5.01249686521357,0.535776108931484));
#2669=CARTESIAN_POINT('',(-4.51088716134223,-4.91308506401171,0.556900982671175));
#2670=CARTESIAN_POINT('',(-4.51203356225369,-4.90844590765156,0.557862136121932));
#2671=CARTESIAN_POINT('',(-4.51315854773954,-4.9038,0.5588));
#2672=CARTESIAN_POINT('',(-3.96240000000002,-5.6388,0.1524));
#2673=CARTESIAN_POINT('',(-3.68369977220879,-5.45740673818362,0.31279845229046));
#2674=CARTESIAN_POINT('',(-3.70094603133505,-5.49635547120592,0.283973493749636));
#2675=CARTESIAN_POINT('',(-3.72650232896363,-5.53135897851096,0.254745797238457));
#2676=CARTESIAN_POINT('',(-3.78151908648374,-5.58157864196779,0.209687753890411));
#2677=CARTESIAN_POINT('',(-3.81280879719889,-5.60230440864514,0.189612700187157));
#2678=CARTESIAN_POINT('',(-3.8837100891038,-5.63093880726215,0.160819594338562));
#2679=CARTESIAN_POINT('',(-3.92346164221863,-5.6388,0.1524));
#2680=CARTESIAN_POINT('',(-4.00133835778141,-5.6388,0.1524));
#2681=CARTESIAN_POINT('',(-4.04108991089623,-5.63093880726215,0.160819594338562));
#2682=CARTESIAN_POINT('',(-4.11199120280115,-5.60230440864514,0.189612700187157));
#2683=CARTESIAN_POINT('',(-4.14328091351629,-5.58157864196779,0.209687753890411));
#2684=CARTESIAN_POINT('',(-4.1982976710364,-5.53135897851096,0.254745797238457));
#2685=CARTESIAN_POINT('',(-4.22385396866499,-5.49635547120592,0.283973493749636));
#2686=CARTESIAN_POINT('',(-4.24110022779124,-5.45740673818362,0.31279845229046));
#2687=CARTESIAN_POINT('',(-3.68369977220879,-5.45740673818362,0.31279845229046));
#2688=CARTESIAN_POINT('',(-3.70094603133505,-5.49635547120592,0.283973493749636));
#2689=CARTESIAN_POINT('',(-3.72650232896363,-5.53135897851096,0.254745797238457));
#2690=CARTESIAN_POINT('',(-3.78151908648374,-5.58157864196779,0.209687753890411));
#2691=CARTESIAN_POINT('',(-3.81280879719889,-5.60230440864514,0.189612700187157));
#2692=CARTESIAN_POINT('',(-3.8837100891038,-5.63093880726215,0.160819594338562));
#2693=CARTESIAN_POINT('',(-3.92346164221863,-5.6388,0.1524));
#2694=CARTESIAN_POINT('',(-4.00133835778141,-5.6388,0.1524));
#2695=CARTESIAN_POINT('',(-4.04108991089623,-5.63093880726215,0.160819594338562));
#2696=CARTESIAN_POINT('',(-4.11199120280115,-5.60230440864514,0.189612700187157));
#2697=CARTESIAN_POINT('',(-4.14328091351629,-5.58157864196779,0.209687753890411));
#2698=CARTESIAN_POINT('',(-4.1982976710364,-5.53135897851096,0.254745797238457));
#2699=CARTESIAN_POINT('',(-4.22385396866499,-5.49635547120592,0.283973493749636));
#2700=CARTESIAN_POINT('',(-4.24110022779124,-5.45740673818362,0.31279845229046));
#2701=COLOUR_RGB('',0.592156887054443,0.592156887054443,0.592156887054443);
#2702=CARTESIAN_POINT('',(-3.72797303909319,-5.52879999999997,-0.256262695053783));
#2703=CARTESIAN_POINT('',(-3.72797303909318,-5.52879999999998,-0.256262695053777));
#2704=CARTESIAN_POINT('',(-3.64725393811736,-5.43220604116409,-0.337474828551048));
#2705=CARTESIAN_POINT('',(-3.57143003156142,-5.31782181536055,-0.411745170149094));
#2706=CARTESIAN_POINT('',(-3.47189481225595,-5.10423616200281,-0.505828904887304));
#2707=CARTESIAN_POINT('',(-3.43897330938446,-5.01249686521357,-0.535776108931484));
#2708=CARTESIAN_POINT('',(-3.41391283865777,-4.91308506401171,-0.556900982671175));
#2709=CARTESIAN_POINT('',(-3.41276643774632,-4.90844590765156,-0.557862136121931));
#2710=CARTESIAN_POINT('',(-3.41164145226046,-4.9038,-0.5588));
#2711=CARTESIAN_POINT('',(-3.96240000000002,-5.6388,-0.1524));
#2712=CARTESIAN_POINT('',(-4.24110022779124,-5.45740673818362,-0.31279845229046));
#2713=CARTESIAN_POINT('',(-4.22385396866499,-5.49635547120592,-0.283973493749636));
#2714=CARTESIAN_POINT('',(-4.1982976710364,-5.53135897851096,-0.254745797238457));
#2715=CARTESIAN_POINT('',(-4.14328091351629,-5.58157864196779,-0.209687753890411));
#2716=CARTESIAN_POINT('',(-4.11199120280115,-5.60230440864514,-0.189612700187157));
#2717=CARTESIAN_POINT('',(-4.04108991089623,-5.63093880726215,-0.160819594338562));
#2718=CARTESIAN_POINT('',(-4.00133835778141,-5.6388,-0.1524));
#2719=CARTESIAN_POINT('',(-3.92346164221863,-5.6388,-0.1524));
#2720=CARTESIAN_POINT('',(-3.8837100891038,-5.63093880726215,-0.160819594338563));
#2721=CARTESIAN_POINT('',(-3.81280879719889,-5.60230440864514,-0.189612700187158));
#2722=CARTESIAN_POINT('',(-3.78151908648374,-5.58157864196779,-0.209687753890411));
#2723=CARTESIAN_POINT('',(-3.72650232896363,-5.53135897851096,-0.254745797238457));
#2724=CARTESIAN_POINT('',(-3.70094603133505,-5.49635547120592,-0.283973493749636));
#2725=CARTESIAN_POINT('',(-3.68369977220879,-5.45740673818362,-0.31279845229046));
#2726=CARTESIAN_POINT('',(-4.1968269609068,-5.5288,-0.256262695053759));
#2727=CARTESIAN_POINT('',(-4.24110022779124,-5.45740673818362,-0.31279845229046));
#2728=CARTESIAN_POINT('',(-4.22385396866499,-5.49635547120592,-0.283973493749636));
#2729=CARTESIAN_POINT('',(-4.1982976710364,-5.53135897851096,-0.254745797238457));
#2730=CARTESIAN_POINT('',(-4.14328091351629,-5.58157864196779,-0.209687753890411));
#2731=CARTESIAN_POINT('',(-4.11199120280115,-5.60230440864514,-0.189612700187157));
#2732=CARTESIAN_POINT('',(-4.04108991089623,-5.63093880726215,-0.160819594338562));
#2733=CARTESIAN_POINT('',(-4.00133835778141,-5.6388,-0.1524));
#2734=CARTESIAN_POINT('',(-3.92346164221863,-5.6388,-0.1524));
#2735=CARTESIAN_POINT('',(-3.8837100891038,-5.63093880726215,-0.160819594338563));
#2736=CARTESIAN_POINT('',(-3.81280879719889,-5.60230440864514,-0.189612700187158));
#2737=CARTESIAN_POINT('',(-3.78151908648374,-5.58157864196779,-0.209687753890411));
#2738=CARTESIAN_POINT('',(-3.72650232896363,-5.53135897851096,-0.254745797238457));
#2739=CARTESIAN_POINT('',(-3.70094603133505,-5.49635547120592,-0.283973493749636));
#2740=CARTESIAN_POINT('',(-3.68369977220879,-5.45740673818362,-0.31279845229046));
#2741=CARTESIAN_POINT('',(-4.51315854773908,-4.9038000000019,-0.558799999999617));
#2742=CARTESIAN_POINT('',(-4.51203323556635,-4.90844576382369,-0.557861814709518));
#2743=CARTESIAN_POINT('',(-4.51088716134207,-4.91308506401234,-0.556900982671041));
#2744=CARTESIAN_POINT('',(-4.48582669061555,-5.01249686521357,-0.535776108931484));
#2745=CARTESIAN_POINT('',(-4.45290518774406,-5.10423616200281,-0.505828904887304));
#2746=CARTESIAN_POINT('',(-4.35336996843857,-5.31782181536057,-0.411745170149089));
#2747=CARTESIAN_POINT('',(-4.27778072030381,-5.43259216615922,-0.33769899194029));
#2748=CARTESIAN_POINT('',(-4.1968269609068,-5.5288,-0.256262695053759));
#2749=COLOUR_RGB('',0.592156887054443,0.592156887054443,0.592156887054443);
#2750=CARTESIAN_POINT('',(-3.72797303909319,-5.52879999999997,-1.1176));
#2751=VECTOR('',#3674,1.0);
#2752=CARTESIAN_POINT('',(-4.1968269609068,-5.5288,-1.1176));
#2753=VECTOR('',#3675,1.0);
#2754=COLOUR_RGB('',0.592156887054443,0.592156887054443,0.592156887054443);
#2755=AXIS2_PLACEMENT_3D('',#3676,#3677,#3678);
#2756=COLOUR_RGB('',0.592156887054443,0.592156887054443,0.592156887054443);
#2757=CARTESIAN_POINT('',(-3.4036,-4.8688,0.5588));
#2758=CARTESIAN_POINT('',(-3.4036,-4.86879999999999,0.0));
#2759=VECTOR('',#3679,1.0);
#2760=AXIS2_PLACEMENT_3D('',#3680,#3681,#3682);
#2761=COLOUR_RGB('',0.592156887054443,0.592156887054443,0.592156887054443);
#2762=CARTESIAN_POINT('',(-3.4036,-2.79399999999999,0.5588));
#2763=CARTESIAN_POINT('',(-3.4036,-2.79399999999999,0.758824999999995));
#2764=VECTOR('',#3683,1.0);
#2765=CARTESIAN_POINT('',(-3.4036,-4.1914,0.5588));
#2766=VECTOR('',#3684,1.0);
#2767=COLOUR_RGB('',0.592156887054443,0.592156887054443,0.592156887054443);
#2768=CARTESIAN_POINT('',(-1.0287,-2.79399999999999,0.5588));
#2769=VECTOR('',#3685,1.0);
#2770=COLOUR_RGB('',0.592156887054443,0.592156887054443,0.592156887054443);
#2771=CARTESIAN_POINT('',(-0.5588,-2.79399999999999,-0.5588));
#2772=CARTESIAN_POINT('',(-0.5588,-2.79399999999999,0.5588));
#2773=CARTESIAN_POINT('',(-0.5588,-2.79399999999999,0.758824999999995));
#2774=VECTOR('',#3686,1.0);
#2775=CARTESIAN_POINT('',(-0.5588,-4.8688,-0.5588));
#2776=CARTESIAN_POINT('',(-0.5588,-4.1914,-0.5588));
#2777=VECTOR('',#3687,1.0);
#2778=CARTESIAN_POINT('',(-0.5588,-4.8688,0.5588));
#2779=CARTESIAN_POINT('',(-0.5588,-4.8688,-0.5588));
#2780=VECTOR('',#3688,1.0);
#2781=CARTESIAN_POINT('',(-0.5588,-4.1914,0.5588));
#2782=VECTOR('',#3689,1.0);
#2783=COLOUR_RGB('',0.592156887054443,0.592156887054443,0.592156887054443);
#2784=CARTESIAN_POINT('',(0.5588,-2.79399999999999,-0.5588));
#2785=CARTESIAN_POINT('',(0.9525,-2.79399999999999,-0.5588));
#2786=VECTOR('',#3690,1.0);
#2787=CARTESIAN_POINT('',(0.558799999999998,-4.8688,-0.5588));
#2788=CARTESIAN_POINT('',(0.5588,-4.1914,-0.5588));
#2789=VECTOR('',#3691,1.0);
#2790=CARTESIAN_POINT('',(0.550758547739541,-4.9038,-0.5588));
#2791=AXIS2_PLACEMENT_3D('',#3692,#3693,#3694);
#2792=CARTESIAN_POINT('',(-0.550758547739544,-4.9038,-0.5588));
#2793=CARTESIAN_POINT('',(0.5588,-4.9038,-0.5588));
#2794=VECTOR('',#3695,1.0);
#2795=AXIS2_PLACEMENT_3D('',#3696,#3697,#3698);
#2796=COLOUR_RGB('',0.592156887054443,0.592156887054443,0.592156887054443);
#2797=CARTESIAN_POINT('',(0.550758547739541,-4.9038,0.5588));
#2798=CARTESIAN_POINT('',(0.234426960906808,-5.52879999999997,0.256262695053783));
#2799=CARTESIAN_POINT('',(0.550758547739081,-4.9038000000019,0.558799999999617));
#2800=CARTESIAN_POINT('',(0.549633235566344,-4.90844576382369,0.557861814709518));
#2801=CARTESIAN_POINT('',(0.548487161342066,-4.91308506401234,0.556900982671041));
#2802=CARTESIAN_POINT('',(0.523426690615544,-5.01249686521357,0.535776108931484));
#2803=CARTESIAN_POINT('',(0.490505187744054,-5.10423616200281,0.505828904887304));
#2804=CARTESIAN_POINT('',(0.390969968438575,-5.31782181536055,0.411745170149095));
#2805=CARTESIAN_POINT('',(0.315380720303813,-5.4325921661592,0.337698991940307));
#2806=CARTESIAN_POINT('',(0.234426960906808,-5.52879999999997,0.256262695053783));
#2807=CARTESIAN_POINT('',(-0.550758547739544,-4.9038,0.5588));
#2808=CARTESIAN_POINT('',(0.0,-4.9038,0.5588));
#2809=VECTOR('',#3699,1.0);
#2810=CARTESIAN_POINT('',(-0.234426960906804,-5.5288,0.256262695053759));
#2811=CARTESIAN_POINT('',(-0.234426960906804,-5.5288,0.256262695053759));
#2812=CARTESIAN_POINT('',(-0.315146061882629,-5.43220604116411,0.337474828551036));
#2813=CARTESIAN_POINT('',(-0.390969968438572,-5.31782181536056,0.41174517014909));
#2814=CARTESIAN_POINT('',(-0.490505187744056,-5.10423616200281,0.505828904887304));
#2815=CARTESIAN_POINT('',(-0.523426690615547,-5.01249686521357,0.535776108931484));
#2816=CARTESIAN_POINT('',(-0.548487161342228,-4.91308506401171,0.556900982671175));
#2817=CARTESIAN_POINT('',(-0.549633562253687,-4.90844590765156,0.557862136121932));
#2818=CARTESIAN_POINT('',(-0.550758547739544,-4.9038,0.5588));
#2819=CARTESIAN_POINT('',(-1.86517468137026E-14,-5.6388,0.1524));
#2820=CARTESIAN_POINT('',(0.278700227791205,-5.45740673818362,0.31279845229046));
#2821=CARTESIAN_POINT('',(0.261453968664953,-5.49635547120592,0.283973493749636));
#2822=CARTESIAN_POINT('',(0.235897671036365,-5.53135897851096,0.254745797238457));
#2823=CARTESIAN_POINT('',(0.180880913516255,-5.58157864196779,0.209687753890411));
#2824=CARTESIAN_POINT('',(0.149591202801114,-5.60230440864514,0.189612700187157));
#2825=CARTESIAN_POINT('',(0.0786899108961965,-5.63093880726215,0.160819594338562));
#2826=CARTESIAN_POINT('',(0.0389383577813689,-5.6388,0.1524));
#2827=CARTESIAN_POINT('',(-0.0389383577814062,-5.6388,0.1524));
#2828=CARTESIAN_POINT('',(-0.0786899108962338,-5.63093880726215,0.160819594338562));
#2829=CARTESIAN_POINT('',(-0.149591202801151,-5.60230440864514,0.189612700187157));
#2830=CARTESIAN_POINT('',(-0.180880913516292,-5.58157864196779,0.209687753890411));
#2831=CARTESIAN_POINT('',(-0.235897671036402,-5.53135897851096,0.254745797238457));
#2832=CARTESIAN_POINT('',(-0.26145396866499,-5.49635547120592,0.283973493749636));
#2833=CARTESIAN_POINT('',(-0.278700227791242,-5.45740673818362,0.31279845229046));
#2834=CARTESIAN_POINT('',(0.278700227791205,-5.45740673818362,0.31279845229046));
#2835=CARTESIAN_POINT('',(0.261453968664953,-5.49635547120592,0.283973493749636));
#2836=CARTESIAN_POINT('',(0.235897671036365,-5.53135897851096,0.254745797238457));
#2837=CARTESIAN_POINT('',(0.180880913516255,-5.58157864196779,0.209687753890411));
#2838=CARTESIAN_POINT('',(0.149591202801114,-5.60230440864514,0.189612700187157));
#2839=CARTESIAN_POINT('',(0.0786899108961965,-5.63093880726215,0.160819594338562));
#2840=CARTESIAN_POINT('',(0.0389383577813689,-5.6388,0.1524));
#2841=CARTESIAN_POINT('',(-0.0389383577814062,-5.6388,0.1524));
#2842=CARTESIAN_POINT('',(-0.0786899108962338,-5.63093880726215,0.160819594338562));
#2843=CARTESIAN_POINT('',(-0.149591202801151,-5.60230440864514,0.189612700187157));
#2844=CARTESIAN_POINT('',(-0.180880913516292,-5.58157864196779,0.209687753890411));
#2845=CARTESIAN_POINT('',(-0.235897671036402,-5.53135897851096,0.254745797238457));
#2846=CARTESIAN_POINT('',(-0.26145396866499,-5.49635547120592,0.283973493749636));
#2847=CARTESIAN_POINT('',(-0.278700227791242,-5.45740673818362,0.31279845229046));
#2848=COLOUR_RGB('',0.592156887054443,0.592156887054443,0.592156887054443);
#2849=CARTESIAN_POINT('',(0.234426960906808,-5.52879999999997,-0.256262695053783));
#2850=CARTESIAN_POINT('',(0.234426960906821,-5.52879999999998,-0.256262695053777));
#2851=CARTESIAN_POINT('',(0.315146061882639,-5.43220604116409,-0.337474828551048));
#2852=CARTESIAN_POINT('',(0.390969968438575,-5.31782181536055,-0.411745170149094));
#2853=CARTESIAN_POINT('',(0.490505187744054,-5.10423616200281,-0.505828904887304));
#2854=CARTESIAN_POINT('',(0.523426690615544,-5.01249686521357,-0.535776108931484));
#2855=CARTESIAN_POINT('',(0.548487161342226,-4.91308506401171,-0.556900982671175));
#2856=CARTESIAN_POINT('',(0.549633562253684,-4.90844590765156,-0.557862136121931));
#2857=CARTESIAN_POINT('',(0.550758547739541,-4.9038,-0.5588));
#2858=CARTESIAN_POINT('',(-1.86517468137026E-14,-5.6388,-0.1524));
#2859=CARTESIAN_POINT('',(-0.278700227791242,-5.45740673818362,-0.31279845229046));
#2860=CARTESIAN_POINT('',(-0.26145396866499,-5.49635547120592,-0.283973493749636));
#2861=CARTESIAN_POINT('',(-0.235897671036402,-5.53135897851096,-0.254745797238457));
#2862=CARTESIAN_POINT('',(-0.180880913516292,-5.58157864196779,-0.209687753890411));
#2863=CARTESIAN_POINT('',(-0.149591202801151,-5.60230440864514,-0.189612700187157));
#2864=CARTESIAN_POINT('',(-0.0786899108962338,-5.63093880726215,-0.160819594338562));
#2865=CARTESIAN_POINT('',(-0.0389383577814062,-5.6388,-0.1524));
#2866=CARTESIAN_POINT('',(0.0389383577813689,-5.6388,-0.1524));
#2867=CARTESIAN_POINT('',(0.0786899108961965,-5.63093880726215,-0.160819594338563));
#2868=CARTESIAN_POINT('',(0.149591202801114,-5.60230440864514,-0.189612700187158));
#2869=CARTESIAN_POINT('',(0.180880913516255,-5.58157864196779,-0.209687753890411));
#2870=CARTESIAN_POINT('',(0.235897671036365,-5.53135897851096,-0.254745797238457));
#2871=CARTESIAN_POINT('',(0.261453968664953,-5.49635547120592,-0.283973493749636));
#2872=CARTESIAN_POINT('',(0.278700227791205,-5.45740673818362,-0.31279845229046));
#2873=CARTESIAN_POINT('',(-0.234426960906804,-5.5288,-0.256262695053759));
#2874=CARTESIAN_POINT('',(-0.278700227791242,-5.45740673818362,-0.31279845229046));
#2875=CARTESIAN_POINT('',(-0.26145396866499,-5.49635547120592,-0.283973493749636));
#2876=CARTESIAN_POINT('',(-0.235897671036402,-5.53135897851096,-0.254745797238457));
#2877=CARTESIAN_POINT('',(-0.180880913516292,-5.58157864196779,-0.209687753890411));
#2878=CARTESIAN_POINT('',(-0.149591202801151,-5.60230440864514,-0.189612700187157));
#2879=CARTESIAN_POINT('',(-0.0786899108962338,-5.63093880726215,-0.160819594338562));
#2880=CARTESIAN_POINT('',(-0.0389383577814062,-5.6388,-0.1524));
#2881=CARTESIAN_POINT('',(0.0389383577813689,-5.6388,-0.1524));
#2882=CARTESIAN_POINT('',(0.0786899108961965,-5.63093880726215,-0.160819594338563));
#2883=CARTESIAN_POINT('',(0.149591202801114,-5.60230440864514,-0.189612700187158));
#2884=CARTESIAN_POINT('',(0.180880913516255,-5.58157864196779,-0.209687753890411));
#2885=CARTESIAN_POINT('',(0.235897671036365,-5.53135897851096,-0.254745797238457));
#2886=CARTESIAN_POINT('',(0.261453968664953,-5.49635547120592,-0.283973493749636));
#2887=CARTESIAN_POINT('',(0.278700227791205,-5.45740673818362,-0.31279845229046));
#2888=CARTESIAN_POINT('',(-0.550758547739083,-4.9038000000019,-0.558799999999617));
#2889=CARTESIAN_POINT('',(-0.549633235566347,-4.90844576382369,-0.557861814709518));
#2890=CARTESIAN_POINT('',(-0.548487161342069,-4.91308506401234,-0.556900982671041));
#2891=CARTESIAN_POINT('',(-0.523426690615546,-5.01249686521357,-0.535776108931484));
#2892=CARTESIAN_POINT('',(-0.490505187744056,-5.10423616200281,-0.505828904887304));
#2893=CARTESIAN_POINT('',(-0.390969968438571,-5.31782181536057,-0.411745170149089));
#2894=CARTESIAN_POINT('',(-0.315380720303815,-5.43259216615922,-0.33769899194029));
#2895=CARTESIAN_POINT('',(-0.234426960906804,-5.5288,-0.256262695053759));
#2896=COLOUR_RGB('',0.592156887054443,0.592156887054443,0.592156887054443);
#2897=CARTESIAN_POINT('',(0.234426960906809,-5.52879999999997,-1.1176));
#2898=VECTOR('',#3700,1.0);
#2899=CARTESIAN_POINT('',(-0.234426960906804,-5.5288,-1.1176));
#2900=VECTOR('',#3701,1.0);
#2901=COLOUR_RGB('',0.592156887054443,0.592156887054443,0.592156887054443);
#2902=AXIS2_PLACEMENT_3D('',#3702,#3703,#3704);
#2903=COLOUR_RGB('',0.592156887054443,0.592156887054443,0.592156887054443);
#2904=CARTESIAN_POINT('',(0.558799999999998,-4.8688,0.5588));
#2905=CARTESIAN_POINT('',(0.5588,-4.86879999999999,0.0));
#2906=VECTOR('',#3705,1.0);
#2907=AXIS2_PLACEMENT_3D('',#3706,#3707,#3708);
#2908=COLOUR_RGB('',0.592156887054443,0.592156887054443,0.592156887054443);
#2909=CARTESIAN_POINT('',(0.5588,-2.79399999999999,0.5588));
#2910=CARTESIAN_POINT('',(0.5588,-2.79399999999999,0.758824999999995));
#2911=VECTOR('',#3709,1.0);
#2912=CARTESIAN_POINT('',(0.5588,-4.1914,0.5588));
#2913=VECTOR('',#3710,1.0);
#2914=COLOUR_RGB('',0.592156887054443,0.592156887054443,0.592156887054443);
#2915=CARTESIAN_POINT('',(0.9525,-2.79399999999999,0.5588));
#2916=VECTOR('',#3711,1.0);
#2917=COLOUR_RGB('',0.592156887054443,0.592156887054443,0.592156887054443);
#2918=CARTESIAN_POINT('',(-3.4036,-7.54951656745106E-15,-0.5588));
#2919=CARTESIAN_POINT('',(-3.4036,-7.54951656745106E-15,0.5588));
#2920=CARTESIAN_POINT('',(-3.4036,-7.54951656745106E-15,2.2987));
#2921=VECTOR('',#3712,1.0);
#2922=CARTESIAN_POINT('',(-3.4036,10.6092,-0.5588));
#2923=CARTESIAN_POINT('',(-3.4036,5.6646,-0.5588));
#2924=VECTOR('',#3713,1.0);
#2925=CARTESIAN_POINT('',(-3.4036,10.6092,0.5588));
#2926=CARTESIAN_POINT('',(-3.4036,10.6092,-0.5588));
#2927=VECTOR('',#3714,1.0);
#2928=CARTESIAN_POINT('',(-3.4036,5.6646,0.5588));
#2929=VECTOR('',#3715,1.0);
#2930=COLOUR_RGB('',0.592156887054443,0.592156887054443,0.592156887054443);
#2931=CARTESIAN_POINT('',(-4.5212,-7.54951656745106E-15,-0.5588));
#2932=CARTESIAN_POINT('',(-1.0287,-7.54951656745106E-15,-0.5588));
#2933=VECTOR('',#3716,1.0);
#2934=CARTESIAN_POINT('',(-4.5212,10.6092,-0.5588));
#2935=CARTESIAN_POINT('',(-4.5212,5.6646,-0.5588));
#2936=VECTOR('',#3717,1.0);
#2937=CARTESIAN_POINT('',(-4.51315854773954,10.6442,-0.5588));
#2938=AXIS2_PLACEMENT_3D('',#3718,#3719,#3720);
#2939=CARTESIAN_POINT('',(-3.41164145226046,10.6442,-0.5588));
#2940=CARTESIAN_POINT('',(-4.5212,10.6442,-0.5588));
#2941=VECTOR('',#3721,1.0);
#2942=AXIS2_PLACEMENT_3D('',#3722,#3723,#3724);
#2943=COLOUR_RGB('',0.592156887054443,0.592156887054443,0.592156887054443);
#2944=CARTESIAN_POINT('',(-4.51315854773954,10.6442,0.5588));
#2945=CARTESIAN_POINT('',(-4.19682696090681,11.2692,0.256262695053782));
#2946=CARTESIAN_POINT('',(-4.51315854773908,10.6442000000019,0.558799999999617));
#2947=CARTESIAN_POINT('',(-4.51203323556634,10.6488457638237,0.557861814709518));
#2948=CARTESIAN_POINT('',(-4.51088716134207,10.6534850640123,0.556900982671041));
#2949=CARTESIAN_POINT('',(-4.48582669061554,10.7528968652136,0.535776108931484));
#2950=CARTESIAN_POINT('',(-4.45290518774405,10.8446361620028,0.505828904887304));
#2951=CARTESIAN_POINT('',(-4.35336996843857,11.0582218153606,0.411745170149094));
#2952=CARTESIAN_POINT('',(-4.27778072030381,11.1729921661592,0.337698991940306));
#2953=CARTESIAN_POINT('',(-4.19682696090681,11.2692,0.256262695053782));
#2954=CARTESIAN_POINT('',(-3.41164145226046,10.6442,0.5588));
#2955=CARTESIAN_POINT('',(-3.9624,10.6442,0.5588));
#2956=VECTOR('',#3725,1.0);
#2957=CARTESIAN_POINT('',(-3.7279730390932,11.2692,0.256262695053758));
#2958=CARTESIAN_POINT('',(-3.7279730390932,11.2692,0.256262695053758));
#2959=CARTESIAN_POINT('',(-3.64725393811737,11.1726060411641,0.337474828551036));
#2960=CARTESIAN_POINT('',(-3.57143003156143,11.0582218153606,0.41174517014909));
#2961=CARTESIAN_POINT('',(-3.47189481225594,10.8446361620028,0.505828904887304));
#2962=CARTESIAN_POINT('',(-3.43897330938445,10.7528968652136,0.535776108931484));
#2963=CARTESIAN_POINT('',(-3.41391283865777,10.6534850640117,0.556900982671175));
#2964=CARTESIAN_POINT('',(-3.41276643774631,10.6488459076516,0.557862136121931));
#2965=CARTESIAN_POINT('',(-3.41164145226046,10.6442,0.5588));
#2966=CARTESIAN_POINT('',(-3.96239999999998,11.3792,0.1524));
#2967=CARTESIAN_POINT('',(-4.24110022779121,11.1978067381836,0.31279845229046));
#2968=CARTESIAN_POINT('',(-4.22385396866495,11.2367554712059,0.283973493749635));
#2969=CARTESIAN_POINT('',(-4.19829767103636,11.271758978511,0.254745797238457));
#2970=CARTESIAN_POINT('',(-4.14328091351625,11.3219786419678,0.209687753890411));
#2971=CARTESIAN_POINT('',(-4.11199120280111,11.3427044086451,0.189612700187158));
#2972=CARTESIAN_POINT('',(-4.0410899108962,11.3713388072622,0.160819594338563));
#2973=CARTESIAN_POINT('',(-4.00133835778137,11.3792,0.1524));
#2974=CARTESIAN_POINT('',(-3.92346164221859,11.3792,0.1524));
#2975=CARTESIAN_POINT('',(-3.88371008910377,11.3713388072622,0.160819594338563));
#2976=CARTESIAN_POINT('',(-3.81280879719885,11.3427044086451,0.189612700187158));
#2977=CARTESIAN_POINT('',(-3.78151908648371,11.3219786419678,0.209687753890411));
#2978=CARTESIAN_POINT('',(-3.7265023289636,11.271758978511,0.254745797238457));
#2979=CARTESIAN_POINT('',(-3.70094603133501,11.2367554712059,0.283973493749635));
#2980=CARTESIAN_POINT('',(-3.68369977220876,11.1978067381836,0.31279845229046));
#2981=CARTESIAN_POINT('',(-4.24110022779121,11.1978067381836,0.31279845229046));
#2982=CARTESIAN_POINT('',(-4.22385396866495,11.2367554712059,0.283973493749635));
#2983=CARTESIAN_POINT('',(-4.19829767103636,11.271758978511,0.254745797238457));
#2984=CARTESIAN_POINT('',(-4.14328091351625,11.3219786419678,0.209687753890411));
#2985=CARTESIAN_POINT('',(-4.11199120280111,11.3427044086451,0.189612700187158));
#2986=CARTESIAN_POINT('',(-4.0410899108962,11.3713388072622,0.160819594338563));
#2987=CARTESIAN_POINT('',(-4.00133835778137,11.3792,0.1524));
#2988=CARTESIAN_POINT('',(-3.92346164221859,11.3792,0.1524));
#2989=CARTESIAN_POINT('',(-3.88371008910377,11.3713388072622,0.160819594338563));
#2990=CARTESIAN_POINT('',(-3.81280879719885,11.3427044086451,0.189612700187158));
#2991=CARTESIAN_POINT('',(-3.78151908648371,11.3219786419678,0.209687753890411));
#2992=CARTESIAN_POINT('',(-3.7265023289636,11.271758978511,0.254745797238457));
#2993=CARTESIAN_POINT('',(-3.70094603133501,11.2367554712059,0.283973493749635));
#2994=CARTESIAN_POINT('',(-3.68369977220876,11.1978067381836,0.31279845229046));
#2995=COLOUR_RGB('',0.592156887054443,0.592156887054443,0.592156887054443);
#2996=CARTESIAN_POINT('',(-4.19682696090681,11.2692,-0.256262695053782));
#2997=CARTESIAN_POINT('',(-4.19682696090682,11.2692,-0.256262695053778));
#2998=CARTESIAN_POINT('',(-4.27754606188264,11.1726060411641,-0.337474828551047));
#2999=CARTESIAN_POINT('',(-4.35336996843858,11.0582218153606,-0.411745170149094));
#3000=CARTESIAN_POINT('',(-4.45290518774405,10.8446361620028,-0.505828904887304));
#3001=CARTESIAN_POINT('',(-4.48582669061554,10.7528968652136,-0.535776108931484));
#3002=CARTESIAN_POINT('',(-4.51088716134223,10.6534850640117,-0.556900982671175));
#3003=CARTESIAN_POINT('',(-4.51203356225368,10.6488459076516,-0.557862136121931));
#3004=CARTESIAN_POINT('',(-4.51315854773954,10.6442,-0.5588));
#3005=CARTESIAN_POINT('',(-3.96239999999998,11.3792,-0.1524));
#3006=CARTESIAN_POINT('',(-3.68369977220876,11.1978067381836,-0.312798452290459));
#3007=CARTESIAN_POINT('',(-3.70094603133501,11.2367554712059,-0.283973493749635));
#3008=CARTESIAN_POINT('',(-3.7265023289636,11.271758978511,-0.254745797238457));
#3009=CARTESIAN_POINT('',(-3.78151908648371,11.3219786419678,-0.20968775389041));
#3010=CARTESIAN_POINT('',(-3.81280879719885,11.3427044086451,-0.189612700187158));
#3011=CARTESIAN_POINT('',(-3.88371008910377,11.3713388072622,-0.160819594338563));
#3012=CARTESIAN_POINT('',(-3.92346164221859,11.3792,-0.1524));
#3013=CARTESIAN_POINT('',(-4.00133835778137,11.3792,-0.1524));
#3014=CARTESIAN_POINT('',(-4.0410899108962,11.3713388072622,-0.160819594338563));
#3015=CARTESIAN_POINT('',(-4.11199120280111,11.3427044086451,-0.189612700187158));
#3016=CARTESIAN_POINT('',(-4.14328091351625,11.3219786419678,-0.209687753890411));
#3017=CARTESIAN_POINT('',(-4.19829767103636,11.271758978511,-0.254745797238457));
#3018=CARTESIAN_POINT('',(-4.22385396866495,11.2367554712059,-0.283973493749635));
#3019=CARTESIAN_POINT('',(-4.2411002277912,11.1978067381836,-0.312798452290459));
#3020=CARTESIAN_POINT('',(-3.7279730390932,11.2692,-0.256262695053758));
#3021=CARTESIAN_POINT('',(-3.68369977220876,11.1978067381836,-0.312798452290459));
#3022=CARTESIAN_POINT('',(-3.70094603133501,11.2367554712059,-0.283973493749635));
#3023=CARTESIAN_POINT('',(-3.7265023289636,11.271758978511,-0.254745797238457));
#3024=CARTESIAN_POINT('',(-3.78151908648371,11.3219786419678,-0.20968775389041));
#3025=CARTESIAN_POINT('',(-3.81280879719885,11.3427044086451,-0.189612700187158));
#3026=CARTESIAN_POINT('',(-3.88371008910377,11.3713388072622,-0.160819594338563));
#3027=CARTESIAN_POINT('',(-3.92346164221859,11.3792,-0.1524));
#3028=CARTESIAN_POINT('',(-4.00133835778137,11.3792,-0.1524));
#3029=CARTESIAN_POINT('',(-4.0410899108962,11.3713388072622,-0.160819594338563));
#3030=CARTESIAN_POINT('',(-4.11199120280111,11.3427044086451,-0.189612700187158));
#3031=CARTESIAN_POINT('',(-4.14328091351625,11.3219786419678,-0.209687753890411));
#3032=CARTESIAN_POINT('',(-4.19829767103636,11.271758978511,-0.254745797238457));
#3033=CARTESIAN_POINT('',(-4.22385396866495,11.2367554712059,-0.283973493749635));
#3034=CARTESIAN_POINT('',(-4.2411002277912,11.1978067381836,-0.312798452290459));
#3035=CARTESIAN_POINT('',(-3.41164145226092,10.6442000000019,-0.558799999999617));
#3036=CARTESIAN_POINT('',(-3.41276676443365,10.6488457638237,-0.557861814709518));
#3037=CARTESIAN_POINT('',(-3.41391283865793,10.6534850640123,-0.556900982671041));
#3038=CARTESIAN_POINT('',(-3.43897330938445,10.7528968652136,-0.535776108931484));
#3039=CARTESIAN_POINT('',(-3.47189481225594,10.8446361620028,-0.505828904887304));
#3040=CARTESIAN_POINT('',(-3.57143003156143,11.0582218153606,-0.41174517014909));
#3041=CARTESIAN_POINT('',(-3.64701927969618,11.1729921661592,-0.337698991940291));
#3042=CARTESIAN_POINT('',(-3.7279730390932,11.2692,-0.256262695053758));
#3043=COLOUR_RGB('',0.592156887054443,0.592156887054443,0.592156887054443);
#3044=CARTESIAN_POINT('',(-4.19682696090681,11.2692,-1.1176));
#3045=VECTOR('',#3726,1.0);
#3046=CARTESIAN_POINT('',(-3.7279730390932,11.2692,-1.1176));
#3047=VECTOR('',#3727,1.0);
#3048=COLOUR_RGB('',0.592156887054443,0.592156887054443,0.592156887054443);
#3049=AXIS2_PLACEMENT_3D('',#3728,#3729,#3730);
#3050=COLOUR_RGB('',0.592156887054443,0.592156887054443,0.592156887054443);
#3051=CARTESIAN_POINT('',(-4.5212,10.6092,0.5588));
#3052=CARTESIAN_POINT('',(-4.5212,10.6092,0.0));
#3053=VECTOR('',#3731,1.0);
#3054=AXIS2_PLACEMENT_3D('',#3732,#3733,#3734);
#3055=COLOUR_RGB('',0.592156887054443,0.592156887054443,0.592156887054443);
#3056=CARTESIAN_POINT('',(-4.5212,-7.54951656745106E-15,0.5588));
#3057=CARTESIAN_POINT('',(-4.5212,-7.54951656745106E-15,2.2987));
#3058=VECTOR('',#3735,1.0);
#3059=CARTESIAN_POINT('',(-4.5212,5.6646,0.5588));
#3060=VECTOR('',#3736,1.0);
#3061=COLOUR_RGB('',0.592156887054443,0.592156887054443,0.592156887054443);
#3062=CARTESIAN_POINT('',(-1.0287,-7.54951656745106E-15,0.5588));
#3063=VECTOR('',#3737,1.0);
#3064=COLOUR_RGB('',0.592156887054443,0.592156887054443,0.592156887054443);
#3065=CARTESIAN_POINT('',(0.5588,-7.54951656745106E-15,-0.5588));
#3066=CARTESIAN_POINT('',(0.5588,-7.54951656745106E-15,0.5588));
#3067=CARTESIAN_POINT('',(0.5588,-7.54951656745106E-15,2.2987));
#3068=VECTOR('',#3738,1.0);
#3069=CARTESIAN_POINT('',(0.5588,10.6092,-0.5588));
#3070=CARTESIAN_POINT('',(0.5588,5.6646,-0.5588));
#3071=VECTOR('',#3739,1.0);
#3072=CARTESIAN_POINT('',(0.5588,10.6092,0.5588));
#3073=CARTESIAN_POINT('',(0.5588,10.6092,-0.5588));
#3074=VECTOR('',#3740,1.0);
#3075=CARTESIAN_POINT('',(0.5588,5.6646,0.5588));
#3076=VECTOR('',#3741,1.0);
#3077=COLOUR_RGB('',0.592156887054443,0.592156887054443,0.592156887054443);
#3078=CARTESIAN_POINT('',(-0.5588,-7.54951656745106E-15,-0.5588));
#3079=CARTESIAN_POINT('',(0.9525,-7.54951656745106E-15,-0.5588));
#3080=VECTOR('',#3742,1.0);
#3081=CARTESIAN_POINT('',(-0.558799999999998,10.6092,-0.5588));
#3082=CARTESIAN_POINT('',(-0.5588,5.6646,-0.5588));
#3083=VECTOR('',#3743,1.0);
#3084=CARTESIAN_POINT('',(-0.550758547739541,10.6442,-0.5588));
#3085=AXIS2_PLACEMENT_3D('',#3744,#3745,#3746);
#3086=CARTESIAN_POINT('',(0.550758547739544,10.6442,-0.5588));
#3087=CARTESIAN_POINT('',(-0.5588,10.6442,-0.5588));
#3088=VECTOR('',#3747,1.0);
#3089=AXIS2_PLACEMENT_3D('',#3748,#3749,#3750);
#3090=COLOUR_RGB('',0.592156887054443,0.592156887054443,0.592156887054443);
#3091=CARTESIAN_POINT('',(-0.550758547739541,10.6442,0.5588));
#3092=CARTESIAN_POINT('',(-0.234426960906809,11.2692,0.256262695053782));
#3093=CARTESIAN_POINT('',(-0.550758547739081,10.6442000000019,0.558799999999617));
#3094=CARTESIAN_POINT('',(-0.549633235566344,10.6488457638237,0.557861814709518));
#3095=CARTESIAN_POINT('',(-0.548487161342067,10.6534850640123,0.556900982671041));
#3096=CARTESIAN_POINT('',(-0.523426690615544,10.7528968652136,0.535776108931484));
#3097=CARTESIAN_POINT('',(-0.490505187744055,10.8446361620028,0.505828904887304));
#3098=CARTESIAN_POINT('',(-0.390969968438575,11.0582218153606,0.411745170149094));
#3099=CARTESIAN_POINT('',(-0.315380720303814,11.1729921661592,0.337698991940306));
#3100=CARTESIAN_POINT('',(-0.234426960906809,11.2692,0.256262695053782));
#3101=CARTESIAN_POINT('',(0.550758547739544,10.6442,0.5588));
#3102=CARTESIAN_POINT('',(0.0,10.6442,0.5588));
#3103=VECTOR('',#3751,1.0);
#3104=CARTESIAN_POINT('',(0.234426960906804,11.2692,0.256262695053758));
#3105=CARTESIAN_POINT('',(0.234426960906803,11.2692,0.256262695053758));
#3106=CARTESIAN_POINT('',(0.315146061882629,11.1726060411641,0.337474828551036));
#3107=CARTESIAN_POINT('',(0.390969968438572,11.0582218153606,0.41174517014909));
#3108=CARTESIAN_POINT('',(0.490505187744056,10.8446361620028,0.505828904887304));
#3109=CARTESIAN_POINT('',(0.523426690615546,10.7528968652136,0.535776108931484));
#3110=CARTESIAN_POINT('',(0.548487161342228,10.6534850640117,0.556900982671175));
#3111=CARTESIAN_POINT('',(0.549633562253686,10.6488459076516,0.557862136121931));
#3112=CARTESIAN_POINT('',(0.550758547739544,10.6442,0.5588));
#3113=CARTESIAN_POINT('',(1.86517468137026E-14,11.3792,0.1524));
#3114=CARTESIAN_POINT('',(-0.278700227791206,11.1978067381836,0.31279845229046));
#3115=CARTESIAN_POINT('',(-0.261453968664953,11.2367554712059,0.283973493749635));
#3116=CARTESIAN_POINT('',(-0.235897671036365,11.271758978511,0.254745797238457));
#3117=CARTESIAN_POINT('',(-0.180880913516255,11.3219786419678,0.209687753890411));
#3118=CARTESIAN_POINT('',(-0.149591202801114,11.3427044086451,0.189612700187158));
#3119=CARTESIAN_POINT('',(-0.0786899108961974,11.3713388072622,0.160819594338563));
#3120=CARTESIAN_POINT('',(-0.0389383577813689,11.3792,0.1524));
#3121=CARTESIAN_POINT('',(0.0389383577814062,11.3792,0.1524));
#3122=CARTESIAN_POINT('',(0.0786899108962338,11.3713388072622,0.160819594338563));
#3123=CARTESIAN_POINT('',(0.149591202801151,11.3427044086451,0.189612700187158));
#3124=CARTESIAN_POINT('',(0.180880913516291,11.3219786419678,0.209687753890411));
#3125=CARTESIAN_POINT('',(0.235897671036401,11.271758978511,0.254745797238457));
#3126=CARTESIAN_POINT('',(0.26145396866499,11.2367554712059,0.283973493749635));
#3127=CARTESIAN_POINT('',(0.278700227791242,11.1978067381836,0.31279845229046));
#3128=CARTESIAN_POINT('',(-0.278700227791206,11.1978067381836,0.31279845229046));
#3129=CARTESIAN_POINT('',(-0.261453968664953,11.2367554712059,0.283973493749635));
#3130=CARTESIAN_POINT('',(-0.235897671036365,11.271758978511,0.254745797238457));
#3131=CARTESIAN_POINT('',(-0.180880913516255,11.3219786419678,0.209687753890411));
#3132=CARTESIAN_POINT('',(-0.149591202801114,11.3427044086451,0.189612700187158));
#3133=CARTESIAN_POINT('',(-0.0786899108961974,11.3713388072622,0.160819594338563));
#3134=CARTESIAN_POINT('',(-0.0389383577813689,11.3792,0.1524));
#3135=CARTESIAN_POINT('',(0.0389383577814062,11.3792,0.1524));
#3136=CARTESIAN_POINT('',(0.0786899108962338,11.3713388072622,0.160819594338563));
#3137=CARTESIAN_POINT('',(0.149591202801151,11.3427044086451,0.189612700187158));
#3138=CARTESIAN_POINT('',(0.180880913516291,11.3219786419678,0.209687753890411));
#3139=CARTESIAN_POINT('',(0.235897671036401,11.271758978511,0.254745797238457));
#3140=CARTESIAN_POINT('',(0.26145396866499,11.2367554712059,0.283973493749635));
#3141=CARTESIAN_POINT('',(0.278700227791242,11.1978067381836,0.31279845229046));
#3142=COLOUR_RGB('',0.592156887054443,0.592156887054443,0.592156887054443);
#3143=CARTESIAN_POINT('',(-0.234426960906809,11.2692,-0.256262695053782));
#3144=CARTESIAN_POINT('',(-0.234426960906822,11.2692,-0.256262695053778));
#3145=CARTESIAN_POINT('',(-0.31514606188264,11.1726060411641,-0.337474828551047));
#3146=CARTESIAN_POINT('',(-0.390969968438576,11.0582218153606,-0.411745170149094));
#3147=CARTESIAN_POINT('',(-0.490505187744055,10.8446361620028,-0.505828904887304));
#3148=CARTESIAN_POINT('',(-0.523426690615544,10.7528968652136,-0.535776108931484));
#3149=CARTESIAN_POINT('',(-0.548487161342226,10.6534850640117,-0.556900982671175));
#3150=CARTESIAN_POINT('',(-0.549633562253684,10.6488459076516,-0.557862136121931));
#3151=CARTESIAN_POINT('',(-0.550758547739541,10.6442,-0.5588));
#3152=CARTESIAN_POINT('',(1.86517468137026E-14,11.3792,-0.1524));
#3153=CARTESIAN_POINT('',(0.278700227791242,11.1978067381836,-0.312798452290459));
#3154=CARTESIAN_POINT('',(0.261453968664989,11.2367554712059,-0.283973493749635));
#3155=CARTESIAN_POINT('',(0.235897671036401,11.271758978511,-0.254745797238457));
#3156=CARTESIAN_POINT('',(0.180880913516292,11.3219786419678,-0.20968775389041));
#3157=CARTESIAN_POINT('',(0.149591202801151,11.3427044086451,-0.189612700187158));
#3158=CARTESIAN_POINT('',(0.0786899108962338,11.3713388072622,-0.160819594338563));
#3159=CARTESIAN_POINT('',(0.0389383577814062,11.3792,-0.1524));
#3160=CARTESIAN_POINT('',(-0.0389383577813689,11.3792,-0.1524));
#3161=CARTESIAN_POINT('',(-0.0786899108961974,11.3713388072622,-0.160819594338563));
#3162=CARTESIAN_POINT('',(-0.149591202801114,11.3427044086451,-0.189612700187158));
#3163=CARTESIAN_POINT('',(-0.180880913516255,11.3219786419678,-0.209687753890411));
#3164=CARTESIAN_POINT('',(-0.235897671036365,11.271758978511,-0.254745797238457));
#3165=CARTESIAN_POINT('',(-0.261453968664953,11.2367554712059,-0.283973493749635));
#3166=CARTESIAN_POINT('',(-0.278700227791205,11.1978067381836,-0.312798452290459));
#3167=CARTESIAN_POINT('',(0.234426960906804,11.2692,-0.256262695053758));
#3168=CARTESIAN_POINT('',(0.278700227791242,11.1978067381836,-0.312798452290459));
#3169=CARTESIAN_POINT('',(0.261453968664989,11.2367554712059,-0.283973493749635));
#3170=CARTESIAN_POINT('',(0.235897671036401,11.271758978511,-0.254745797238457));
#3171=CARTESIAN_POINT('',(0.180880913516292,11.3219786419678,-0.20968775389041));
#3172=CARTESIAN_POINT('',(0.149591202801151,11.3427044086451,-0.189612700187158));
#3173=CARTESIAN_POINT('',(0.0786899108962338,11.3713388072622,-0.160819594338563));
#3174=CARTESIAN_POINT('',(0.0389383577814062,11.3792,-0.1524));
#3175=CARTESIAN_POINT('',(-0.0389383577813689,11.3792,-0.1524));
#3176=CARTESIAN_POINT('',(-0.0786899108961974,11.3713388072622,-0.160819594338563));
#3177=CARTESIAN_POINT('',(-0.149591202801114,11.3427044086451,-0.189612700187158));
#3178=CARTESIAN_POINT('',(-0.180880913516255,11.3219786419678,-0.209687753890411));
#3179=CARTESIAN_POINT('',(-0.235897671036365,11.271758978511,-0.254745797238457));
#3180=CARTESIAN_POINT('',(-0.261453968664953,11.2367554712059,-0.283973493749635));
#3181=CARTESIAN_POINT('',(-0.278700227791205,11.1978067381836,-0.312798452290459));
#3182=CARTESIAN_POINT('',(0.550758547739084,10.6442000000019,-0.558799999999617));
#3183=CARTESIAN_POINT('',(0.549633235566346,10.6488457638237,-0.557861814709518));
#3184=CARTESIAN_POINT('',(0.548487161342069,10.6534850640123,-0.556900982671041));
#3185=CARTESIAN_POINT('',(0.523426690615547,10.7528968652136,-0.535776108931484));
#3186=CARTESIAN_POINT('',(0.490505187744056,10.8446361620028,-0.505828904887304));
#3187=CARTESIAN_POINT('',(0.390969968438572,11.0582218153606,-0.41174517014909));
#3188=CARTESIAN_POINT('',(0.315380720303816,11.1729921661592,-0.337698991940291));
#3189=CARTESIAN_POINT('',(0.234426960906804,11.2692,-0.256262695053758));
#3190=COLOUR_RGB('',0.592156887054443,0.592156887054443,0.592156887054443);
#3191=CARTESIAN_POINT('',(-0.234426960906809,11.2692,-1.1176));
#3192=VECTOR('',#3752,1.0);
#3193=CARTESIAN_POINT('',(0.234426960906804,11.2692,-1.1176));
#3194=VECTOR('',#3753,1.0);
#3195=COLOUR_RGB('',0.592156887054443,0.592156887054443,0.592156887054443);
#3196=AXIS2_PLACEMENT_3D('',#3754,#3755,#3756);
#3197=COLOUR_RGB('',0.592156887054443,0.592156887054443,0.592156887054443);
#3198=CARTESIAN_POINT('',(-0.558799999999998,10.6092,0.5588));
#3199=CARTESIAN_POINT('',(-0.5588,10.6092,0.0));
#3200=VECTOR('',#3757,1.0);
#3201=AXIS2_PLACEMENT_3D('',#3758,#3759,#3760);
#3202=COLOUR_RGB('',0.592156887054443,0.592156887054443,0.592156887054443);
#3203=CARTESIAN_POINT('',(-0.5588,-7.54951656745106E-15,0.5588));
#3204=CARTESIAN_POINT('',(-0.5588,-7.54951656745106E-15,2.2987));
#3205=VECTOR('',#3761,1.0);
#3206=CARTESIAN_POINT('',(-0.5588,5.6646,0.5588));
#3207=VECTOR('',#3762,1.0);
#3208=COLOUR_RGB('',0.592156887054443,0.592156887054443,0.592156887054443);
#3209=CARTESIAN_POINT('',(0.9525,-7.54951656745106E-15,0.5588));
#3210=VECTOR('',#3763,1.0);
#3211=COLOUR_RGB('',0.172549024224281,0.172549024224281,0.176470592617989);
#3212=CARTESIAN_POINT('',(0.5588,-7.54951656745106E-15,2.29373333333334));
#3213=CARTESIAN_POINT('',(0.5588,-7.54951656745106E-15,4.8354));
#3214=CARTESIAN_POINT('',(0.5588,-7.54951656745106E-15,4.08098333333333));
#3215=VECTOR('',#3764,1.0);
#3216=CARTESIAN_POINT('',(0.5588,-0.0499999999999998,2.29373333333334));
#3217=CARTESIAN_POINT('',(0.5588,-0.0499999999999998,2.29373333333334));
#3218=VECTOR('',#3765,1.0);
#3219=CARTESIAN_POINT('',(0.5588,-0.0499999999999998,4.8354));
#3220=CARTESIAN_POINT('',(0.5588,-0.0499999999999998,2.29373333333334));
#3221=VECTOR('',#3766,1.0);
#3222=CARTESIAN_POINT('',(0.5588,-0.0499999999999998,4.8354));
#3223=VECTOR('',#3767,1.0);
#3224=COLOUR_RGB('',0.172549024224281,0.172549024224281,0.176470592617989);
#3225=CARTESIAN_POINT('',(0.241091666666657,-7.54951656745106E-15,4.8354));
#3226=CARTESIAN_POINT('',(1.15247291666666,-7.54951656745106E-15,4.8354));
#3227=VECTOR('',#3768,1.0);
#3228=CARTESIAN_POINT('',(0.241091666666657,-0.0499999999999998,4.8354));
#3229=CARTESIAN_POINT('',(0.5588,-0.0499999999999998,4.8354));
#3230=VECTOR('',#3769,1.0);
#3231=CARTESIAN_POINT('',(0.241091666666657,-0.0499999999999998,4.8354));
#3232=VECTOR('',#3770,1.0);
#3233=COLOUR_RGB('',0.172549024224281,0.172549024224281,0.176470592617989);
#3234=CARTESIAN_POINT('',(0.241091666666657,-7.54951656745106E-15,2.99269166666667));
#3235=CARTESIAN_POINT('',(0.241091666666657,-7.54951656745106E-15,4.25572291666666));
#3236=VECTOR('',#3771,1.0);
#3237=CARTESIAN_POINT('',(0.241091666666657,-0.0499999999999998,2.99269166666667));
#3238=CARTESIAN_POINT('',(0.241091666666657,-0.0499999999999998,4.8354));
#3239=VECTOR('',#3772,1.0);
#3240=CARTESIAN_POINT('',(0.241091666666657,-0.0499999999999998,2.99269166666667));
#3241=VECTOR('',#3773,1.0);
#3242=COLOUR_RGB('',0.172549024224281,0.172549024224281,0.176470592617989);
#3243=CARTESIAN_POINT('',(-0.362554166666667,-7.54951656745106E-15,2.99269166666667));
#3244=CARTESIAN_POINT('',(0.922134374999997,-7.54951656745106E-15,2.99269166666667));
#3245=VECTOR('',#3774,1.0);
#3246=CARTESIAN_POINT('',(-0.362554166666667,-0.0499999999999998,2.99269166666667));
#3247=CARTESIAN_POINT('',(0.241091666666657,-0.0499999999999998,2.99269166666667));
#3248=VECTOR('',#3775,1.0);
#3249=CARTESIAN_POINT('',(-0.362554166666667,-0.0499999999999998,2.99269166666667));
#3250=VECTOR('',#3776,1.0);
#3251=COLOUR_RGB('',0.172549024224281,0.172549024224281,0.176470592617989);
#3252=CARTESIAN_POINT('',(-0.362554166666667,-7.54951656745106E-15,2.738525));
#3253=CARTESIAN_POINT('',(-0.362554166666667,-7.54951656745106E-15,3.73150416666666));
#3254=VECTOR('',#3777,1.0);
#3255=CARTESIAN_POINT('',(-0.362554166666667,-0.0499999999999998,2.738525));
#3256=CARTESIAN_POINT('',(-0.362554166666667,-0.0499999999999998,2.99269166666667));
#3257=VECTOR('',#3778,1.0);
#3258=CARTESIAN_POINT('',(-0.362554166666667,-0.0499999999999998,2.738525));
#3259=VECTOR('',#3779,1.0);
#3260=COLOUR_RGB('',0.172549024224281,0.172549024224281,0.176470592617989);
#3261=CARTESIAN_POINT('',(-0.299012500000016,-7.54951656745106E-15,2.738525));
#3262=CARTESIAN_POINT('',(0.787108333333329,-7.54951656745106E-15,2.738525));
#3263=VECTOR('',#3780,1.0);
#3264=CARTESIAN_POINT('',(-0.299012500000016,-0.0499999999999998,2.738525));
#3265=CARTESIAN_POINT('',(-0.362554166666667,-0.0499999999999998,2.738525));
#3266=VECTOR('',#3781,1.0);
#3267=CARTESIAN_POINT('',(-0.299012500000016,-0.0499999999999998,2.738525));
#3268=VECTOR('',#3782,1.0);
#3269=COLOUR_RGB('',0.172549024224281,0.172549024224281,0.176470592617989);
#3270=CARTESIAN_POINT('',(-0.14015833333333,-7.54951656745106E-15,2.70675416666667));
#3271=CARTESIAN_POINT('',(0.621584455128194,-7.54951656745106E-15,2.55440560897436));
#3272=VECTOR('',#3783,1.0);
#3273=CARTESIAN_POINT('',(-0.14015833333333,-0.0499999999999998,2.70675416666667));
#3274=CARTESIAN_POINT('',(-0.299012500000016,-0.0499999999999998,2.738525));
#3275=VECTOR('',#3784,1.0);
#3276=CARTESIAN_POINT('',(-0.14015833333333,-0.0499999999999998,2.70675416666667));
#3277=VECTOR('',#3785,1.0);
#3278=COLOUR_RGB('',0.172549024224281,0.172549024224281,0.176470592617989);
#3279=CARTESIAN_POINT('',(-0.044845833333353,-7.54951656745106E-15,2.67498333333333));
#3280=CARTESIAN_POINT('',(0.520394166666502,-7.54951656745106E-15,2.48656999999997));
#3281=VECTOR('',#3786,1.0);
#3282=CARTESIAN_POINT('',(-0.044845833333353,-0.0499999999999998,2.67498333333333));
#3283=CARTESIAN_POINT('',(-0.14015833333333,-0.0499999999999998,2.70675416666667));
#3284=VECTOR('',#3787,1.0);
#3285=CARTESIAN_POINT('',(-0.044845833333353,-0.0499999999999998,2.67498333333333));
#3286=VECTOR('',#3788,1.0);
#3287=COLOUR_RGB('',0.172549024224281,0.172549024224281,0.176470592617989);
#3288=CARTESIAN_POINT('',(0.0822374999999997,-7.54951656745106E-15,2.61144166666666));
#3289=CARTESIAN_POINT('',(0.382380000000099,-7.54951656745106E-15,2.46137041666664));
#3290=VECTOR('',#3789,1.0);
#3291=CARTESIAN_POINT('',(0.0822374999999997,-0.0499999999999998,2.61144166666666));
#3292=CARTESIAN_POINT('',(-0.044845833333353,-0.0499999999999998,2.67498333333333));
#3293=VECTOR('',#3790,1.0);
#3294=CARTESIAN_POINT('',(0.0822374999999997,-0.0499999999999998,2.61144166666666));
#3295=VECTOR('',#3791,1.0);
#3296=COLOUR_RGB('',0.172549024224281,0.172549024224281,0.176470592617989);
#3297=CARTESIAN_POINT('',(0.177549999999984,-7.54951656745106E-15,2.51612916666667));
#3298=CARTESIAN_POINT('',(0.0652666666666208,-7.54951656745106E-15,2.62841250000004));
#3299=VECTOR('',#3792,1.0);
#3300=CARTESIAN_POINT('',(0.177549999999984,-0.0499999999999998,2.51612916666667));
#3301=CARTESIAN_POINT('',(0.0822374999999997,-0.0499999999999998,2.61144166666666));
#3302=VECTOR('',#3793,1.0);
#3303=CARTESIAN_POINT('',(0.177549999999984,-0.0499999999999998,2.51612916666667));
#3304=VECTOR('',#3794,1.0);
#3305=COLOUR_RGB('',0.172549024224281,0.172549024224281,0.176470592617989);
#3306=CARTESIAN_POINT('',(0.272862499999983,-7.54951656745106E-15,2.38904583333333));
#3307=CARTESIAN_POINT('',(0.0128141249999674,-7.54951656745106E-15,2.73577700000004));
#3308=VECTOR('',#3795,1.0);
#3309=CARTESIAN_POINT('',(0.272862499999983,-0.0499999999999998,2.38904583333333));
#3310=CARTESIAN_POINT('',(0.177549999999984,-0.0499999999999998,2.51612916666667));
#3311=VECTOR('',#3796,1.0);
#3312=CARTESIAN_POINT('',(0.272862499999983,-0.0499999999999998,2.38904583333333));
#3313=VECTOR('',#3797,1.0);
#3314=COLOUR_RGB('',0.172549024224281,0.172549024224281,0.176470592617989);
#3315=CARTESIAN_POINT('',(0.304633333333316,-7.54951656745106E-15,2.29373333333334));
#3316=CARTESIAN_POINT('',(0.0311589583333083,-7.54951656745106E-15,3.1141564583333));
#3317=VECTOR('',#3798,1.0);
#3318=CARTESIAN_POINT('',(0.304633333333316,-0.0499999999999998,2.29373333333334));
#3319=CARTESIAN_POINT('',(0.272862499999983,-0.0499999999999998,2.38904583333333));
#3320=VECTOR('',#3799,1.0);
#3321=CARTESIAN_POINT('',(0.304633333333316,-0.0499999999999998,2.29373333333334));
#3322=VECTOR('',#3800,1.0);
#3323=COLOUR_RGB('',0.172549024224281,0.172549024224281,0.176470592617989);
#3324=CARTESIAN_POINT('',(1.16835833333333,-7.54951656745106E-15,2.29373333333334));
#3325=VECTOR('',#3801,1.0);
#3326=CARTESIAN_POINT('',(0.304633333333316,-0.0499999999999998,2.29373333333334));
#3327=VECTOR('',#3802,1.0);
#3328=COLOUR_RGB('',0.172549024224281,0.172549024224281,0.176470592617989);
#3329=COLOUR_RGB('',0.172549024224281,0.172549024224281,0.176470592617989);
#3330=CARTESIAN_POINT('',(-3.9624,2.66453525910038E-15,-1.1811));
#3331=CARTESIAN_POINT('',(-5.8674,-7.54951656745106E-15,-1.18110000000001));
#3332=CARTESIAN_POINT('',(1.905,-7.54951656745106E-15,-1.18110000000001));
#3333=VECTOR('',#3803,1.0);
#3334=CARTESIAN_POINT('',(-3.9624,-2.79399999999999,-1.1811));
#3335=CARTESIAN_POINT('',(-3.9624,2.598,-1.1811));
#3336=VECTOR('',#3804,1.0);
#3337=CARTESIAN_POINT('',(-5.8674,-2.79399999999999,-1.18110000000001));
#3338=CARTESIAN_POINT('',(1.905,-2.79399999999999,-1.18110000000001));
#3339=VECTOR('',#3805,1.0);
#3340=CARTESIAN_POINT('',(-5.8674,1.62297116323272,-1.18110000000001));
#3341=VECTOR('',#3806,1.0);
#3342=COLOUR_RGB('',0.172549024224281,0.172549024224281,0.176470592617989);
#3343=CARTESIAN_POINT('',(-3.9624,-1.4612483811655,-3.26797896291668));
#3344=CARTESIAN_POINT('',(-3.9624,-1.11256995436381,-2.77001456268538));
#3345=VECTOR('',#3807,1.0);
#3346=CARTESIAN_POINT('',(-3.9624,-0.941086833042285,-4.26720000000003));
#3347=AXIS2_PLACEMENT_3D('',#3808,#3809,#3810);
#3348=CARTESIAN_POINT('',(-3.9624,2.61491316695773,-4.26719999999999));
#3349=CARTESIAN_POINT('',(-3.9624,1.71745658347886,-4.26720000000003));
#3350=VECTOR('',#3811,1.0);
#3351=CARTESIAN_POINT('',(-3.9624,3.51293877906394,-3.89522561210623));
#3352=AXIS2_PLACEMENT_3D('',#3812,#3813,#3814);
#3353=CARTESIAN_POINT('',(-3.9624,4.80917719722543,-2.59898719394656));
#3354=CARTESIAN_POINT('',(-3.9624,3.03679509186466,-4.37136929930551));
#3355=VECTOR('',#3815,1.0);
#3356=CARTESIAN_POINT('',(-3.9624,5.25819000327891,-2.41300000000004));
#3357=AXIS2_PLACEMENT_3D('',#3816,#3817,#3818);
#3358=CARTESIAN_POINT('',(-3.9624,5.43448419114957,-2.413));
#3359=CARTESIAN_POINT('',(-3.9624,3.97216854860712,-2.41300000000004));
#3360=VECTOR('',#3819,1.0);
#3361=CARTESIAN_POINT('',(-3.9624,5.82542922798032,-2.54761317145892));
#3362=AXIS2_PLACEMENT_3D('',#3820,#3821,#3822);
#3363=CARTESIAN_POINT('',(-3.9624,8.02639999999999,-4.26720000000003));
#3364=CARTESIAN_POINT('',(-3.9624,6.25500735010727,-2.8832363837386));
#3365=VECTOR('',#3823,1.0);
#3366=CARTESIAN_POINT('',(-3.9624,8.02639999999999,-4.90220000000002));
#3367=CARTESIAN_POINT('',(-3.9624,8.02639999999999,-5.38290000000001));
#3368=VECTOR('',#3824,1.0);
#3369=CARTESIAN_POINT('',(-3.9624,-1.52400000000001,-4.90220000000003));
#3370=CARTESIAN_POINT('',(-3.9624,2.92459999999999,-4.90220000000002));
#3371=VECTOR('',#3825,1.0);
#3372=CARTESIAN_POINT('',(-3.9624,-3.302,-3.12420000000003));
#3373=AXIS2_PLACEMENT_3D('',#3826,#3827,#3828);
#3374=CARTESIAN_POINT('',(-3.9624,-3.302,-1.1811));
#3375=CARTESIAN_POINT('',(-3.9624,-3.302,-4.16687500000001));
#3376=VECTOR('',#3829,1.0);
#3377=CARTESIAN_POINT('',(-3.9624,-0.224999999999997,-1.1811));
#3378=VECTOR('',#3830,1.0);
#3379=COLOUR_RGB('',0.172549024224281,0.172549024224281,0.176470592617989);
#3380=CARTESIAN_POINT('',(-5.8674,-2.79399999999999,4.21639999999999));
#3381=CARTESIAN_POINT('',(-5.8674,-2.79399999999999,-1.18110000000001));
#3382=VECTOR('',#3831,1.0);
#3383=CARTESIAN_POINT('',(-5.8674,-3.302,4.21639999999999));
#3384=CARTESIAN_POINT('',(-5.8674,-3.302,4.21639999999999));
#3385=VECTOR('',#3832,1.0);
#3386=CARTESIAN_POINT('',(-5.8674,-3.302,5.1054));
#3387=CARTESIAN_POINT('',(-5.8674,-3.302,5.1054));
#3388=VECTOR('',#3833,1.0);
#3389=CARTESIAN_POINT('',(-5.8674,-2.4363054125189,5.1054));
#3390=CARTESIAN_POINT('',(-5.8674,-2.4363054125189,5.1054));
#3391=VECTOR('',#3834,1.0);
#3392=CARTESIAN_POINT('',(-5.8674,-2.4363054125189,4.85139999999998));
#3393=CARTESIAN_POINT('',(-5.8674,-2.4363054125189,4.85139999999998));
#3394=VECTOR('',#3835,1.0);
#3395=CARTESIAN_POINT('',(-5.8674,-2.08070541251889,4.85139999999998));
#3396=CARTESIAN_POINT('',(-5.8674,-2.08070541251889,4.85139999999998));
#3397=VECTOR('',#3836,1.0);
#3398=CARTESIAN_POINT('',(-5.8674,-1.778,5.1054));
#3399=CARTESIAN_POINT('',(-5.8674,-1.778,5.1054));
#3400=VECTOR('',#3837,0.999999999999999);
#3401=CARTESIAN_POINT('',(-5.8674,-7.54951656745106E-15,5.1054));
#3402=CARTESIAN_POINT('',(-5.8674,-7.54951656745106E-15,5.1054));
#3403=VECTOR('',#3838,1.0);
#3404=CARTESIAN_POINT('',(-5.8674,-7.54951656745106E-15,-1.18110000000001));
#3405=VECTOR('',#3839,1.0);
#3406=COLOUR_RGB('',0.172549024224281,0.172549024224281,0.176470592617989);
#3407=CARTESIAN_POINT('',(0.0,-3.302,-1.1811));
#3408=CARTESIAN_POINT('',(1.905,-3.302,-1.18110000000001));
#3409=VECTOR('',#3840,1.0);
#3410=CARTESIAN_POINT('',(0.0,-2.79399999999999,-1.1811));
#3411=CARTESIAN_POINT('',(0.0,-0.224999999999997,-1.1811));
#3412=VECTOR('',#3841,1.0);
#3413=CARTESIAN_POINT('',(1.905,-2.79399999999999,-1.18110000000001));
#3414=VECTOR('',#3842,1.0);
#3415=COLOUR_RGB('',0.172549024224281,0.172549024224281,0.176470592617989);
#3416=CARTESIAN_POINT('',(0.0,-3.302,-3.12420000000003));
#3417=CARTESIAN_POINT('',(1.905,-3.302,-3.12420000000003));
#3418=VECTOR('',#3843,1.0);
#3419=CARTESIAN_POINT('',(0.0,-3.302,-4.16687500000001));
#3420=VECTOR('',#3844,1.0);
#3421=COLOUR_RGB('',0.172549024224281,0.172549024224281,0.176470592617989);
#3422=CARTESIAN_POINT('',(0.0,-1.52400000000001,-4.90220000000003));
#3423=CARTESIAN_POINT('',(1.905,-1.52400000000001,-4.90220000000003));
#3424=VECTOR('',#3845,1.0);
#3425=AXIS2_PLACEMENT_3D('',#3846,#3847,#3848);
#3426=COLOUR_RGB('',0.172549024224281,0.172549024224281,0.176470592617989);
#3427=CARTESIAN_POINT('',(0.0,8.02639999999999,-4.90220000000002));
#3428=CARTESIAN_POINT('',(1.905,8.02639999999999,-4.90220000000002));
#3429=VECTOR('',#3849,1.0);
#3430=CARTESIAN_POINT('',(0.0,2.92459999999999,-4.90220000000002));
#3431=VECTOR('',#3850,1.0);
#3432=COLOUR_RGB('',0.172549024224281,0.172549024224281,0.176470592617989);
#3433=CARTESIAN_POINT('',(0.0,8.02639999999999,-4.26720000000003));
#3434=CARTESIAN_POINT('',(1.905,8.02639999999999,-4.26720000000003));
#3435=VECTOR('',#3851,1.0);
#3436=CARTESIAN_POINT('',(0.0,8.02639999999999,-5.38290000000001));
#3437=VECTOR('',#3852,1.0);
#3438=COLOUR_RGB('',0.172549024224281,0.172549024224281,0.176470592617989);
#3439=CARTESIAN_POINT('',(1.905,-2.79399999999999,-1.18110000000001));
#3440=CARTESIAN_POINT('',(1.905,-2.79399999999999,-1.18110000000001));
#3441=VECTOR('',#3853,1.0);
#3442=CARTESIAN_POINT('',(0.0,2.66453525910038E-15,-1.1811));
#3443=CARTESIAN_POINT('',(0.0,2.598,-1.1811));
#3444=VECTOR('',#3854,1.0);
#3445=CARTESIAN_POINT('',(1.905,-7.54951656745106E-15,-1.18110000000001));
#3446=CARTESIAN_POINT('',(1.905,-7.54951656745106E-15,-1.18110000000001));
#3447=VECTOR('',#3855,1.0);
#3448=CARTESIAN_POINT('',(1.905,1.62297116323272,-1.18110000000001));
#3449=VECTOR('',#3856,1.0);
#3450=COLOUR_RGB('',0.172549024224281,0.172549024224281,0.176470592617989);
#3451=CARTESIAN_POINT('',(0.0,5.82542922798032,-2.54761317145892));
#3452=CARTESIAN_POINT('',(0.0,6.25500735010727,-2.8832363837386));
#3453=VECTOR('',#3857,1.0);
#3454=CARTESIAN_POINT('',(0.0,5.43448419114957,-2.413));
#3455=AXIS2_PLACEMENT_3D('',#3858,#3859,#3860);
#3456=CARTESIAN_POINT('',(0.0,5.25819000327891,-2.41300000000004));
#3457=CARTESIAN_POINT('',(0.0,3.97216854860712,-2.41300000000004));
#3458=VECTOR('',#3861,1.0);
#3459=CARTESIAN_POINT('',(0.0,4.80917719722543,-2.59898719394656));
#3460=AXIS2_PLACEMENT_3D('',#3862,#3863,#3864);
#3461=CARTESIAN_POINT('',(0.0,3.51293877906394,-3.89522561210623));
#3462=CARTESIAN_POINT('',(0.0,3.03679509186466,-4.37136929930551));
#3463=VECTOR('',#3865,1.0);
#3464=CARTESIAN_POINT('',(0.0,2.61491316695773,-4.26719999999999));
#3465=AXIS2_PLACEMENT_3D('',#3866,#3867,#3868);
#3466=CARTESIAN_POINT('',(0.0,-0.941086833042285,-4.26720000000003));
#3467=CARTESIAN_POINT('',(0.0,1.71745658347886,-4.26720000000003));
#3468=VECTOR('',#3869,1.0);
#3469=CARTESIAN_POINT('',(0.0,-1.4612483811655,-3.26797896291668));
#3470=AXIS2_PLACEMENT_3D('',#3870,#3871,#3872);
#3471=CARTESIAN_POINT('',(0.0,-1.11256995436381,-2.77001456268538));
#3472=VECTOR('',#3873,1.0);
#3473=COLOUR_RGB('',0.172549024224281,0.172549024224281,0.176470592617989);
#3474=CARTESIAN_POINT('',(1.905,5.82542922798032,-2.54761317145892));
#3475=VECTOR('',#3874,1.0);
#3476=COLOUR_RGB('',0.172549024224281,0.172549024224281,0.176470592617989);
#3477=CARTESIAN_POINT('',(1.905,-7.54951656745106E-15,5.1054));
#3478=CARTESIAN_POINT('',(1.905,-7.54951656745106E-15,-1.18110000000001));
#3479=VECTOR('',#3875,1.0);
#3480=CARTESIAN_POINT('',(1.905,-1.778,5.1054));
#3481=CARTESIAN_POINT('',(1.905,-7.54951656745106E-15,5.1054));
#3482=VECTOR('',#3876,1.0);
#3483=CARTESIAN_POINT('',(1.905,-2.08070541251889,4.85139999999998));
#3484=CARTESIAN_POINT('',(1.905,-1.778,5.1054));
#3485=VECTOR('',#3877,1.0);
#3486=CARTESIAN_POINT('',(1.905,-2.4363054125189,4.85139999999998));
#3487=CARTESIAN_POINT('',(1.905,-2.08070541251889,4.85139999999998));
#3488=VECTOR('',#3878,1.0);
#3489=CARTESIAN_POINT('',(1.905,-2.4363054125189,5.1054));
#3490=CARTESIAN_POINT('',(1.905,-2.4363054125189,4.85139999999998));
#3491=VECTOR('',#3879,1.0);
#3492=CARTESIAN_POINT('',(1.905,-3.302,5.1054));
#3493=CARTESIAN_POINT('',(1.905,-2.4363054125189,5.1054));
#3494=VECTOR('',#3880,1.0);
#3495=CARTESIAN_POINT('',(1.905,-3.302,4.21639999999999));
#3496=CARTESIAN_POINT('',(1.905,-3.302,5.1054));
#3497=VECTOR('',#3881,1.0);
#3498=CARTESIAN_POINT('',(1.905,-2.79399999999999,4.21639999999999));
#3499=CARTESIAN_POINT('',(1.905,-3.302,4.21639999999999));
#3500=VECTOR('',#3882,1.0);
#3501=CARTESIAN_POINT('',(1.905,-2.79399999999999,-1.18110000000001));
#3502=VECTOR('',#3883,1.0);
#3503=COLOUR_RGB('',0.172549024224281,0.172549024224281,0.176470592617989);
#3504=CARTESIAN_POINT('',(-2.9972,-2.79399999999999,3.0988));
#3505=CARTESIAN_POINT('',(-0.9652,-2.79399999999999,3.0988));
#3506=CARTESIAN_POINT('',(-0.0381,-2.79399999999999,3.0988));
#3507=VECTOR('',#3884,1.0);
#3508=CARTESIAN_POINT('',(-2.9972,-7.54951656745106E-15,3.0988));
#3509=CARTESIAN_POINT('',(-2.9972,-1.651,3.0988));
#3510=VECTOR('',#3885,1.0);
#3511=CARTESIAN_POINT('',(-0.9652,-7.54951656745106E-15,3.0988));
#3512=CARTESIAN_POINT('',(-0.0381,-7.54951656745106E-15,3.0988));
#3513=VECTOR('',#3886,1.0);
#3514=CARTESIAN_POINT('',(-0.9652,-1.651,3.0988));
#3515=VECTOR('',#3887,1.0);
#3516=COLOUR_RGB('',0.172549024224281,0.172549024224281,0.176470592617989);
#3517=CARTESIAN_POINT('',(-0.9652,-2.79399999999999,2.0828));
#3518=CARTESIAN_POINT('',(-0.965200000000001,-2.79399999999999,2.05422499999999));
#3519=VECTOR('',#3888,1.0);
#3520=CARTESIAN_POINT('',(-0.9652,-7.54951656745106E-15,2.0828));
#3521=CARTESIAN_POINT('',(-0.965200000000001,-7.54951656745106E-15,3.5941));
#3522=VECTOR('',#3889,1.0);
#3523=CARTESIAN_POINT('',(-0.9652,-1.651,2.0828));
#3524=VECTOR('',#3890,1.0);
#3525=COLOUR_RGB('',0.172549024224281,0.172549024224281,0.176470592617989);
#3526=CARTESIAN_POINT('',(-2.9972,-2.79399999999999,2.0828));
#3527=CARTESIAN_POINT('',(-0.0381,-2.79399999999999,2.0828));
#3528=VECTOR('',#3891,1.0);
#3529=CARTESIAN_POINT('',(-2.9972,-7.54951656745106E-15,2.0828));
#3530=CARTESIAN_POINT('',(-0.0381,-7.54951656745106E-15,2.0828));
#3531=VECTOR('',#3892,1.0);
#3532=CARTESIAN_POINT('',(-2.9972,-1.651,2.0828));
#3533=VECTOR('',#3893,1.0);
#3534=COLOUR_RGB('',0.172549024224281,0.172549024224281,0.176470592617989);
#3535=CARTESIAN_POINT('',(-2.9972,-2.79399999999999,2.05422499999999));
#3536=VECTOR('',#3894,1.0);
#3537=CARTESIAN_POINT('',(-2.9972,-7.54951656745106E-15,3.5941));
#3538=VECTOR('',#3895,1.0);
#3539=COLOUR_RGB('',0.172549024224281,0.172549024224281,0.176470592617989);
#3540=CARTESIAN_POINT('',(-2.6924,-2.794,5.1054));
#3541=CARTESIAN_POINT('',(-2.6924,-3.302,5.1054));
#3542=CARTESIAN_POINT('',(-2.6924,-2.98357635312972,5.1054));
#3543=VECTOR('',#3896,1.0);
#3544=CARTESIAN_POINT('',(-2.6924,-2.794,4.21639999999999));
#3545=CARTESIAN_POINT('',(-2.6924,-2.794,6.0));
#3546=VECTOR('',#3897,1.0);
#3547=CARTESIAN_POINT('',(-2.6924,-3.302,4.21639999999999));
#3548=CARTESIAN_POINT('',(-2.6924,-3.073,4.21639999999999));
#3549=VECTOR('',#3898,1.0);
#3550=CARTESIAN_POINT('',(-2.6924,-3.302,5.33045));
#3551=VECTOR('',#3899,1.0);
#3552=COLOUR_RGB('',0.172549024224281,0.172549024224281,0.176470592617989);
#3553=CARTESIAN_POINT('',(-5.2324,-3.302,5.1054));
#3554=CARTESIAN_POINT('',(-5.2324,-2.794,5.1054));
#3555=CARTESIAN_POINT('',(-5.2324,-2.98357635312972,5.1054));
#3556=VECTOR('',#3900,1.0);
#3557=CARTESIAN_POINT('',(-5.2324,-3.302,4.21639999999999));
#3558=CARTESIAN_POINT('',(-5.2324,-3.302,5.33045));
#3559=VECTOR('',#3901,1.0);
#3560=CARTESIAN_POINT('',(-5.2324,-2.79399999999999,4.21639999999999));
#3561=CARTESIAN_POINT('',(-5.2324,-3.073,4.21639999999999));
#3562=VECTOR('',#3902,1.0);
#3563=CARTESIAN_POINT('',(-5.2324,-2.794,6.0));
#3564=VECTOR('',#3903,1.0);
#3565=COLOUR_RGB('',0.172549024224281,0.172549024224281,0.176470592617989);
#3566=CARTESIAN_POINT('',(-1.0287,-2.794,5.1054));
#3567=VECTOR('',#3904,1.0);
#3568=CARTESIAN_POINT('',(-1.27,-3.302,5.1054));
#3569=CARTESIAN_POINT('',(1.905,-3.302,5.1054));
#3570=VECTOR('',#3905,1.0);
#3571=CARTESIAN_POINT('',(-1.27,-2.794,5.1054));
#3572=CARTESIAN_POINT('',(-1.27,-2.98357635312972,5.1054));
#3573=VECTOR('',#3906,1.0);
#3574=CARTESIAN_POINT('',(1.27,-2.794,5.1054));
#3575=CARTESIAN_POINT('',(0.9525,-2.794,5.1054));
#3576=VECTOR('',#3907,1.0);
#3577=CARTESIAN_POINT('',(1.27,-3.302,5.1054));
#3578=CARTESIAN_POINT('',(1.27,-2.98357635312972,5.1054));
#3579=VECTOR('',#3908,1.0);
#3580=CARTESIAN_POINT('',(1.905,-3.302,5.1054));
#3581=VECTOR('',#3909,1.0);
#3582=CARTESIAN_POINT('',(1.905,-2.4363054125189,5.1054));
#3583=VECTOR('',#3910,1.0);
#3584=CARTESIAN_POINT('',(1.905,-3.302,5.1054));
#3585=VECTOR('',#3911,1.0);
#3586=COLOUR_RGB('',0.172549024224281,0.172549024224281,0.176470592617989);
#3587=CARTESIAN_POINT('',(-1.27,-3.302,4.21639999999999));
#3588=CARTESIAN_POINT('',(1.905,-3.302,4.21639999999999));
#3589=VECTOR('',#3912,1.0);
#3590=CARTESIAN_POINT('',(-1.27,-3.302,5.33045));
#3591=VECTOR('',#3913,1.0);
#3592=COLOUR_RGB('',0.172549024224281,0.172549024224281,0.176470592617989);
#3593=CARTESIAN_POINT('',(-1.27,-2.794,4.21639999999999));
#3594=CARTESIAN_POINT('',(1.905,-2.79399999999999,4.21639999999999));
#3595=VECTOR('',#3914,1.0);
#3596=CARTESIAN_POINT('',(-1.27,-3.073,4.21639999999999));
#3597=VECTOR('',#3915,1.0);
#3598=COLOUR_RGB('',0.172549024224281,0.172549024224281,0.176470592617989);
#3599=CARTESIAN_POINT('',(-1.27,-2.794,6.0));
#3600=VECTOR('',#3916,1.0);
#3601=COLOUR_RGB('',0.172549024224281,0.172549024224281,0.176470592617989);
#3602=CARTESIAN_POINT('',(1.27,-3.302,4.21639999999999));
#3603=CARTESIAN_POINT('',(1.27,-2.794,4.21639999999999));
#3604=CARTESIAN_POINT('',(1.27,-3.073,4.21639999999999));
#3605=VECTOR('',#3917,1.0);
#3606=CARTESIAN_POINT('',(1.27,-3.302,5.33045));
#3607=VECTOR('',#3918,1.0);
#3608=CARTESIAN_POINT('',(1.27,-2.794,6.0));
#3609=VECTOR('',#3919,1.0);
#3610=COLOUR_RGB('',0.172549024224281,0.172549024224281,0.176470592617989);
#3611=CARTESIAN_POINT('',(1.905,-2.79399999999999,4.21639999999999));
#3612=VECTOR('',#3920,1.0);
#3613=CARTESIAN_POINT('',(1.905,-2.79399999999999,4.21639999999999));
#3614=VECTOR('',#3921,1.0);
#3615=COLOUR_RGB('',0.172549024224281,0.172549024224281,0.176470592617989);
#3616=CARTESIAN_POINT('',(1.905,-3.302,4.21639999999999));
#3617=VECTOR('',#3922,1.0);
#3618=COLOUR_RGB('',0.172549024224281,0.172549024224281,0.176470592617989);
#3619=CARTESIAN_POINT('',(1.905,-3.302,4.21639999999999));
#3620=VECTOR('',#3923,1.0);
#3621=COLOUR_RGB('',0.172549024224281,0.172549024224281,0.176470592617989);
#3622=COLOUR_RGB('',0.172549024224281,0.172549024224281,0.176470592617989);
#3623=CARTESIAN_POINT('',(1.905,5.43448419114957,-2.413));
#3624=VECTOR('',#3924,1.0);
#3625=COLOUR_RGB('',0.172549024224281,0.172549024224281,0.176470592617989);
#3626=CARTESIAN_POINT('',(1.905,5.25819000327891,-2.41300000000004));
#3627=VECTOR('',#3925,1.0);
#3628=COLOUR_RGB('',0.172549024224281,0.172549024224281,0.176470592617989);
#3629=CARTESIAN_POINT('',(1.905,4.80917719722543,-2.59898719394656));
#3630=VECTOR('',#3926,1.0);
#3631=COLOUR_RGB('',0.172549024224281,0.172549024224281,0.176470592617989);
#3632=CARTESIAN_POINT('',(1.905,3.51293877906394,-3.89522561210623));
#3633=VECTOR('',#3927,1.0);
#3634=COLOUR_RGB('',0.172549024224281,0.172549024224281,0.176470592617989);
#3635=CARTESIAN_POINT('',(1.905,2.61491316695773,-4.26719999999999));
#3636=VECTOR('',#3928,1.0);
#3637=COLOUR_RGB('',0.172549024224281,0.172549024224281,0.176470592617989);
#3638=CARTESIAN_POINT('',(1.905,-0.941086833042285,-4.26720000000003));
#3639=VECTOR('',#3929,1.0);
#3640=COLOUR_RGB('',0.172549024224281,0.172549024224281,0.176470592617989);
#3641=CARTESIAN_POINT('',(1.905,-1.4612483811655,-3.26797896291668));
#3642=VECTOR('',#3930,1.0);
#3643=COLOUR_RGB('',0.172549024224281,0.172549024224281,0.176470592617989);
#3644=CARTESIAN_POINT('',(1.905,-7.54951656745106E-15,-1.18110000000001));
#3645=VECTOR('',#3931,1.0);
#3646=COLOUR_RGB('',0.172549024224281,0.172549024224281,0.176470592617989);
#3647=CARTESIAN_POINT('',(1.905,-7.54951656745106E-15,5.1054));
#3648=VECTOR('',#3932,1.0);
#3649=COLOUR_RGB('',0.172549024224281,0.172549024224281,0.176470592617989);
#3650=CARTESIAN_POINT('',(1.905,-1.778,5.1054));
#3651=VECTOR('',#3933,1.0);
#3652=COLOUR_RGB('',0.172549024224281,0.172549024224281,0.176470592617989);
#3653=CARTESIAN_POINT('',(1.905,-2.08070541251889,4.85139999999998));
#3654=VECTOR('',#3934,1.0);
#3655=COLOUR_RGB('',0.172549024224281,0.172549024224281,0.176470592617989);
#3656=CARTESIAN_POINT('',(1.905,-2.4363054125189,4.85139999999998));
#3657=VECTOR('',#3935,1.0);
#3658=COLOUR_RGB('',0.172549024224281,0.172549024224281,0.176470592617989);
#3659=COLOUR_RGB('',0.172549024224281,0.172549024224281,0.176470592617989);
#3660=DIRECTION('',(0.0,0.0,1.0));
#3661=DIRECTION('',(1.22464679914735E-16,1.0,0.0));
#3662=DIRECTION('',(0.0,0.0,1.0));
#3663=DIRECTION('',(-1.22464679914735E-16,-1.0,0.0));
#3664=DIRECTION('',(-1.0,0.0,0.0));
#3665=DIRECTION('',(-1.22464679914735E-16,-1.0,0.0));
#3666=CARTESIAN_POINT('',(-4.89866697960484,-4.54372350670147,-0.5588));
#3667=DIRECTION('',(0.0,0.0,-1.0));
#3668=DIRECTION('',(-1.0,1.22464679914735E-16,0.0));
#3669=DIRECTION('',(-1.0,1.22464679914735E-16,0.0));
#3670=CARTESIAN_POINT('',(-3.02613302039516,-4.54372350670147,-0.5588));
#3671=DIRECTION('',(0.0,0.0,-1.0));
#3672=DIRECTION('',(-1.0,1.22464679914735E-16,0.0));
#3673=DIRECTION('',(1.0,-1.22464679914735E-16,-6.12323399573676E-17));
#3674=DIRECTION('',(0.0,0.0,1.0));
#3675=DIRECTION('',(0.0,0.0,1.0));
#3676=CARTESIAN_POINT('',(-3.02613302039516,-4.54372350670147,0.5588));
#3677=DIRECTION('',(0.0,0.0,1.0));
#3678=DIRECTION('',(-1.0,1.22464679914735E-16,0.0));
#3679=DIRECTION('',(0.0,0.0,-1.0));
#3680=CARTESIAN_POINT('',(-4.89866697960484,-4.54372350670147,0.5588));
#3681=DIRECTION('',(0.0,0.0,1.0));
#3682=DIRECTION('',(-1.0,1.22464679914735E-16,0.0));
#3683=DIRECTION('',(-0.0,-0.0,-1.0));
#3684=DIRECTION('',(1.22464679914735E-16,1.0,0.0));
#3685=DIRECTION('',(1.0,0.0,0.0));
#3686=DIRECTION('',(0.0,0.0,1.0));
#3687=DIRECTION('',(1.22464679914735E-16,1.0,0.0));
#3688=DIRECTION('',(0.0,0.0,1.0));
#3689=DIRECTION('',(-1.22464679914735E-16,-1.0,0.0));
#3690=DIRECTION('',(-1.0,0.0,0.0));
#3691=DIRECTION('',(-1.22464679914735E-16,-1.0,0.0));
#3692=CARTESIAN_POINT('',(-0.936266979604841,-4.54372350670147,-0.5588));
#3693=DIRECTION('',(0.0,0.0,-1.0));
#3694=DIRECTION('',(-1.0,1.22464679914735E-16,0.0));
#3695=DIRECTION('',(-1.0,1.22464679914735E-16,0.0));
#3696=CARTESIAN_POINT('',(0.936266979604838,-4.54372350670147,-0.5588));
#3697=DIRECTION('',(0.0,0.0,-1.0));
#3698=DIRECTION('',(-1.0,1.22464679914735E-16,0.0));
#3699=DIRECTION('',(1.0,-1.22464679914735E-16,-6.12323399573676E-17));
#3700=DIRECTION('',(0.0,0.0,1.0));
#3701=DIRECTION('',(0.0,0.0,1.0));
#3702=CARTESIAN_POINT('',(0.936266979604838,-4.54372350670147,0.5588));
#3703=DIRECTION('',(0.0,0.0,1.0));
#3704=DIRECTION('',(-1.0,1.22464679914735E-16,0.0));
#3705=DIRECTION('',(0.0,0.0,-1.0));
#3706=CARTESIAN_POINT('',(-0.936266979604841,-4.54372350670147,0.5588));
#3707=DIRECTION('',(0.0,0.0,1.0));
#3708=DIRECTION('',(-1.0,1.22464679914735E-16,0.0));
#3709=DIRECTION('',(-0.0,-0.0,-1.0));
#3710=DIRECTION('',(1.22464679914735E-16,1.0,0.0));
#3711=DIRECTION('',(1.0,0.0,0.0));
#3712=DIRECTION('',(0.0,0.0,1.0));
#3713=DIRECTION('',(0.0,-1.0,0.0));
#3714=DIRECTION('',(0.0,0.0,1.0));
#3715=DIRECTION('',(0.0,1.0,0.0));
#3716=DIRECTION('',(1.0,0.0,0.0));
#3717=DIRECTION('',(0.0,1.0,0.0));
#3718=CARTESIAN_POINT('',(-3.02613302039516,10.2841235067015,-0.5588));
#3719=DIRECTION('',(0.0,0.0,-1.0));
#3720=DIRECTION('',(1.0,0.0,0.0));
#3721=DIRECTION('',(1.0,0.0,0.0));
#3722=CARTESIAN_POINT('',(-4.89866697960484,10.2841235067015,-0.5588));
#3723=DIRECTION('',(0.0,0.0,-1.0));
#3724=DIRECTION('',(1.0,0.0,0.0));
#3725=DIRECTION('',(-1.0,0.0,-6.12323399573676E-17));
#3726=DIRECTION('',(0.0,0.0,1.0));
#3727=DIRECTION('',(0.0,0.0,1.0));
#3728=CARTESIAN_POINT('',(-4.89866697960484,10.2841235067015,0.5588));
#3729=DIRECTION('',(0.0,0.0,1.0));
#3730=DIRECTION('',(1.0,0.0,0.0));
#3731=DIRECTION('',(0.0,0.0,-1.0));
#3732=CARTESIAN_POINT('',(-3.02613302039516,10.2841235067015,0.5588));
#3733=DIRECTION('',(0.0,0.0,1.0));
#3734=DIRECTION('',(1.0,0.0,0.0));
#3735=DIRECTION('',(0.0,0.0,-1.0));
#3736=DIRECTION('',(0.0,-1.0,0.0));
#3737=DIRECTION('',(-1.0,0.0,0.0));
#3738=DIRECTION('',(0.0,0.0,1.0));
#3739=DIRECTION('',(0.0,-1.0,0.0));
#3740=DIRECTION('',(0.0,0.0,1.0));
#3741=DIRECTION('',(0.0,1.0,0.0));
#3742=DIRECTION('',(1.0,0.0,0.0));
#3743=DIRECTION('',(0.0,1.0,0.0));
#3744=CARTESIAN_POINT('',(0.936266979604841,10.2841235067015,-0.5588));
#3745=DIRECTION('',(0.0,0.0,-1.0));
#3746=DIRECTION('',(1.0,0.0,0.0));
#3747=DIRECTION('',(1.0,0.0,0.0));
#3748=CARTESIAN_POINT('',(-0.936266979604838,10.2841235067015,-0.5588));
#3749=DIRECTION('',(0.0,0.0,-1.0));
#3750=DIRECTION('',(1.0,0.0,0.0));
#3751=DIRECTION('',(-1.0,0.0,-6.12323399573676E-17));
#3752=DIRECTION('',(0.0,0.0,1.0));
#3753=DIRECTION('',(0.0,0.0,1.0));
#3754=CARTESIAN_POINT('',(-0.936266979604838,10.2841235067015,0.5588));
#3755=DIRECTION('',(0.0,0.0,1.0));
#3756=DIRECTION('',(1.0,0.0,0.0));
#3757=DIRECTION('',(0.0,0.0,-1.0));
#3758=CARTESIAN_POINT('',(0.936266979604841,10.2841235067015,0.5588));
#3759=DIRECTION('',(0.0,0.0,1.0));
#3760=DIRECTION('',(1.0,0.0,0.0));
#3761=DIRECTION('',(0.0,0.0,-1.0));
#3762=DIRECTION('',(0.0,-1.0,0.0));
#3763=DIRECTION('',(-1.0,0.0,0.0));
#3764=DIRECTION('',(0.0,0.0,1.0));
#3765=DIRECTION('',(0.0,1.0,6.12323399573676E-17));
#3766=DIRECTION('',(0.0,-6.12323399573676E-17,1.0));
#3767=DIRECTION('',(0.0,1.0,6.12323399573676E-17));
#3768=DIRECTION('',(-1.0,0.0,0.0));
#3769=DIRECTION('',(-1.0,0.0,0.0));
#3770=DIRECTION('',(0.0,1.0,6.12323399573676E-17));
#3771=DIRECTION('',(0.0,0.0,-1.0));
#3772=DIRECTION('',(0.0,6.12323399573676E-17,-1.0));
#3773=DIRECTION('',(0.0,1.0,6.12323399573676E-17));
#3774=DIRECTION('',(-1.0,0.0,0.0));
#3775=DIRECTION('',(-1.0,0.0,0.0));
#3776=DIRECTION('',(0.0,1.0,6.12323399573676E-17));
#3777=DIRECTION('',(0.0,0.0,-1.0));
#3778=DIRECTION('',(0.0,6.12323399573676E-17,-1.0));
#3779=DIRECTION('',(0.0,1.0,6.12323399573676E-17));
#3780=DIRECTION('',(1.0,0.0,0.0));
#3781=DIRECTION('',(1.0,0.0,0.0));
#3782=DIRECTION('',(0.0,1.0,6.12323399573676E-17));
#3783=DIRECTION('',(0.980580675690919,0.0,-0.19611613513819));
#3784=DIRECTION('',(0.980580675690919,1.20086498579067E-17,-0.19611613513819));
#3785=DIRECTION('',(0.0,1.0,6.12323399573676E-17));
#3786=DIRECTION('',(0.948683298050477,0.0,-0.316227766016949));
#3787=DIRECTION('',(0.948683298050477,1.93633660727088E-17,-0.316227766016949));
#3788=DIRECTION('',(0.0,1.0,6.12323399573676E-17));
#3789=DIRECTION('',(0.894427190999951,0.0,-0.447213595499888));
#3790=DIRECTION('',(0.894427190999951,2.73839349132058E-17,-0.447213595499888));
#3791=DIRECTION('',(0.0,1.0,6.12323399573676E-17));
#3792=DIRECTION('',(0.707106781186515,0.0,-0.707106781186581));
#3793=DIRECTION('',(0.707106781186515,4.32978028117767E-17,-0.707106781186581));
#3794=DIRECTION('',(0.0,1.0,6.12323399573676E-17));
#3795=DIRECTION('',(0.599999999999968,0.0,-0.800000000000024));
#3796=DIRECTION('',(0.599999999999968,4.89858719658956E-17,-0.800000000000024));
#3797=DIRECTION('',(0.0,1.0,6.12323399573676E-17));
#3798=DIRECTION('',(0.316227766016859,0.0,-0.948683298050507));
#3799=DIRECTION('',(0.316227766016859,5.80900982181054E-17,-0.948683298050507));
#3800=DIRECTION('',(0.0,1.0,6.12323399573676E-17));
#3801=DIRECTION('',(1.0,0.0,0.0));
#3802=DIRECTION('',(1.0,0.0,0.0));
#3803=DIRECTION('',(-1.0,0.0,6.12323399573676E-17));
#3804=DIRECTION('',(0.0,1.0,0.0));
#3805=DIRECTION('',(-1.0,0.0,6.12323399573676E-17));
#3806=DIRECTION('',(0.0,-1.0,0.0));
#3807=DIRECTION('',(0.0,0.573576436351159,0.819152044288913));
#3808=CARTESIAN_POINT('',(-3.9624,-0.941086833042285,-3.63220000000001));
#3809=DIRECTION('',(-1.0,0.0,0.0));
#3810=DIRECTION('',(0.0,0.0,1.0));
#3811=DIRECTION('',(0.0,-1.0,0.0));
#3812=CARTESIAN_POINT('',(-3.9624,2.61491316695773,-2.99719999999999));
#3813=DIRECTION('',(-1.0,0.0,0.0));
#3814=DIRECTION('',(0.0,0.0,1.0));
#3815=DIRECTION('',(-0.0,-0.707106781186548,-0.707106781186548));
#3816=CARTESIAN_POINT('',(-3.9624,5.25819000327891,-3.048));
#3817=DIRECTION('',(1.0,0.0,-0.0));
#3818=DIRECTION('',(0.0,0.0,1.0));
#3819=DIRECTION('',(0.0,-1.0,0.0));
#3820=CARTESIAN_POINT('',(-3.9624,5.43448419114957,-3.048));
#3821=DIRECTION('',(1.0,0.0,-0.0));
#3822=DIRECTION('',(0.0,0.0,1.0));
#3823=DIRECTION('',(0.0,-0.788010753606592,0.615661475325824));
#3824=DIRECTION('',(0.0,0.0,1.0));
#3825=DIRECTION('',(0.0,1.0,0.0));
#3826=CARTESIAN_POINT('',(-3.9624,-1.52400000000001,-3.12420000000003));
#3827=DIRECTION('',(1.0,0.0,-0.0));
#3828=DIRECTION('',(0.0,0.0,1.0));
#3829=DIRECTION('',(-0.0,-0.0,-1.0));
#3830=DIRECTION('',(0.0,-1.0,0.0));
#3831=DIRECTION('',(-6.12323399573676E-17,-0.0,-1.0));
#3832=DIRECTION('',(0.0,1.0,0.0));
#3833=DIRECTION('',(-6.12323399573676E-17,0.0,-1.0));
#3834=DIRECTION('',(0.0,-1.0,0.0));
#3835=DIRECTION('',(6.12323399573676E-17,0.0,1.0));
#3836=DIRECTION('',(0.0,-1.0,0.0));
#3837=DIRECTION('',(-3.93593894367147E-17,-0.766044443118913,-0.642787609686617));
#3838=DIRECTION('',(0.0,-1.0,0.0));
#3839=DIRECTION('',(6.12323399573676E-17,0.0,1.0));
#3840=DIRECTION('',(-1.0,0.0,6.12323399573676E-17));
#3841=DIRECTION('',(0.0,1.0,0.0));
#3842=DIRECTION('',(-1.0,0.0,6.12323399573676E-17));
#3843=DIRECTION('',(-1.0,0.0,6.12323399573676E-17));
#3844=DIRECTION('',(0.0,0.0,1.0));
#3845=DIRECTION('',(-1.0,0.0,6.12323399573676E-17));
#3846=CARTESIAN_POINT('',(0.0,-1.52400000000001,-3.12420000000003));
#3847=DIRECTION('',(-1.0,0.0,0.0));
#3848=DIRECTION('',(0.0,0.0,1.0));
#3849=DIRECTION('',(-1.0,0.0,6.12323399573676E-17));
#3850=DIRECTION('',(0.0,-1.0,0.0));
#3851=DIRECTION('',(-1.0,0.0,6.12323399573676E-17));
#3852=DIRECTION('',(0.0,0.0,-1.0));
#3853=DIRECTION('',(-1.0,0.0,6.12323399573676E-17));
#3854=DIRECTION('',(0.0,-1.0,0.0));
#3855=DIRECTION('',(-1.0,0.0,6.12323399573676E-17));
#3856=DIRECTION('',(0.0,1.0,0.0));
#3857=DIRECTION('',(0.0,0.788010753606592,-0.615661475325824));
#3858=CARTESIAN_POINT('',(0.0,5.43448419114957,-3.048));
#3859=DIRECTION('',(-1.0,0.0,0.0));
#3860=DIRECTION('',(0.0,0.0,1.0));
#3861=DIRECTION('',(0.0,1.0,0.0));
#3862=CARTESIAN_POINT('',(0.0,5.25819000327891,-3.048));
#3863=DIRECTION('',(-1.0,0.0,0.0));
#3864=DIRECTION('',(0.0,0.0,1.0));
#3865=DIRECTION('',(0.0,0.707106781186548,0.707106781186548));
#3866=CARTESIAN_POINT('',(0.0,2.61491316695773,-2.99719999999999));
#3867=DIRECTION('',(1.0,0.0,-0.0));
#3868=DIRECTION('',(0.0,0.0,1.0));
#3869=DIRECTION('',(0.0,1.0,0.0));
#3870=CARTESIAN_POINT('',(0.0,-0.941086833042285,-3.63220000000001));
#3871=DIRECTION('',(1.0,0.0,-0.0));
#3872=DIRECTION('',(0.0,0.0,1.0));
#3873=DIRECTION('',(0.0,-0.573576436351159,-0.819152044288913));
#3874=DIRECTION('',(-1.0,0.0,6.12323399573676E-17));
#3875=DIRECTION('',(6.12323399573676E-17,0.0,1.0));
#3876=DIRECTION('',(0.0,-1.0,0.0));
#3877=DIRECTION('',(-3.93593894367147E-17,-0.766044443118913,-0.642787609686617));
#3878=DIRECTION('',(0.0,-1.0,0.0));
#3879=DIRECTION('',(6.12323399573676E-17,0.0,1.0));
#3880=DIRECTION('',(0.0,-1.0,0.0));
#3881=DIRECTION('',(-6.12323399573676E-17,0.0,-1.0));
#3882=DIRECTION('',(0.0,1.0,0.0));
#3883=DIRECTION('',(6.12323399573676E-17,0.0,1.0));
#3884=DIRECTION('',(1.0,0.0,0.0));
#3885=DIRECTION('',(0.0,-1.0,0.0));
#3886=DIRECTION('',(-1.0,0.0,0.0));
#3887=DIRECTION('',(0.0,1.0,0.0));
#3888=DIRECTION('',(-0.0,-0.0,-1.0));
#3889=DIRECTION('',(0.0,0.0,1.0));
#3890=DIRECTION('',(0.0,-1.0,0.0));
#3891=DIRECTION('',(-1.0,0.0,0.0));
#3892=DIRECTION('',(1.0,0.0,0.0));
#3893=DIRECTION('',(0.0,1.0,0.0));
#3894=DIRECTION('',(0.0,0.0,1.0));
#3895=DIRECTION('',(0.0,0.0,-1.0));
#3896=DIRECTION('',(0.0,-1.0,0.0));
#3897=DIRECTION('',(0.0,0.0,-1.0));
#3898=DIRECTION('',(0.0,1.0,0.0));
#3899=DIRECTION('',(-0.0,-0.0,-1.0));
#3900=DIRECTION('',(0.0,1.0,0.0));
#3901=DIRECTION('',(0.0,0.0,1.0));
#3902=DIRECTION('',(0.0,-1.0,0.0));
#3903=DIRECTION('',(0.0,0.0,-1.0));
#3904=DIRECTION('',(1.0,0.0,-6.12323399573676E-17));
#3905=DIRECTION('',(-1.0,0.0,6.12323399573676E-17));
#3906=DIRECTION('',(0.0,1.0,0.0));
#3907=DIRECTION('',(1.0,0.0,-6.12323399573676E-17));
#3908=DIRECTION('',(0.0,-1.0,0.0));
#3909=DIRECTION('',(-1.0,0.0,6.12323399573676E-17));
#3910=DIRECTION('',(-1.0,0.0,6.12323399573676E-17));
#3911=DIRECTION('',(-1.0,0.0,6.12323399573676E-17));
#3912=DIRECTION('',(-1.0,0.0,6.12323399573676E-17));
#3913=DIRECTION('',(0.0,0.0,1.0));
#3914=DIRECTION('',(-1.0,0.0,6.12323399573676E-17));
#3915=DIRECTION('',(0.0,-1.0,0.0));
#3916=DIRECTION('',(0.0,0.0,-1.0));
#3917=DIRECTION('',(0.0,1.0,0.0));
#3918=DIRECTION('',(-0.0,-0.0,-1.0));
#3919=DIRECTION('',(0.0,0.0,-1.0));
#3920=DIRECTION('',(-1.0,0.0,6.12323399573676E-17));
#3921=DIRECTION('',(-1.0,0.0,6.12323399573676E-17));
#3922=DIRECTION('',(-1.0,0.0,6.12323399573676E-17));
#3923=DIRECTION('',(-1.0,0.0,6.12323399573676E-17));
#3924=DIRECTION('',(-1.0,0.0,6.12323399573676E-17));
#3925=DIRECTION('',(-1.0,0.0,6.12323399573676E-17));
#3926=DIRECTION('',(-1.0,0.0,6.12323399573676E-17));
#3927=DIRECTION('',(-1.0,0.0,6.12323399573676E-17));
#3928=DIRECTION('',(-1.0,0.0,6.12323399573676E-17));
#3929=DIRECTION('',(-1.0,0.0,6.12323399573676E-17));
#3930=DIRECTION('',(-1.0,0.0,6.12323399573676E-17));
#3931=DIRECTION('',(-1.0,0.0,6.12323399573676E-17));
#3932=DIRECTION('',(-1.0,0.0,6.12323399573676E-17));
#3933=DIRECTION('',(-1.0,0.0,6.12323399573676E-17));
#3934=DIRECTION('',(-1.0,0.0,6.12323399573676E-17));
#3935=DIRECTION('',(-1.0,0.0,6.12323399573676E-17));
ENDSEC;
END-ISO-10303-21;
