ISO-10303-21;
HEADER;
FILE_DESCRIPTION(('STEP AP242'),'1');
FILE_NAME('1718140002.stp','2026-05-18T11:50:24',('TraceParts'),('TraceParts S.A.S.'),'Spatial InterOp 3D',' ',' ');
FILE_SCHEMA(('AP242_MANAGED_MODEL_BASED_3D_ENGINEERING_MIM_LF  {1 0 10303 442 1 1 4}'));
ENDSEC;
DATA;
#1=PRODUCT_DEFINITION_CONTEXT('',#10,'design');
#2=APPLICATION_PROTOCOL_DEFINITION('INTERNATIONAL STANDARD','ap242_managed_model_based_3d_engineering',2014,#10);
#3=PRODUCT_CATEGORY_RELATIONSHIP('NONE','NONE',#11,#12);
#4=SHAPE_DEFINITION_REPRESENTATION(#13,#14);
#5=SHAPE_DEFINITION_REPRESENTATION(#13,#15);
#6= (GEOMETRIC_REPRESENTATION_CONTEXT(3)GLOBAL_UNCERTAINTY_ASSIGNED_CONTEXT((#18))GLOBAL_UNIT_ASSIGNED_CONTEXT((#20,#21,#22))REPRESENTATION_CONTEXT('NONE','WORKSPACE'));
#10=APPLICATION_CONTEXT('managed model based 3d engineering');
#11=PRODUCT_CATEGORY('part','NONE');
#12=PRODUCT_RELATED_PRODUCT_CATEGORY('detail',' ',(#24));
#13=PRODUCT_DEFINITION_SHAPE('NONE','NONE',#25);
#14=ADVANCED_BREP_SHAPE_REPRESENTATION('1',(#26,#27),#6);
#15=GEOMETRICALLY_BOUNDED_SURFACE_SHAPE_REPRESENTATION('2',(#28,#29),#6);
#18=UNCERTAINTY_MEASURE_WITH_UNIT(LENGTH_MEASURE(1.0E-06),#20,'','');
#20= (CONVERSION_BASED_UNIT('MILLIMETRE',#32)LENGTH_UNIT()NAMED_UNIT(#35));
#21= (NAMED_UNIT(#37)PLANE_ANGLE_UNIT()SI_UNIT($,.RADIAN.));
#22= (NAMED_UNIT(#37)SOLID_ANGLE_UNIT()SI_UNIT($,.STERADIAN.));
#24=PRODUCT('1','','PART--DESC',(#43));
#25=PRODUCT_DEFINITION('','NONE',#44,#1);
#26=MANIFOLD_SOLID_BREP('1',#45);
#27=AXIS2_PLACEMENT_3D('',#46,#47,#48);
#28=GEOMETRIC_SET('2',(#49,#50));
#29=AXIS2_PLACEMENT_3D('',#51,#52,#53);
#32=LENGTH_MEASURE_WITH_UNIT(LENGTH_MEASURE(1.0),#54);
#35=DIMENSIONAL_EXPONENTS(1.0,0.0,0.0,0.0,0.0,0.0,0.0);
#37=DIMENSIONAL_EXPONENTS(0.0,0.0,0.0,0.0,0.0,0.0,0.0);
#43=PRODUCT_CONTEXT('',#10,'mechanical');
#44=PRODUCT_DEFINITION_FORMATION_WITH_SPECIFIED_SOURCE(' ','NONE',#24,.NOT_KNOWN.);
#45=CLOSED_SHELL('',(#55,#56,#57,#58,#59,#60,#61,#62,#63,#64,#65,#66,#67,#68,#69,#70,#71,#72,#73,#74,#75,#76,#77,#78,#79,#80,#81,#82,#83,#84,#85,#86,#87,#88,#89,#90,#91,#92,#93,#94,#95,#96,#97,#98,#99,#100,#101,#102,#103,#104,#105,#106,#107,#108,#109,#110,#111,#112,#113,#114,#115,#116,#117,#118,#119,#120,#121,#122,#123,#124,#125,#126,#127,#128,#129,#130,#131,#132,#133,#134,#135,#136,#137,#138,#139,#140,#141,#142,#143,#144,#145,#146));
#46=CARTESIAN_POINT('',(0.0,0.0,0.0));
#47=DIRECTION('',(0.0,0.0,1.0));
#48=DIRECTION('',(1.0,0.0,0.0));
#49=COMPOSITE_CURVE('',(#147,#148),.U.);
#50=COMPOSITE_CURVE('',(#149,#150),.U.);
#51=CARTESIAN_POINT('',(0.0,0.0,0.0));
#52=DIRECTION('',(0.0,0.0,1.0));
#53=DIRECTION('',(1.0,0.0,0.0));
#54= (NAMED_UNIT(#35)LENGTH_UNIT()SI_UNIT(.MILLI.,.METRE.));
#55=ADVANCED_FACE('',(#152),#153,.T.);
#56=ADVANCED_FACE('',(#154),#155,.F.);
#57=ADVANCED_FACE('',(#156),#157,.F.);
#58=ADVANCED_FACE('',(#158),#159,.F.);
#59=ADVANCED_FACE('',(#160,#161,#162,#163),#164,.T.);
#60=ADVANCED_FACE('',(#165),#166,.F.);
#61=ADVANCED_FACE('',(#167),#168,.F.);
#62=ADVANCED_FACE('',(#169),#170,.T.);
#63=ADVANCED_FACE('',(#171),#172,.T.);
#64=ADVANCED_FACE('',(#173),#174,.T.);
#65=ADVANCED_FACE('',(#175),#176,.T.);
#66=ADVANCED_FACE('',(#177),#178,.T.);
#67=ADVANCED_FACE('',(#179),#180,.T.);
#68=ADVANCED_FACE('',(#181),#182,.T.);
#69=ADVANCED_FACE('',(#183),#184,.T.);
#70=ADVANCED_FACE('',(#185),#186,.T.);
#71=ADVANCED_FACE('',(#187),#188,.T.);
#72=ADVANCED_FACE('',(#189),#190,.T.);
#73=ADVANCED_FACE('',(#191),#192,.T.);
#74=ADVANCED_FACE('',(#193),#194,.T.);
#75=ADVANCED_FACE('',(#195),#196,.T.);
#76=ADVANCED_FACE('',(#197),#198,.T.);
#77=ADVANCED_FACE('',(#199),#200,.T.);
#78=ADVANCED_FACE('',(#201),#202,.F.);
#79=ADVANCED_FACE('',(#203),#204,.T.);
#80=ADVANCED_FACE('',(#205),#206,.T.);
#81=ADVANCED_FACE('',(#207,#208,#209),#210,.T.);
#82=ADVANCED_FACE('',(#211),#212,.F.);
#83=ADVANCED_FACE('',(#213),#214,.F.);
#84=ADVANCED_FACE('',(#215),#216,.T.);
#85=ADVANCED_FACE('',(#217),#218,.T.);
#86=ADVANCED_FACE('',(#219),#220,.T.);
#87=ADVANCED_FACE('',(#221),#222,.T.);
#88=ADVANCED_FACE('',(#223),#224,.T.);
#89=ADVANCED_FACE('',(#225),#226,.T.);
#90=ADVANCED_FACE('',(#227),#228,.T.);
#91=ADVANCED_FACE('',(#229),#230,.T.);
#92=ADVANCED_FACE('',(#231),#232,.T.);
#93=ADVANCED_FACE('',(#233),#234,.T.);
#94=ADVANCED_FACE('',(#235),#236,.T.);
#95=ADVANCED_FACE('',(#237),#238,.T.);
#96=ADVANCED_FACE('',(#239),#240,.T.);
#97=ADVANCED_FACE('',(#241),#242,.T.);
#98=ADVANCED_FACE('',(#243),#244,.T.);
#99=ADVANCED_FACE('',(#245),#246,.T.);
#100=ADVANCED_FACE('',(#247),#248,.F.);
#101=ADVANCED_FACE('',(#249),#250,.T.);
#102=ADVANCED_FACE('',(#251),#252,.T.);
#103=ADVANCED_FACE('',(#253),#254,.T.);
#104=ADVANCED_FACE('',(#255),#256,.T.);
#105=ADVANCED_FACE('',(#257),#258,.T.);
#106=ADVANCED_FACE('',(#259),#260,.T.);
#107=ADVANCED_FACE('',(#261),#262,.T.);
#108=ADVANCED_FACE('',(#263),#264,.T.);
#109=ADVANCED_FACE('',(#265),#266,.F.);
#110=ADVANCED_FACE('',(#267),#268,.T.);
#111=ADVANCED_FACE('',(#269),#270,.T.);
#112=ADVANCED_FACE('',(#271),#272,.T.);
#113=ADVANCED_FACE('',(#273),#274,.T.);
#114=ADVANCED_FACE('',(#275),#276,.F.);
#115=ADVANCED_FACE('',(#277),#278,.T.);
#116=ADVANCED_FACE('',(#279),#280,.T.);
#117=ADVANCED_FACE('',(#281),#282,.T.);
#118=ADVANCED_FACE('',(#283),#284,.T.);
#119=ADVANCED_FACE('',(#285),#286,.T.);
#120=ADVANCED_FACE('',(#287),#288,.T.);
#121=ADVANCED_FACE('',(#289),#290,.T.);
#122=ADVANCED_FACE('',(#291),#292,.T.);
#123=ADVANCED_FACE('',(#293),#294,.T.);
#124=ADVANCED_FACE('',(#295),#296,.T.);
#125=ADVANCED_FACE('',(#297),#298,.F.);
#126=ADVANCED_FACE('',(#299),#300,.T.);
#127=ADVANCED_FACE('',(#301),#302,.F.);
#128=ADVANCED_FACE('',(#303),#304,.F.);
#129=ADVANCED_FACE('',(#305),#306,.F.);
#130=ADVANCED_FACE('',(#307),#308,.F.);
#131=ADVANCED_FACE('',(#309),#310,.F.);
#132=ADVANCED_FACE('',(#311),#312,.F.);
#133=ADVANCED_FACE('',(#313),#314,.T.);
#134=ADVANCED_FACE('',(#315),#316,.T.);
#135=ADVANCED_FACE('',(#317),#318,.T.);
#136=ADVANCED_FACE('',(#319),#320,.T.);
#137=ADVANCED_FACE('',(#321),#322,.T.);
#138=ADVANCED_FACE('',(#323),#324,.T.);
#139=ADVANCED_FACE('',(#325),#326,.T.);
#140=ADVANCED_FACE('',(#327),#328,.T.);
#141=ADVANCED_FACE('',(#329),#330,.F.);
#142=ADVANCED_FACE('',(#331),#332,.T.);
#143=ADVANCED_FACE('',(#333),#334,.F.);
#144=ADVANCED_FACE('',(#335),#336,.F.);
#145=ADVANCED_FACE('',(#337),#338,.F.);
#146=ADVANCED_FACE('',(#339),#340,.T.);
#147=COMPOSITE_CURVE_SEGMENT(.CONTINUOUS.,.T.,#341);
#148=COMPOSITE_CURVE_SEGMENT(.CONTINUOUS.,.T.,#342);
#149=COMPOSITE_CURVE_SEGMENT(.CONTINUOUS.,.T.,#343);
#150=COMPOSITE_CURVE_SEGMENT(.CONTINUOUS.,.T.,#344);
#152=FACE_OUTER_BOUND('',#345,.T.);
#153=CYLINDRICAL_SURFACE('',#346,1.778);
#154=FACE_OUTER_BOUND('',#347,.T.);
#155=PLANE('',#348);
#156=FACE_OUTER_BOUND('',#349,.T.);
#157=PLANE('',#350);
#158=FACE_OUTER_BOUND('',#351,.T.);
#159=PLANE('',#352);
#160=FACE_OUTER_BOUND('',#353,.T.);
#161=FACE_BOUND('',#354,.T.);
#162=FACE_BOUND('',#355,.T.);
#163=FACE_BOUND('',#356,.T.);
#164=PLANE('',#357);
#165=FACE_OUTER_BOUND('',#358,.T.);
#166=PLANE('',#359);
#167=FACE_OUTER_BOUND('',#360,.T.);
#168=PLANE('',#361);
#169=FACE_OUTER_BOUND('',#362,.T.);
#170=PLANE('',#363);
#171=FACE_OUTER_BOUND('',#364,.T.);
#172=PLANE('',#365);
#173=FACE_OUTER_BOUND('',#366,.T.);
#174=PLANE('',#367);
#175=FACE_OUTER_BOUND('',#368,.T.);
#176=PLANE('',#369);
#177=FACE_OUTER_BOUND('',#370,.T.);
#178=PLANE('',#371);
#179=FACE_OUTER_BOUND('',#372,.T.);
#180=PLANE('',#373);
#181=FACE_OUTER_BOUND('',#374,.T.);
#182=PLANE('',#375);
#183=FACE_OUTER_BOUND('',#376,.T.);
#184=PLANE('',#377);
#185=FACE_OUTER_BOUND('',#378,.T.);
#186=CYLINDRICAL_SURFACE('',#379,2.6416);
#187=FACE_OUTER_BOUND('',#380,.T.);
#188=PLANE('',#381);
#189=FACE_OUTER_BOUND('',#382,.T.);
#190=PLANE('',#383);
#191=FACE_OUTER_BOUND('',#384,.T.);
#192=PLANE('',#385);
#193=FACE_OUTER_BOUND('',#386,.T.);
#194=PLANE('',#387);
#195=FACE_OUTER_BOUND('',#388,.T.);
#196=PLANE('',#389);
#197=FACE_OUTER_BOUND('',#390,.T.);
#198=PLANE('',#391);
#199=FACE_OUTER_BOUND('',#392,.T.);
#200=PLANE('',#393);
#201=FACE_OUTER_BOUND('',#394,.T.);
#202=CYLINDRICAL_SURFACE('',#395,1.524);
#203=FACE_OUTER_BOUND('',#396,.T.);
#204=PLANE('',#397);
#205=FACE_OUTER_BOUND('',#398,.T.);
#206=PLANE('',#399);
#207=FACE_OUTER_BOUND('',#400,.T.);
#208=FACE_BOUND('',#401,.T.);
#209=FACE_BOUND('',#402,.T.);
#210=PLANE('',#403);
#211=FACE_OUTER_BOUND('',#404,.T.);
#212=PLANE('',#405);
#213=FACE_OUTER_BOUND('',#406,.T.);
#214=PLANE('',#407);
#215=FACE_OUTER_BOUND('',#408,.T.);
#216=PLANE('',#409);
#217=FACE_OUTER_BOUND('',#410,.T.);
#218=PLANE('',#411);
#219=FACE_OUTER_BOUND('',#412,.T.);
#220=PLANE('',#413);
#221=FACE_OUTER_BOUND('',#414,.T.);
#222=PLANE('',#415);
#223=FACE_OUTER_BOUND('',#416,.T.);
#224=PLANE('',#417);
#225=FACE_OUTER_BOUND('',#418,.T.);
#226=PLANE('',#419);
#227=FACE_OUTER_BOUND('',#420,.T.);
#228=PLANE('',#421);
#229=FACE_OUTER_BOUND('',#422,.T.);
#230=PLANE('',#423);
#231=FACE_OUTER_BOUND('',#424,.T.);
#232=CYLINDRICAL_SURFACE('',#425,2.6416);
#233=FACE_OUTER_BOUND('',#426,.T.);
#234=PLANE('',#427);
#235=FACE_OUTER_BOUND('',#428,.T.);
#236=PLANE('',#429);
#237=FACE_OUTER_BOUND('',#430,.T.);
#238=PLANE('',#431);
#239=FACE_OUTER_BOUND('',#432,.T.);
#240=PLANE('',#433);
#241=FACE_OUTER_BOUND('',#434,.T.);
#242=PLANE('',#435);
#243=FACE_OUTER_BOUND('',#436,.T.);
#244=PLANE('',#437);
#245=FACE_OUTER_BOUND('',#438,.T.);
#246=PLANE('',#439);
#247=FACE_OUTER_BOUND('',#440,.T.);
#248=CYLINDRICAL_SURFACE('',#441,1.524);
#249=FACE_OUTER_BOUND('',#442,.T.);
#250=PLANE('',#443);
#251=FACE_OUTER_BOUND('',#444,.T.);
#252=PLANE('',#445);
#253=FACE_OUTER_BOUND('',#446,.T.);
#254=PLANE('',#447);
#255=FACE_OUTER_BOUND('',#448,.T.);
#256=PLANE('',#449);
#257=FACE_OUTER_BOUND('',#450,.T.);
#258=PLANE('',#451);
#259=FACE_OUTER_BOUND('',#452,.T.);
#260=PLANE('',#453);
#261=FACE_OUTER_BOUND('',#454,.T.);
#262=PLANE('',#455);
#263=FACE_OUTER_BOUND('',#456,.T.);
#264=PLANE('',#457);
#265=FACE_OUTER_BOUND('',#458,.T.);
#266=PLANE('',#459);
#267=FACE_OUTER_BOUND('',#460,.T.);
#268=PLANE('',#461);
#269=FACE_OUTER_BOUND('',#462,.T.);
#270=PLANE('',#463);
#271=FACE_OUTER_BOUND('',#464,.T.);
#272=PLANE('',#465);
#273=FACE_OUTER_BOUND('',#466,.T.);
#274=PLANE('',#467);
#275=FACE_OUTER_BOUND('',#468,.T.);
#276=PLANE('',#469);
#277=FACE_OUTER_BOUND('',#470,.T.);
#278=PLANE('',#471);
#279=FACE_OUTER_BOUND('',#472,.T.);
#280=PLANE('',#473);
#281=FACE_OUTER_BOUND('',#474,.T.);
#282=CYLINDRICAL_SURFACE('',#475,1.36183076923065);
#283=FACE_OUTER_BOUND('',#476,.T.);
#284=PLANE('',#477);
#285=FACE_OUTER_BOUND('',#478,.T.);
#286=PLANE('',#479);
#287=FACE_OUTER_BOUND('',#480,.T.);
#288=PLANE('',#481);
#289=FACE_OUTER_BOUND('',#482,.T.);
#290=PLANE('',#483);
#291=FACE_OUTER_BOUND('',#484,.T.);
#292=PLANE('',#485);
#293=FACE_OUTER_BOUND('',#486,.T.);
#294=PLANE('',#487);
#295=FACE_OUTER_BOUND('',#488,.T.);
#296=PLANE('',#489);
#297=FACE_OUTER_BOUND('',#490,.T.);
#298=PLANE('',#491);
#299=FACE_OUTER_BOUND('',#492,.T.);
#300=PLANE('',#493);
#301=FACE_OUTER_BOUND('',#494,.T.);
#302=PLANE('',#495);
#303=FACE_OUTER_BOUND('',#496,.T.);
#304=PLANE('',#497);
#305=FACE_OUTER_BOUND('',#498,.T.);
#306=PLANE('',#499);
#307=FACE_OUTER_BOUND('',#500,.T.);
#308=PLANE('',#501);
#309=FACE_OUTER_BOUND('',#502,.T.);
#310=PLANE('',#503);
#311=FACE_OUTER_BOUND('',#504,.T.);
#312=PLANE('',#505);
#313=FACE_OUTER_BOUND('',#506,.T.);
#314=PLANE('',#507);
#315=FACE_OUTER_BOUND('',#508,.T.);
#316=PLANE('',#509);
#317=FACE_OUTER_BOUND('',#510,.T.);
#318=CYLINDRICAL_SURFACE('',#511,1.905);
#319=FACE_OUTER_BOUND('',#512,.T.);
#320=PLANE('',#513);
#321=FACE_OUTER_BOUND('',#514,.T.);
#322=PLANE('',#515);
#323=FACE_OUTER_BOUND('',#516,.T.);
#324=PLANE('',#517);
#325=FACE_OUTER_BOUND('',#518,.T.);
#326=CYLINDRICAL_SURFACE('',#519,1.778);
#327=FACE_OUTER_BOUND('',#520,.T.);
#328=PLANE('',#521);
#329=FACE_OUTER_BOUND('',#522,.T.);
#330=CYLINDRICAL_SURFACE('',#523,1.8542);
#331=FACE_OUTER_BOUND('',#524,.T.);
#332=PLANE('',#525);
#333=FACE_OUTER_BOUND('',#526,.T.);
#334=CYLINDRICAL_SURFACE('',#527,0.7112);
#335=FACE_OUTER_BOUND('',#528,.T.);
#336=PLANE('',#529);
#337=FACE_OUTER_BOUND('',#530,.T.);
#338=PLANE('',#531);
#339=FACE_OUTER_BOUND('',#532,.T.);
#340=PLANE('',#533);
#341=TRIMMED_CURVE('',#534,(PARAMETER_VALUE(0.0)),(PARAMETER_VALUE(3.1415926535892)),.T.,.UNSPECIFIED.);
#342=TRIMMED_CURVE('',#535,(PARAMETER_VALUE(0.0)),(PARAMETER_VALUE(3.1415926535892)),.T.,.UNSPECIFIED.);
#343=TRIMMED_CURVE('',#536,(PARAMETER_VALUE(0.0)),(PARAMETER_VALUE(3.1415926535892)),.T.,.UNSPECIFIED.);
#344=TRIMMED_CURVE('',#537,(PARAMETER_VALUE(0.0)),(PARAMETER_VALUE(3.1415926535892)),.T.,.UNSPECIFIED.);
#345=EDGE_LOOP('',(#538,#539,#540,#541));
#346=AXIS2_PLACEMENT_3D('',#542,#543,#544);
#347=EDGE_LOOP('',(#545,#546,#547,#548));
#348=AXIS2_PLACEMENT_3D('',#549,#550,#551);
#349=EDGE_LOOP('',(#552,#553,#554,#555,#556,#557,#558,#559,#560,#561,#562));
#350=AXIS2_PLACEMENT_3D('',#563,#564,#565);
#351=EDGE_LOOP('',(#566,#567,#568,#569));
#352=AXIS2_PLACEMENT_3D('',#570,#571,#572);
#353=EDGE_LOOP('',(#573,#574,#575,#576,#577,#578,#579,#580,#581,#582));
#354=EDGE_LOOP('',(#583,#584,#585,#586));
#355=EDGE_LOOP('',(#587,#588,#589,#590));
#356=EDGE_LOOP('',(#591,#592,#593,#594));
#357=AXIS2_PLACEMENT_3D('',#595,#596,#597);
#358=EDGE_LOOP('',(#598,#599,#600,#601,#602,#603));
#359=AXIS2_PLACEMENT_3D('',#604,#605,#606);
#360=EDGE_LOOP('',(#607,#608,#609,#610,#611,#612,#613,#614,#615,#616));
#361=AXIS2_PLACEMENT_3D('',#617,#618,#619);
#362=EDGE_LOOP('',(#620,#621,#622,#623));
#363=AXIS2_PLACEMENT_3D('',#624,#625,#626);
#364=EDGE_LOOP('',(#627,#628,#629,#630,#631,#632));
#365=AXIS2_PLACEMENT_3D('',#633,#634,#635);
#366=EDGE_LOOP('',(#636,#637,#638,#639));
#367=AXIS2_PLACEMENT_3D('',#640,#641,#642);
#368=EDGE_LOOP('',(#643,#644,#645,#646,#647,#648));
#369=AXIS2_PLACEMENT_3D('',#649,#650,#651);
#370=EDGE_LOOP('',(#652,#653,#654,#655,#656,#657));
#371=AXIS2_PLACEMENT_3D('',#658,#659,#660);
#372=EDGE_LOOP('',(#661,#662,#663,#664,#665,#666,#667,#668,#669,#670));
#373=AXIS2_PLACEMENT_3D('',#671,#672,#673);
#374=EDGE_LOOP('',(#674,#675,#676,#677));
#375=AXIS2_PLACEMENT_3D('',#678,#679,#680);
#376=EDGE_LOOP('',(#681,#682,#683,#684));
#377=AXIS2_PLACEMENT_3D('',#685,#686,#687);
#378=EDGE_LOOP('',(#688,#689,#690,#691));
#379=AXIS2_PLACEMENT_3D('',#692,#693,#694);
#380=EDGE_LOOP('',(#695,#696,#697,#698));
#381=AXIS2_PLACEMENT_3D('',#699,#700,#701);
#382=EDGE_LOOP('',(#702,#703,#704,#705,#706,#707));
#383=AXIS2_PLACEMENT_3D('',#708,#709,#710);
#384=EDGE_LOOP('',(#711,#712,#713,#714));
#385=AXIS2_PLACEMENT_3D('',#715,#716,#717);
#386=EDGE_LOOP('',(#718,#719,#720,#721));
#387=AXIS2_PLACEMENT_3D('',#722,#723,#724);
#388=EDGE_LOOP('',(#725,#726,#727,#728));
#389=AXIS2_PLACEMENT_3D('',#729,#730,#731);
#390=EDGE_LOOP('',(#732,#733,#734,#735,#736,#737));
#391=AXIS2_PLACEMENT_3D('',#738,#739,#740);
#392=EDGE_LOOP('',(#741,#742,#743,#744));
#393=AXIS2_PLACEMENT_3D('',#745,#746,#747);
#394=EDGE_LOOP('',(#748,#749,#750,#751));
#395=AXIS2_PLACEMENT_3D('',#752,#753,#754);
#396=EDGE_LOOP('',(#755,#756,#757,#758));
#397=AXIS2_PLACEMENT_3D('',#759,#760,#761);
#398=EDGE_LOOP('',(#762,#763,#764,#765));
#399=AXIS2_PLACEMENT_3D('',#766,#767,#768);
#400=EDGE_LOOP('',(#769,#770,#771,#772,#773,#774,#775,#776,#777,#778,#779,#780,#781,#782,#783,#784,#785,#786,#787,#788,#789,#790,#791,#792,#793,#794));
#401=EDGE_LOOP('',(#795,#796,#797,#798));
#402=EDGE_LOOP('',(#799,#800,#801,#802));
#403=AXIS2_PLACEMENT_3D('',#803,#804,#805);
#404=EDGE_LOOP('',(#806,#807,#808,#809,#810,#811));
#405=AXIS2_PLACEMENT_3D('',#812,#813,#814);
#406=EDGE_LOOP('',(#815,#816,#817,#818,#819,#820,#821,#822,#823,#824));
#407=AXIS2_PLACEMENT_3D('',#825,#826,#827);
#408=EDGE_LOOP('',(#828,#829,#830,#831));
#409=AXIS2_PLACEMENT_3D('',#832,#833,#834);
#410=EDGE_LOOP('',(#835,#836,#837,#838,#839,#840));
#411=AXIS2_PLACEMENT_3D('',#841,#842,#843);
#412=EDGE_LOOP('',(#844,#845,#846,#847));
#413=AXIS2_PLACEMENT_3D('',#848,#849,#850);
#414=EDGE_LOOP('',(#851,#852,#853,#854,#855,#856));
#415=AXIS2_PLACEMENT_3D('',#857,#858,#859);
#416=EDGE_LOOP('',(#860,#861,#862,#863,#864,#865));
#417=AXIS2_PLACEMENT_3D('',#866,#867,#868);
#418=EDGE_LOOP('',(#869,#870,#871,#872,#873,#874,#875,#876,#877,#878));
#419=AXIS2_PLACEMENT_3D('',#879,#880,#881);
#420=EDGE_LOOP('',(#882,#883,#884,#885));
#421=AXIS2_PLACEMENT_3D('',#886,#887,#888);
#422=EDGE_LOOP('',(#889,#890,#891,#892));
#423=AXIS2_PLACEMENT_3D('',#893,#894,#895);
#424=EDGE_LOOP('',(#896,#897,#898,#899));
#425=AXIS2_PLACEMENT_3D('',#900,#901,#902);
#426=EDGE_LOOP('',(#903,#904,#905,#906));
#427=AXIS2_PLACEMENT_3D('',#907,#908,#909);
#428=EDGE_LOOP('',(#910,#911,#912,#913,#914,#915));
#429=AXIS2_PLACEMENT_3D('',#916,#917,#918);
#430=EDGE_LOOP('',(#919,#920,#921,#922));
#431=AXIS2_PLACEMENT_3D('',#923,#924,#925);
#432=EDGE_LOOP('',(#926,#927,#928,#929));
#433=AXIS2_PLACEMENT_3D('',#930,#931,#932);
#434=EDGE_LOOP('',(#933,#934,#935,#936));
#435=AXIS2_PLACEMENT_3D('',#937,#938,#939);
#436=EDGE_LOOP('',(#940,#941,#942,#943,#944,#945));
#437=AXIS2_PLACEMENT_3D('',#946,#947,#948);
#438=EDGE_LOOP('',(#949,#950,#951,#952));
#439=AXIS2_PLACEMENT_3D('',#953,#954,#955);
#440=EDGE_LOOP('',(#956,#957,#958,#959));
#441=AXIS2_PLACEMENT_3D('',#960,#961,#962);
#442=EDGE_LOOP('',(#963,#964,#965,#966));
#443=AXIS2_PLACEMENT_3D('',#967,#968,#969);
#444=EDGE_LOOP('',(#970,#971,#972,#973));
#445=AXIS2_PLACEMENT_3D('',#974,#975,#976);
#446=EDGE_LOOP('',(#977,#978,#979,#980));
#447=AXIS2_PLACEMENT_3D('',#981,#982,#983);
#448=EDGE_LOOP('',(#984,#985,#986,#987));
#449=AXIS2_PLACEMENT_3D('',#988,#989,#990);
#450=EDGE_LOOP('',(#991,#992,#993,#994));
#451=AXIS2_PLACEMENT_3D('',#995,#996,#997);
#452=EDGE_LOOP('',(#998,#999,#1000,#1001));
#453=AXIS2_PLACEMENT_3D('',#1002,#1003,#1004);
#454=EDGE_LOOP('',(#1005,#1006,#1007,#1008));
#455=AXIS2_PLACEMENT_3D('',#1009,#1010,#1011);
#456=EDGE_LOOP('',(#1012,#1013,#1014,#1015));
#457=AXIS2_PLACEMENT_3D('',#1016,#1017,#1018);
#458=EDGE_LOOP('',(#1019,#1020,#1021,#1022));
#459=AXIS2_PLACEMENT_3D('',#1023,#1024,#1025);
#460=EDGE_LOOP('',(#1026,#1027,#1028,#1029));
#461=AXIS2_PLACEMENT_3D('',#1030,#1031,#1032);
#462=EDGE_LOOP('',(#1033,#1034,#1035,#1036));
#463=AXIS2_PLACEMENT_3D('',#1037,#1038,#1039);
#464=EDGE_LOOP('',(#1040,#1041,#1042,#1043));
#465=AXIS2_PLACEMENT_3D('',#1044,#1045,#1046);
#466=EDGE_LOOP('',(#1047,#1048,#1049,#1050,#1051,#1052,#1053,#1054,#1055,#1056,#1057,#1058));
#467=AXIS2_PLACEMENT_3D('',#1059,#1060,#1061);
#468=EDGE_LOOP('',(#1062,#1063,#1064,#1065));
#469=AXIS2_PLACEMENT_3D('',#1066,#1067,#1068);
#470=EDGE_LOOP('',(#1069,#1070,#1071,#1072));
#471=AXIS2_PLACEMENT_3D('',#1073,#1074,#1075);
#472=EDGE_LOOP('',(#1076,#1077,#1078,#1079));
#473=AXIS2_PLACEMENT_3D('',#1080,#1081,#1082);
#474=EDGE_LOOP('',(#1083,#1084,#1085,#1086));
#475=AXIS2_PLACEMENT_3D('',#1087,#1088,#1089);
#476=EDGE_LOOP('',(#1090,#1091,#1092,#1093));
#477=AXIS2_PLACEMENT_3D('',#1094,#1095,#1096);
#478=EDGE_LOOP('',(#1097,#1098,#1099,#1100));
#479=AXIS2_PLACEMENT_3D('',#1101,#1102,#1103);
#480=EDGE_LOOP('',(#1104,#1105,#1106,#1107,#1108,#1109,#1110,#1111,#1112,#1113,#1114));
#481=AXIS2_PLACEMENT_3D('',#1115,#1116,#1117);
#482=EDGE_LOOP('',(#1118,#1119,#1120,#1121));
#483=AXIS2_PLACEMENT_3D('',#1122,#1123,#1124);
#484=EDGE_LOOP('',(#1125,#1126,#1127,#1128));
#485=AXIS2_PLACEMENT_3D('',#1129,#1130,#1131);
#486=EDGE_LOOP('',(#1132,#1133,#1134,#1135,#1136,#1137,#1138,#1139,#1140,#1141,#1142,#1143,#1144,#1145));
#487=AXIS2_PLACEMENT_3D('',#1146,#1147,#1148);
#488=EDGE_LOOP('',(#1149,#1150,#1151,#1152));
#489=AXIS2_PLACEMENT_3D('',#1153,#1154,#1155);
#490=EDGE_LOOP('',(#1156,#1157,#1158,#1159,#1160,#1161,#1162,#1163,#1164,#1165,#1166,#1167,#1168,#1169));
#491=AXIS2_PLACEMENT_3D('',#1170,#1171,#1172);
#492=EDGE_LOOP('',(#1173,#1174,#1175,#1176,#1177,#1178,#1179,#1180));
#493=AXIS2_PLACEMENT_3D('',#1181,#1182,#1183);
#494=EDGE_LOOP('',(#1184,#1185,#1186,#1187));
#495=AXIS2_PLACEMENT_3D('',#1188,#1189,#1190);
#496=EDGE_LOOP('',(#1191,#1192,#1193,#1194,#1195,#1196,#1197,#1198));
#497=AXIS2_PLACEMENT_3D('',#1199,#1200,#1201);
#498=EDGE_LOOP('',(#1202,#1203,#1204,#1205));
#499=AXIS2_PLACEMENT_3D('',#1206,#1207,#1208);
#500=EDGE_LOOP('',(#1209,#1210,#1211,#1212));
#501=AXIS2_PLACEMENT_3D('',#1213,#1214,#1215);
#502=EDGE_LOOP('',(#1216,#1217,#1218,#1219));
#503=AXIS2_PLACEMENT_3D('',#1220,#1221,#1222);
#504=EDGE_LOOP('',(#1223,#1224,#1225,#1226));
#505=AXIS2_PLACEMENT_3D('',#1227,#1228,#1229);
#506=EDGE_LOOP('',(#1230,#1231,#1232,#1233));
#507=AXIS2_PLACEMENT_3D('',#1234,#1235,#1236);
#508=EDGE_LOOP('',(#1237,#1238,#1239,#1240));
#509=AXIS2_PLACEMENT_3D('',#1241,#1242,#1243);
#510=EDGE_LOOP('',(#1244,#1245,#1246,#1247));
#511=AXIS2_PLACEMENT_3D('',#1248,#1249,#1250);
#512=EDGE_LOOP('',(#1251,#1252,#1253,#1254));
#513=AXIS2_PLACEMENT_3D('',#1255,#1256,#1257);
#514=EDGE_LOOP('',(#1258,#1259,#1260,#1261));
#515=AXIS2_PLACEMENT_3D('',#1262,#1263,#1264);
#516=EDGE_LOOP('',(#1265,#1266,#1267,#1268));
#517=AXIS2_PLACEMENT_3D('',#1269,#1270,#1271);
#518=EDGE_LOOP('',(#1272,#1273,#1274,#1275));
#519=AXIS2_PLACEMENT_3D('',#1276,#1277,#1278);
#520=EDGE_LOOP('',(#1279,#1280,#1281,#1282));
#521=AXIS2_PLACEMENT_3D('',#1283,#1284,#1285);
#522=EDGE_LOOP('',(#1286,#1287,#1288,#1289));
#523=AXIS2_PLACEMENT_3D('',#1290,#1291,#1292);
#524=EDGE_LOOP('',(#1293,#1294,#1295,#1296));
#525=AXIS2_PLACEMENT_3D('',#1297,#1298,#1299);
#526=EDGE_LOOP('',(#1300,#1301,#1302,#1303));
#527=AXIS2_PLACEMENT_3D('',#1304,#1305,#1306);
#528=EDGE_LOOP('',(#1307,#1308,#1309,#1310));
#529=AXIS2_PLACEMENT_3D('',#1311,#1312,#1313);
#530=EDGE_LOOP('',(#1314,#1315,#1316,#1317));
#531=AXIS2_PLACEMENT_3D('',#1318,#1319,#1320);
#532=EDGE_LOOP('',(#1321,#1322,#1323,#1324));
#533=AXIS2_PLACEMENT_3D('',#1325,#1326,#1327);
#534=CIRCLE('',#1328,0.8636);
#535=CIRCLE('',#1329,0.8636);
#536=CIRCLE('',#1330,0.8636);
#537=CIRCLE('',#1331,0.8636);
#538=ORIENTED_EDGE('',*,*,#1332,.F.);
#539=ORIENTED_EDGE('',*,*,#1333,.F.);
#540=ORIENTED_EDGE('',*,*,#1334,.T.);
#541=ORIENTED_EDGE('',*,*,#1335,.T.);
#542=CARTESIAN_POINT('',(1.9812,6.2992,-5.8547));
#543=DIRECTION('',(-1.0,0.0,-0.0));
#544=DIRECTION('',(0.0,0.0,-1.0));
#545=ORIENTED_EDGE('',*,*,#1336,.F.);
#546=ORIENTED_EDGE('',*,*,#1337,.F.);
#547=ORIENTED_EDGE('',*,*,#1338,.F.);
#548=ORIENTED_EDGE('',*,*,#1339,.F.);
#549=CARTESIAN_POINT('',(-3.8862,0.0,0.0));
#550=DIRECTION('',(1.0,0.0,0.0));
#551=DIRECTION('',(0.0,1.0,0.0));
#552=ORIENTED_EDGE('',*,*,#1340,.F.);
#553=ORIENTED_EDGE('',*,*,#1341,.F.);
#554=ORIENTED_EDGE('',*,*,#1342,.F.);
#555=ORIENTED_EDGE('',*,*,#1343,.F.);
#556=ORIENTED_EDGE('',*,*,#1344,.F.);
#557=ORIENTED_EDGE('',*,*,#1345,.F.);
#558=ORIENTED_EDGE('',*,*,#1346,.F.);
#559=ORIENTED_EDGE('',*,*,#1347,.F.);
#560=ORIENTED_EDGE('',*,*,#1348,.F.);
#561=ORIENTED_EDGE('',*,*,#1349,.F.);
#562=ORIENTED_EDGE('',*,*,#1350,.T.);
#563=CARTESIAN_POINT('',(-3.8862,0.0,0.0));
#564=DIRECTION('',(1.0,0.0,0.0));
#565=DIRECTION('',(0.0,1.0,0.0));
#566=ORIENTED_EDGE('',*,*,#1351,.T.);
#567=ORIENTED_EDGE('',*,*,#1352,.F.);
#568=ORIENTED_EDGE('',*,*,#1353,.F.);
#569=ORIENTED_EDGE('',*,*,#1339,.T.);
#570=CARTESIAN_POINT('',(-3.8862,1.397,-1.9177));
#571=DIRECTION('',(0.0,0.0,-1.0));
#572=DIRECTION('',(0.0,-1.0,0.0));
#573=ORIENTED_EDGE('',*,*,#1349,.T.);
#574=ORIENTED_EDGE('',*,*,#1354,.T.);
#575=ORIENTED_EDGE('',*,*,#1355,.F.);
#576=ORIENTED_EDGE('',*,*,#1356,.F.);
#577=ORIENTED_EDGE('',*,*,#1357,.F.);
#578=ORIENTED_EDGE('',*,*,#1358,.F.);
#579=ORIENTED_EDGE('',*,*,#1336,.T.);
#580=ORIENTED_EDGE('',*,*,#1353,.T.);
#581=ORIENTED_EDGE('',*,*,#1359,.T.);
#582=ORIENTED_EDGE('',*,*,#1360,.T.);
#583=ORIENTED_EDGE('',*,*,#1361,.T.);
#584=ORIENTED_EDGE('',*,*,#1362,.F.);
#585=ORIENTED_EDGE('',*,*,#1363,.F.);
#586=ORIENTED_EDGE('',*,*,#1364,.T.);
#587=ORIENTED_EDGE('',*,*,#1365,.T.);
#588=ORIENTED_EDGE('',*,*,#1366,.T.);
#589=ORIENTED_EDGE('',*,*,#1367,.T.);
#590=ORIENTED_EDGE('',*,*,#1368,.T.);
#591=ORIENTED_EDGE('',*,*,#1369,.T.);
#592=ORIENTED_EDGE('',*,*,#1370,.F.);
#593=ORIENTED_EDGE('',*,*,#1371,.F.);
#594=ORIENTED_EDGE('',*,*,#1372,.T.);
#595=CARTESIAN_POINT('',(-3.8862,1.397,-3.4417));
#596=DIRECTION('',(-0.0,1.0,0.0));
#597=DIRECTION('',(1.0,0.0,0.0));
#598=ORIENTED_EDGE('',*,*,#1373,.F.);
#599=ORIENTED_EDGE('',*,*,#1374,.F.);
#600=ORIENTED_EDGE('',*,*,#1372,.F.);
#601=ORIENTED_EDGE('',*,*,#1375,.F.);
#602=ORIENTED_EDGE('',*,*,#1376,.F.);
#603=ORIENTED_EDGE('',*,*,#1377,.T.);
#604=CARTESIAN_POINT('',(1.4097,-1.397,3.4417));
#605=DIRECTION('',(1.0,0.0,0.0));
#606=DIRECTION('',(0.0,1.0,0.0));
#607=ORIENTED_EDGE('',*,*,#1378,.F.);
#608=ORIENTED_EDGE('',*,*,#1379,.F.);
#609=ORIENTED_EDGE('',*,*,#1380,.F.);
#610=ORIENTED_EDGE('',*,*,#1381,.F.);
#611=ORIENTED_EDGE('',*,*,#1382,.T.);
#612=ORIENTED_EDGE('',*,*,#1383,.F.);
#613=ORIENTED_EDGE('',*,*,#1384,.F.);
#614=ORIENTED_EDGE('',*,*,#1385,.F.);
#615=ORIENTED_EDGE('',*,*,#1386,.F.);
#616=ORIENTED_EDGE('',*,*,#1387,.T.);
#617=CARTESIAN_POINT('',(1.4097,-1.397,3.4417));
#618=DIRECTION('',(1.0,0.0,0.0));
#619=DIRECTION('',(0.0,1.0,0.0));
#620=ORIENTED_EDGE('',*,*,#1377,.F.);
#621=ORIENTED_EDGE('',*,*,#1388,.F.);
#622=ORIENTED_EDGE('',*,*,#1389,.T.);
#623=ORIENTED_EDGE('',*,*,#1390,.F.);
#624=CARTESIAN_POINT('',(1.6002,12.4079,-1.6637));
#625=DIRECTION('',(-0.857492925712544,0.514495755427526,0.0));
#626=DIRECTION('',(0.0,0.0,1.0));
#627=ORIENTED_EDGE('',*,*,#1391,.F.);
#628=ORIENTED_EDGE('',*,*,#1392,.F.);
#629=ORIENTED_EDGE('',*,*,#1373,.T.);
#630=ORIENTED_EDGE('',*,*,#1390,.T.);
#631=ORIENTED_EDGE('',*,*,#1393,.T.);
#632=ORIENTED_EDGE('',*,*,#1394,.T.);
#633=CARTESIAN_POINT('',(1.4097,11.811,-2.2225));
#634=DIRECTION('',(0.0,0.339644463777505,-0.940553899691714));
#635=DIRECTION('',(-1.0,0.0,0.0));
#636=ORIENTED_EDGE('',*,*,#1395,.F.);
#637=ORIENTED_EDGE('',*,*,#1394,.F.);
#638=ORIENTED_EDGE('',*,*,#1396,.T.);
#639=ORIENTED_EDGE('',*,*,#1397,.F.);
#640=CARTESIAN_POINT('',(2.3622,12.4079,-1.6637));
#641=DIRECTION('',(0.857492925712544,0.514495755427526,0.0));
#642=DIRECTION('',(0.0,0.0,-1.0));
#643=ORIENTED_EDGE('',*,*,#1398,.F.);
#644=ORIENTED_EDGE('',*,*,#1388,.T.);
#645=ORIENTED_EDGE('',*,*,#1376,.T.);
#646=ORIENTED_EDGE('',*,*,#1399,.T.);
#647=ORIENTED_EDGE('',*,*,#1400,.F.);
#648=ORIENTED_EDGE('',*,*,#1397,.T.);
#649=CARTESIAN_POINT('',(1.4097,12.7254,-1.4351));
#650=DIRECTION('',(0.0,0.339644463777505,0.940553899691714));
#651=DIRECTION('',(1.0,-0.0,0.0));
#652=ORIENTED_EDGE('',*,*,#1400,.T.);
#653=ORIENTED_EDGE('',*,*,#1401,.T.);
#654=ORIENTED_EDGE('',*,*,#1370,.T.);
#655=ORIENTED_EDGE('',*,*,#1402,.T.);
#656=ORIENTED_EDGE('',*,*,#1391,.T.);
#657=ORIENTED_EDGE('',*,*,#1395,.T.);
#658=CARTESIAN_POINT('',(2.5527,-1.397,3.4417));
#659=DIRECTION('',(1.0,0.0,0.0));
#660=DIRECTION('',(0.0,1.0,0.0));
#661=ORIENTED_EDGE('',*,*,#1403,.T.);
#662=ORIENTED_EDGE('',*,*,#1404,.T.);
#663=ORIENTED_EDGE('',*,*,#1405,.T.);
#664=ORIENTED_EDGE('',*,*,#1406,.T.);
#665=ORIENTED_EDGE('',*,*,#1407,.F.);
#666=ORIENTED_EDGE('',*,*,#1408,.T.);
#667=ORIENTED_EDGE('',*,*,#1409,.T.);
#668=ORIENTED_EDGE('',*,*,#1410,.T.);
#669=ORIENTED_EDGE('',*,*,#1411,.T.);
#670=ORIENTED_EDGE('',*,*,#1412,.T.);
#671=CARTESIAN_POINT('',(2.5527,-1.397,3.4417));
#672=DIRECTION('',(1.0,0.0,0.0));
#673=DIRECTION('',(0.0,1.0,0.0));
#674=ORIENTED_EDGE('',*,*,#1374,.T.);
#675=ORIENTED_EDGE('',*,*,#1392,.T.);
#676=ORIENTED_EDGE('',*,*,#1402,.F.);
#677=ORIENTED_EDGE('',*,*,#1369,.F.);
#678=CARTESIAN_POINT('',(1.4097,-5.2324,-2.2225));
#679=DIRECTION('',(0.0,0.0,-1.0));
#680=DIRECTION('',(0.0,-1.0,0.0));
#681=ORIENTED_EDGE('',*,*,#1413,.T.);
#682=ORIENTED_EDGE('',*,*,#1406,.F.);
#683=ORIENTED_EDGE('',*,*,#1414,.F.);
#684=ORIENTED_EDGE('',*,*,#1383,.T.);
#685=CARTESIAN_POINT('',(1.4097,-5.2324,-2.2225));
#686=DIRECTION('',(0.0,0.0,-1.0));
#687=DIRECTION('',(0.0,-1.0,0.0));
#688=ORIENTED_EDGE('',*,*,#1414,.T.);
#689=ORIENTED_EDGE('',*,*,#1405,.F.);
#690=ORIENTED_EDGE('',*,*,#1415,.F.);
#691=ORIENTED_EDGE('',*,*,#1384,.T.);
#692=CARTESIAN_POINT('',(1.4097,-5.2324,0.4191));
#693=DIRECTION('',(-1.0,0.0,-0.0));
#694=DIRECTION('',(0.0,0.0,-1.0));
#695=ORIENTED_EDGE('',*,*,#1415,.T.);
#696=ORIENTED_EDGE('',*,*,#1404,.F.);
#697=ORIENTED_EDGE('',*,*,#1416,.F.);
#698=ORIENTED_EDGE('',*,*,#1385,.T.);
#699=CARTESIAN_POINT('',(1.4097,-7.874,5.0673));
#700=DIRECTION('',(0.0,-1.0,0.0));
#701=DIRECTION('',(0.0,0.0,-1.0));
#702=ORIENTED_EDGE('',*,*,#1417,.F.);
#703=ORIENTED_EDGE('',*,*,#1418,.T.);
#704=ORIENTED_EDGE('',*,*,#1386,.T.);
#705=ORIENTED_EDGE('',*,*,#1416,.T.);
#706=ORIENTED_EDGE('',*,*,#1403,.F.);
#707=ORIENTED_EDGE('',*,*,#1419,.T.);
#708=CARTESIAN_POINT('',(1.4097,-7.5438,5.9817));
#709=DIRECTION('',(0.0,-0.940553899691714,0.339644463777505));
#710=DIRECTION('',(-1.0,0.0,0.0));
#711=ORIENTED_EDGE('',*,*,#1412,.F.);
#712=ORIENTED_EDGE('',*,*,#1420,.F.);
#713=ORIENTED_EDGE('',*,*,#1421,.T.);
#714=ORIENTED_EDGE('',*,*,#1419,.F.);
#715=CARTESIAN_POINT('',(2.3622,-7.3152,5.6642));
#716=DIRECTION('',(0.857492925712544,0.0,0.514495755427526));
#717=DIRECTION('',(0.0,-1.0,0.0));
#718=ORIENTED_EDGE('',*,*,#1422,.F.);
#719=ORIENTED_EDGE('',*,*,#1423,.F.);
#720=ORIENTED_EDGE('',*,*,#1417,.T.);
#721=ORIENTED_EDGE('',*,*,#1421,.F.);
#722=CARTESIAN_POINT('',(1.4097,-7.0866,5.9817));
#723=DIRECTION('',(0.0,0.0,1.0));
#724=DIRECTION('',(1.0,0.0,0.0));
#725=ORIENTED_EDGE('',*,*,#1387,.F.);
#726=ORIENTED_EDGE('',*,*,#1418,.F.);
#727=ORIENTED_EDGE('',*,*,#1423,.T.);
#728=ORIENTED_EDGE('',*,*,#1424,.F.);
#729=CARTESIAN_POINT('',(1.6002,-7.3152,5.6642));
#730=DIRECTION('',(-0.857492925712544,0.0,0.514495755427526));
#731=DIRECTION('',(0.0,1.0,0.0));
#732=ORIENTED_EDGE('',*,*,#1411,.F.);
#733=ORIENTED_EDGE('',*,*,#1425,.F.);
#734=ORIENTED_EDGE('',*,*,#1378,.T.);
#735=ORIENTED_EDGE('',*,*,#1424,.T.);
#736=ORIENTED_EDGE('',*,*,#1422,.T.);
#737=ORIENTED_EDGE('',*,*,#1420,.T.);
#738=CARTESIAN_POINT('',(1.4097,-6.7564,5.0673));
#739=DIRECTION('',(0.0,0.940553899691714,0.339644463777505));
#740=DIRECTION('',(1.0,0.0,-0.0));
#741=ORIENTED_EDGE('',*,*,#1425,.T.);
#742=ORIENTED_EDGE('',*,*,#1410,.F.);
#743=ORIENTED_EDGE('',*,*,#1426,.F.);
#744=ORIENTED_EDGE('',*,*,#1379,.T.);
#745=CARTESIAN_POINT('',(1.4097,-6.7564,0.4191));
#746=DIRECTION('',(-0.0,1.0,0.0));
#747=DIRECTION('',(1.0,0.0,0.0));
#748=ORIENTED_EDGE('',*,*,#1426,.T.);
#749=ORIENTED_EDGE('',*,*,#1409,.F.);
#750=ORIENTED_EDGE('',*,*,#1427,.F.);
#751=ORIENTED_EDGE('',*,*,#1380,.T.);
#752=CARTESIAN_POINT('',(1.4097,-5.2324,0.4191));
#753=DIRECTION('',(-1.0,0.0,-0.0));
#754=DIRECTION('',(0.0,0.0,-1.0));
#755=ORIENTED_EDGE('',*,*,#1401,.F.);
#756=ORIENTED_EDGE('',*,*,#1399,.F.);
#757=ORIENTED_EDGE('',*,*,#1375,.T.);
#758=ORIENTED_EDGE('',*,*,#1371,.T.);
#759=CARTESIAN_POINT('',(1.4097,11.811,-1.1049));
#760=DIRECTION('',(0.0,0.0,1.0));
#761=DIRECTION('',(1.0,0.0,0.0));
#762=ORIENTED_EDGE('',*,*,#1381,.T.);
#763=ORIENTED_EDGE('',*,*,#1427,.T.);
#764=ORIENTED_EDGE('',*,*,#1408,.F.);
#765=ORIENTED_EDGE('',*,*,#1428,.F.);
#766=CARTESIAN_POINT('',(1.4097,11.811,-1.1049));
#767=DIRECTION('',(0.0,0.0,1.0));
#768=DIRECTION('',(1.0,0.0,0.0));
#769=ORIENTED_EDGE('',*,*,#1429,.F.);
#770=ORIENTED_EDGE('',*,*,#1351,.F.);
#771=ORIENTED_EDGE('',*,*,#1338,.T.);
#772=ORIENTED_EDGE('',*,*,#1430,.T.);
#773=ORIENTED_EDGE('',*,*,#1431,.T.);
#774=ORIENTED_EDGE('',*,*,#1432,.T.);
#775=ORIENTED_EDGE('',*,*,#1433,.F.);
#776=ORIENTED_EDGE('',*,*,#1434,.F.);
#777=ORIENTED_EDGE('',*,*,#1435,.F.);
#778=ORIENTED_EDGE('',*,*,#1436,.F.);
#779=ORIENTED_EDGE('',*,*,#1437,.F.);
#780=ORIENTED_EDGE('',*,*,#1438,.F.);
#781=ORIENTED_EDGE('',*,*,#1439,.T.);
#782=ORIENTED_EDGE('',*,*,#1440,.T.);
#783=ORIENTED_EDGE('',*,*,#1441,.F.);
#784=ORIENTED_EDGE('',*,*,#1442,.F.);
#785=ORIENTED_EDGE('',*,*,#1443,.F.);
#786=ORIENTED_EDGE('',*,*,#1444,.T.);
#787=ORIENTED_EDGE('',*,*,#1445,.T.);
#788=ORIENTED_EDGE('',*,*,#1446,.F.);
#789=ORIENTED_EDGE('',*,*,#1447,.F.);
#790=ORIENTED_EDGE('',*,*,#1448,.T.);
#791=ORIENTED_EDGE('',*,*,#1449,.T.);
#792=ORIENTED_EDGE('',*,*,#1450,.F.);
#793=ORIENTED_EDGE('',*,*,#1340,.T.);
#794=ORIENTED_EDGE('',*,*,#1451,.T.);
#795=ORIENTED_EDGE('',*,*,#1452,.T.);
#796=ORIENTED_EDGE('',*,*,#1453,.T.);
#797=ORIENTED_EDGE('',*,*,#1454,.F.);
#798=ORIENTED_EDGE('',*,*,#1455,.F.);
#799=ORIENTED_EDGE('',*,*,#1428,.T.);
#800=ORIENTED_EDGE('',*,*,#1407,.T.);
#801=ORIENTED_EDGE('',*,*,#1413,.F.);
#802=ORIENTED_EDGE('',*,*,#1382,.F.);
#803=CARTESIAN_POINT('',(-3.8862,-1.397,1.9177));
#804=DIRECTION('',(0.0,-1.0,0.0));
#805=DIRECTION('',(0.0,0.0,-1.0));
#806=ORIENTED_EDGE('',*,*,#1456,.F.);
#807=ORIENTED_EDGE('',*,*,#1457,.F.);
#808=ORIENTED_EDGE('',*,*,#1364,.F.);
#809=ORIENTED_EDGE('',*,*,#1458,.F.);
#810=ORIENTED_EDGE('',*,*,#1459,.F.);
#811=ORIENTED_EDGE('',*,*,#1460,.T.);
#812=CARTESIAN_POINT('',(-2.5527,-1.397,3.4417));
#813=DIRECTION('',(1.0,0.0,0.0));
#814=DIRECTION('',(0.0,1.0,0.0));
#815=ORIENTED_EDGE('',*,*,#1461,.F.);
#816=ORIENTED_EDGE('',*,*,#1462,.F.);
#817=ORIENTED_EDGE('',*,*,#1463,.F.);
#818=ORIENTED_EDGE('',*,*,#1464,.F.);
#819=ORIENTED_EDGE('',*,*,#1455,.T.);
#820=ORIENTED_EDGE('',*,*,#1465,.F.);
#821=ORIENTED_EDGE('',*,*,#1466,.F.);
#822=ORIENTED_EDGE('',*,*,#1467,.F.);
#823=ORIENTED_EDGE('',*,*,#1468,.F.);
#824=ORIENTED_EDGE('',*,*,#1469,.T.);
#825=CARTESIAN_POINT('',(-2.5527,-1.397,3.4417));
#826=DIRECTION('',(1.0,0.0,0.0));
#827=DIRECTION('',(0.0,1.0,0.0));
#828=ORIENTED_EDGE('',*,*,#1460,.F.);
#829=ORIENTED_EDGE('',*,*,#1470,.F.);
#830=ORIENTED_EDGE('',*,*,#1471,.T.);
#831=ORIENTED_EDGE('',*,*,#1472,.F.);
#832=CARTESIAN_POINT('',(-2.3622,12.4079,-1.6637));
#833=DIRECTION('',(-0.857492925712544,0.514495755427526,0.0));
#834=DIRECTION('',(0.0,0.0,1.0));
#835=ORIENTED_EDGE('',*,*,#1473,.F.);
#836=ORIENTED_EDGE('',*,*,#1474,.F.);
#837=ORIENTED_EDGE('',*,*,#1456,.T.);
#838=ORIENTED_EDGE('',*,*,#1472,.T.);
#839=ORIENTED_EDGE('',*,*,#1475,.T.);
#840=ORIENTED_EDGE('',*,*,#1476,.T.);
#841=CARTESIAN_POINT('',(-2.5527,11.811,-2.2225));
#842=DIRECTION('',(0.0,0.339644463777505,-0.940553899691714));
#843=DIRECTION('',(-1.0,0.0,0.0));
#844=ORIENTED_EDGE('',*,*,#1477,.F.);
#845=ORIENTED_EDGE('',*,*,#1476,.F.);
#846=ORIENTED_EDGE('',*,*,#1478,.T.);
#847=ORIENTED_EDGE('',*,*,#1479,.F.);
#848=CARTESIAN_POINT('',(-1.6002,12.4079,-1.6637));
#849=DIRECTION('',(0.857492925712544,0.514495755427526,0.0));
#850=DIRECTION('',(0.0,0.0,-1.0));
#851=ORIENTED_EDGE('',*,*,#1480,.F.);
#852=ORIENTED_EDGE('',*,*,#1470,.T.);
#853=ORIENTED_EDGE('',*,*,#1459,.T.);
#854=ORIENTED_EDGE('',*,*,#1481,.T.);
#855=ORIENTED_EDGE('',*,*,#1482,.F.);
#856=ORIENTED_EDGE('',*,*,#1479,.T.);
#857=CARTESIAN_POINT('',(-2.5527,12.7254,-1.4351));
#858=DIRECTION('',(0.0,0.339644463777505,0.940553899691714));
#859=DIRECTION('',(1.0,-0.0,0.0));
#860=ORIENTED_EDGE('',*,*,#1482,.T.);
#861=ORIENTED_EDGE('',*,*,#1483,.T.);
#862=ORIENTED_EDGE('',*,*,#1362,.T.);
#863=ORIENTED_EDGE('',*,*,#1484,.T.);
#864=ORIENTED_EDGE('',*,*,#1473,.T.);
#865=ORIENTED_EDGE('',*,*,#1477,.T.);
#866=CARTESIAN_POINT('',(-1.4097,-1.397,3.4417));
#867=DIRECTION('',(1.0,0.0,0.0));
#868=DIRECTION('',(0.0,1.0,0.0));
#869=ORIENTED_EDGE('',*,*,#1485,.T.);
#870=ORIENTED_EDGE('',*,*,#1486,.T.);
#871=ORIENTED_EDGE('',*,*,#1487,.T.);
#872=ORIENTED_EDGE('',*,*,#1488,.T.);
#873=ORIENTED_EDGE('',*,*,#1453,.F.);
#874=ORIENTED_EDGE('',*,*,#1489,.T.);
#875=ORIENTED_EDGE('',*,*,#1490,.T.);
#876=ORIENTED_EDGE('',*,*,#1491,.T.);
#877=ORIENTED_EDGE('',*,*,#1492,.T.);
#878=ORIENTED_EDGE('',*,*,#1493,.T.);
#879=CARTESIAN_POINT('',(-1.4097,-1.397,3.4417));
#880=DIRECTION('',(1.0,0.0,0.0));
#881=DIRECTION('',(0.0,1.0,0.0));
#882=ORIENTED_EDGE('',*,*,#1488,.F.);
#883=ORIENTED_EDGE('',*,*,#1494,.F.);
#884=ORIENTED_EDGE('',*,*,#1465,.T.);
#885=ORIENTED_EDGE('',*,*,#1454,.T.);
#886=CARTESIAN_POINT('',(-2.5527,-5.2324,-2.2225));
#887=DIRECTION('',(0.0,0.0,-1.0));
#888=DIRECTION('',(0.0,-1.0,0.0));
#889=ORIENTED_EDGE('',*,*,#1457,.T.);
#890=ORIENTED_EDGE('',*,*,#1474,.T.);
#891=ORIENTED_EDGE('',*,*,#1484,.F.);
#892=ORIENTED_EDGE('',*,*,#1361,.F.);
#893=CARTESIAN_POINT('',(-2.5527,-5.2324,-2.2225));
#894=DIRECTION('',(0.0,0.0,-1.0));
#895=DIRECTION('',(0.0,-1.0,0.0));
#896=ORIENTED_EDGE('',*,*,#1494,.T.);
#897=ORIENTED_EDGE('',*,*,#1487,.F.);
#898=ORIENTED_EDGE('',*,*,#1495,.F.);
#899=ORIENTED_EDGE('',*,*,#1466,.T.);
#900=CARTESIAN_POINT('',(-2.5527,-5.2324,0.4191));
#901=DIRECTION('',(-1.0,0.0,-0.0));
#902=DIRECTION('',(0.0,0.0,-1.0));
#903=ORIENTED_EDGE('',*,*,#1495,.T.);
#904=ORIENTED_EDGE('',*,*,#1486,.F.);
#905=ORIENTED_EDGE('',*,*,#1496,.F.);
#906=ORIENTED_EDGE('',*,*,#1467,.T.);
#907=CARTESIAN_POINT('',(-2.5527,-7.874,5.0673));
#908=DIRECTION('',(0.0,-1.0,0.0));
#909=DIRECTION('',(0.0,0.0,-1.0));
#910=ORIENTED_EDGE('',*,*,#1497,.F.);
#911=ORIENTED_EDGE('',*,*,#1498,.T.);
#912=ORIENTED_EDGE('',*,*,#1468,.T.);
#913=ORIENTED_EDGE('',*,*,#1496,.T.);
#914=ORIENTED_EDGE('',*,*,#1485,.F.);
#915=ORIENTED_EDGE('',*,*,#1499,.T.);
#916=CARTESIAN_POINT('',(-2.5527,-7.5438,5.9817));
#917=DIRECTION('',(0.0,-0.940553899691714,0.339644463777505));
#918=DIRECTION('',(-1.0,0.0,0.0));
#919=ORIENTED_EDGE('',*,*,#1493,.F.);
#920=ORIENTED_EDGE('',*,*,#1500,.F.);
#921=ORIENTED_EDGE('',*,*,#1501,.T.);
#922=ORIENTED_EDGE('',*,*,#1499,.F.);
#923=CARTESIAN_POINT('',(-1.6002,-7.3152,5.6642));
#924=DIRECTION('',(0.857492925712544,0.0,0.514495755427526));
#925=DIRECTION('',(0.0,-1.0,0.0));
#926=ORIENTED_EDGE('',*,*,#1502,.F.);
#927=ORIENTED_EDGE('',*,*,#1503,.F.);
#928=ORIENTED_EDGE('',*,*,#1497,.T.);
#929=ORIENTED_EDGE('',*,*,#1501,.F.);
#930=CARTESIAN_POINT('',(-2.5527,-7.0866,5.9817));
#931=DIRECTION('',(0.0,0.0,1.0));
#932=DIRECTION('',(1.0,0.0,0.0));
#933=ORIENTED_EDGE('',*,*,#1469,.F.);
#934=ORIENTED_EDGE('',*,*,#1498,.F.);
#935=ORIENTED_EDGE('',*,*,#1503,.T.);
#936=ORIENTED_EDGE('',*,*,#1504,.F.);
#937=CARTESIAN_POINT('',(-2.3622,-7.3152,5.6642));
#938=DIRECTION('',(-0.857492925712544,0.0,0.514495755427526));
#939=DIRECTION('',(0.0,1.0,0.0));
#940=ORIENTED_EDGE('',*,*,#1492,.F.);
#941=ORIENTED_EDGE('',*,*,#1505,.F.);
#942=ORIENTED_EDGE('',*,*,#1461,.T.);
#943=ORIENTED_EDGE('',*,*,#1504,.T.);
#944=ORIENTED_EDGE('',*,*,#1502,.T.);
#945=ORIENTED_EDGE('',*,*,#1500,.T.);
#946=CARTESIAN_POINT('',(-2.5527,-6.7564,5.0673));
#947=DIRECTION('',(0.0,0.940553899691714,0.339644463777505));
#948=DIRECTION('',(1.0,0.0,-0.0));
#949=ORIENTED_EDGE('',*,*,#1505,.T.);
#950=ORIENTED_EDGE('',*,*,#1491,.F.);
#951=ORIENTED_EDGE('',*,*,#1506,.F.);
#952=ORIENTED_EDGE('',*,*,#1462,.T.);
#953=CARTESIAN_POINT('',(-2.5527,-6.7564,0.4191));
#954=DIRECTION('',(-0.0,1.0,0.0));
#955=DIRECTION('',(1.0,0.0,0.0));
#956=ORIENTED_EDGE('',*,*,#1506,.T.);
#957=ORIENTED_EDGE('',*,*,#1490,.F.);
#958=ORIENTED_EDGE('',*,*,#1507,.F.);
#959=ORIENTED_EDGE('',*,*,#1463,.T.);
#960=CARTESIAN_POINT('',(-2.5527,-5.2324,0.4191));
#961=DIRECTION('',(-1.0,0.0,-0.0));
#962=DIRECTION('',(0.0,0.0,-1.0));
#963=ORIENTED_EDGE('',*,*,#1464,.T.);
#964=ORIENTED_EDGE('',*,*,#1507,.T.);
#965=ORIENTED_EDGE('',*,*,#1489,.F.);
#966=ORIENTED_EDGE('',*,*,#1452,.F.);
#967=CARTESIAN_POINT('',(-2.5527,11.811,-1.1049));
#968=DIRECTION('',(0.0,0.0,1.0));
#969=DIRECTION('',(1.0,0.0,0.0));
#970=ORIENTED_EDGE('',*,*,#1483,.F.);
#971=ORIENTED_EDGE('',*,*,#1481,.F.);
#972=ORIENTED_EDGE('',*,*,#1458,.T.);
#973=ORIENTED_EDGE('',*,*,#1363,.T.);
#974=CARTESIAN_POINT('',(-2.5527,11.811,-1.1049));
#975=DIRECTION('',(0.0,0.0,1.0));
#976=DIRECTION('',(1.0,0.0,0.0));
#977=ORIENTED_EDGE('',*,*,#1475,.F.);
#978=ORIENTED_EDGE('',*,*,#1471,.F.);
#979=ORIENTED_EDGE('',*,*,#1480,.T.);
#980=ORIENTED_EDGE('',*,*,#1478,.F.);
#981=CARTESIAN_POINT('',(-2.5527,12.7254,-1.8923));
#982=DIRECTION('',(-0.0,1.0,0.0));
#983=DIRECTION('',(1.0,0.0,0.0));
#984=ORIENTED_EDGE('',*,*,#1350,.F.);
#985=ORIENTED_EDGE('',*,*,#1360,.F.);
#986=ORIENTED_EDGE('',*,*,#1508,.T.);
#987=ORIENTED_EDGE('',*,*,#1451,.F.);
#988=CARTESIAN_POINT('',(-3.7592,0.0,1.52896413081264));
#989=DIRECTION('',(-0.707106781186569,0.338599588789885,-0.620765912781373));
#990=DIRECTION('',(-0.65973615829444,0.0,0.751497306341742));
#991=ORIENTED_EDGE('',*,*,#1359,.F.);
#992=ORIENTED_EDGE('',*,*,#1352,.T.);
#993=ORIENTED_EDGE('',*,*,#1429,.T.);
#994=ORIENTED_EDGE('',*,*,#1508,.F.);
#995=CARTESIAN_POINT('',(-3.6322,0.0,0.0));
#996=DIRECTION('',(-1.0,0.0,0.0));
#997=DIRECTION('',(0.0,0.0,1.0));
#998=ORIENTED_EDGE('',*,*,#1442,.T.);
#999=ORIENTED_EDGE('',*,*,#1509,.F.);
#1000=ORIENTED_EDGE('',*,*,#1510,.F.);
#1001=ORIENTED_EDGE('',*,*,#1511,.T.);
#1002=CARTESIAN_POINT('',(-3.8862,-1.905,1.9177));
#1003=DIRECTION('',(0.0,0.0,-1.0));
#1004=DIRECTION('',(0.0,-1.0,0.0));
#1005=ORIENTED_EDGE('',*,*,#1512,.F.);
#1006=ORIENTED_EDGE('',*,*,#1341,.T.);
#1007=ORIENTED_EDGE('',*,*,#1450,.T.);
#1008=ORIENTED_EDGE('',*,*,#1513,.F.);
#1009=CARTESIAN_POINT('',(-3.8862,-1.905,1.9177));
#1010=DIRECTION('',(0.0,0.0,-1.0));
#1011=DIRECTION('',(0.0,-1.0,0.0));
#1012=ORIENTED_EDGE('',*,*,#1446,.T.);
#1013=ORIENTED_EDGE('',*,*,#1514,.F.);
#1014=ORIENTED_EDGE('',*,*,#1515,.F.);
#1015=ORIENTED_EDGE('',*,*,#1516,.T.);
#1016=CARTESIAN_POINT('',(-3.8862,-1.905,1.9177));
#1017=DIRECTION('',(0.0,0.0,-1.0));
#1018=DIRECTION('',(0.0,-1.0,0.0));
#1019=ORIENTED_EDGE('',*,*,#1517,.T.);
#1020=ORIENTED_EDGE('',*,*,#1443,.T.);
#1021=ORIENTED_EDGE('',*,*,#1511,.F.);
#1022=ORIENTED_EDGE('',*,*,#1518,.F.);
#1023=CARTESIAN_POINT('',(3.302,-1.905,3.4417));
#1024=DIRECTION('',(1.0,0.0,0.0));
#1025=DIRECTION('',(0.0,1.0,0.0));
#1026=ORIENTED_EDGE('',*,*,#1510,.T.);
#1027=ORIENTED_EDGE('',*,*,#1519,.F.);
#1028=ORIENTED_EDGE('',*,*,#1520,.F.);
#1029=ORIENTED_EDGE('',*,*,#1518,.T.);
#1030=CARTESIAN_POINT('',(-3.8862,-1.905,3.4417));
#1031=DIRECTION('',(0.0,-1.0,0.0));
#1032=DIRECTION('',(0.0,0.0,-1.0));
#1033=ORIENTED_EDGE('',*,*,#1521,.F.);
#1034=ORIENTED_EDGE('',*,*,#1342,.T.);
#1035=ORIENTED_EDGE('',*,*,#1512,.T.);
#1036=ORIENTED_EDGE('',*,*,#1522,.F.);
#1037=CARTESIAN_POINT('',(-3.8862,-1.905,3.4417));
#1038=DIRECTION('',(0.0,-1.0,0.0));
#1039=DIRECTION('',(0.0,0.0,-1.0));
#1040=ORIENTED_EDGE('',*,*,#1515,.T.);
#1041=ORIENTED_EDGE('',*,*,#1523,.F.);
#1042=ORIENTED_EDGE('',*,*,#1524,.F.);
#1043=ORIENTED_EDGE('',*,*,#1525,.T.);
#1044=CARTESIAN_POINT('',(-3.8862,-1.905,3.4417));
#1045=DIRECTION('',(0.0,-1.0,0.0));
#1046=DIRECTION('',(0.0,0.0,-1.0));
#1047=ORIENTED_EDGE('',*,*,#1448,.F.);
#1048=ORIENTED_EDGE('',*,*,#1526,.F.);
#1049=ORIENTED_EDGE('',*,*,#1524,.T.);
#1050=ORIENTED_EDGE('',*,*,#1527,.T.);
#1051=ORIENTED_EDGE('',*,*,#1444,.F.);
#1052=ORIENTED_EDGE('',*,*,#1517,.F.);
#1053=ORIENTED_EDGE('',*,*,#1520,.T.);
#1054=ORIENTED_EDGE('',*,*,#1528,.F.);
#1055=ORIENTED_EDGE('',*,*,#1529,.F.);
#1056=ORIENTED_EDGE('',*,*,#1343,.T.);
#1057=ORIENTED_EDGE('',*,*,#1521,.T.);
#1058=ORIENTED_EDGE('',*,*,#1530,.T.);
#1059=CARTESIAN_POINT('',(-3.8862,-0.635,3.4417));
#1060=DIRECTION('',(0.0,0.0,1.0));
#1061=DIRECTION('',(1.0,0.0,0.0));
#1062=ORIENTED_EDGE('',*,*,#1513,.T.);
#1063=ORIENTED_EDGE('',*,*,#1449,.F.);
#1064=ORIENTED_EDGE('',*,*,#1530,.F.);
#1065=ORIENTED_EDGE('',*,*,#1522,.T.);
#1066=CARTESIAN_POINT('',(-3.302,-1.397,3.4417));
#1067=DIRECTION('',(-1.0,0.0,0.0));
#1068=DIRECTION('',(0.0,0.0,1.0));
#1069=ORIENTED_EDGE('',*,*,#1529,.T.);
#1070=ORIENTED_EDGE('',*,*,#1531,.F.);
#1071=ORIENTED_EDGE('',*,*,#1532,.F.);
#1072=ORIENTED_EDGE('',*,*,#1344,.T.);
#1073=CARTESIAN_POINT('',(-3.8862,-0.635,2.9337));
#1074=DIRECTION('',(-0.0,1.0,0.0));
#1075=DIRECTION('',(1.0,0.0,0.0));
#1076=ORIENTED_EDGE('',*,*,#1532,.T.);
#1077=ORIENTED_EDGE('',*,*,#1533,.F.);
#1078=ORIENTED_EDGE('',*,*,#1534,.F.);
#1079=ORIENTED_EDGE('',*,*,#1345,.T.);
#1080=CARTESIAN_POINT('',(-3.8862,-0.381,2.9337));
#1081=DIRECTION('',(0.0,0.0,1.0));
#1082=DIRECTION('',(1.0,0.0,0.0));
#1083=ORIENTED_EDGE('',*,*,#1534,.T.);
#1084=ORIENTED_EDGE('',*,*,#1535,.F.);
#1085=ORIENTED_EDGE('',*,*,#1536,.F.);
#1086=ORIENTED_EDGE('',*,*,#1346,.T.);
#1087=CARTESIAN_POINT('',(-3.8862,0.508,1.90206923076935));
#1088=DIRECTION('',(-1.0,0.0,-0.0));
#1089=DIRECTION('',(0.0,0.0,-1.0));
#1090=ORIENTED_EDGE('',*,*,#1536,.T.);
#1091=ORIENTED_EDGE('',*,*,#1537,.F.);
#1092=ORIENTED_EDGE('',*,*,#1538,.F.);
#1093=ORIENTED_EDGE('',*,*,#1347,.T.);
#1094=CARTESIAN_POINT('',(-3.8862,0.508,3.4417));
#1095=DIRECTION('',(0.0,-1.0,0.0));
#1096=DIRECTION('',(0.0,0.0,-1.0));
#1097=ORIENTED_EDGE('',*,*,#1538,.T.);
#1098=ORIENTED_EDGE('',*,*,#1539,.F.);
#1099=ORIENTED_EDGE('',*,*,#1354,.F.);
#1100=ORIENTED_EDGE('',*,*,#1348,.T.);
#1101=CARTESIAN_POINT('',(-3.8862,1.397,3.4417));
#1102=DIRECTION('',(0.0,0.0,1.0));
#1103=DIRECTION('',(1.0,0.0,0.0));
#1104=ORIENTED_EDGE('',*,*,#1540,.T.);
#1105=ORIENTED_EDGE('',*,*,#1355,.T.);
#1106=ORIENTED_EDGE('',*,*,#1539,.T.);
#1107=ORIENTED_EDGE('',*,*,#1537,.T.);
#1108=ORIENTED_EDGE('',*,*,#1535,.T.);
#1109=ORIENTED_EDGE('',*,*,#1533,.T.);
#1110=ORIENTED_EDGE('',*,*,#1531,.T.);
#1111=ORIENTED_EDGE('',*,*,#1528,.T.);
#1112=ORIENTED_EDGE('',*,*,#1519,.T.);
#1113=ORIENTED_EDGE('',*,*,#1509,.T.);
#1114=ORIENTED_EDGE('',*,*,#1441,.T.);
#1115=CARTESIAN_POINT('',(3.8862,0.0,0.0));
#1116=DIRECTION('',(1.0,0.0,0.0));
#1117=DIRECTION('',(0.0,1.0,0.0));
#1118=ORIENTED_EDGE('',*,*,#1356,.T.);
#1119=ORIENTED_EDGE('',*,*,#1540,.F.);
#1120=ORIENTED_EDGE('',*,*,#1440,.F.);
#1121=ORIENTED_EDGE('',*,*,#1541,.T.);
#1122=CARTESIAN_POINT('',(-3.8862,-1.397,-3.4417));
#1123=DIRECTION('',(0.0,0.0,-1.0));
#1124=DIRECTION('',(0.0,-1.0,0.0));
#1125=ORIENTED_EDGE('',*,*,#1430,.F.);
#1126=ORIENTED_EDGE('',*,*,#1337,.T.);
#1127=ORIENTED_EDGE('',*,*,#1358,.T.);
#1128=ORIENTED_EDGE('',*,*,#1542,.F.);
#1129=CARTESIAN_POINT('',(-3.8862,-1.397,-3.4417));
#1130=DIRECTION('',(0.0,0.0,-1.0));
#1131=DIRECTION('',(0.0,-1.0,0.0));
#1132=ORIENTED_EDGE('',*,*,#1543,.T.);
#1133=ORIENTED_EDGE('',*,*,#1544,.T.);
#1134=ORIENTED_EDGE('',*,*,#1545,.T.);
#1135=ORIENTED_EDGE('',*,*,#1546,.T.);
#1136=ORIENTED_EDGE('',*,*,#1547,.T.);
#1137=ORIENTED_EDGE('',*,*,#1548,.T.);
#1138=ORIENTED_EDGE('',*,*,#1333,.T.);
#1139=ORIENTED_EDGE('',*,*,#1549,.T.);
#1140=ORIENTED_EDGE('',*,*,#1550,.T.);
#1141=ORIENTED_EDGE('',*,*,#1551,.T.);
#1142=ORIENTED_EDGE('',*,*,#1552,.T.);
#1143=ORIENTED_EDGE('',*,*,#1553,.T.);
#1144=ORIENTED_EDGE('',*,*,#1554,.T.);
#1145=ORIENTED_EDGE('',*,*,#1541,.F.);
#1146=CARTESIAN_POINT('',(1.9812,0.0,0.0));
#1147=DIRECTION('',(1.0,0.0,0.0));
#1148=DIRECTION('',(0.0,1.0,0.0));
#1149=ORIENTED_EDGE('',*,*,#1554,.F.);
#1150=ORIENTED_EDGE('',*,*,#1555,.T.);
#1151=ORIENTED_EDGE('',*,*,#1556,.T.);
#1152=ORIENTED_EDGE('',*,*,#1357,.T.);
#1153=CARTESIAN_POINT('',(1.9812,0.248894342779864,-4.58980565722072));
#1154=DIRECTION('',(0.0,0.707106781186547,-0.707106781186547));
#1155=DIRECTION('',(-1.0,0.0,0.0));
#1156=ORIENTED_EDGE('',*,*,#1556,.F.);
#1157=ORIENTED_EDGE('',*,*,#1557,.F.);
#1158=ORIENTED_EDGE('',*,*,#1558,.F.);
#1159=ORIENTED_EDGE('',*,*,#1559,.F.);
#1160=ORIENTED_EDGE('',*,*,#1560,.F.);
#1161=ORIENTED_EDGE('',*,*,#1561,.F.);
#1162=ORIENTED_EDGE('',*,*,#1335,.F.);
#1163=ORIENTED_EDGE('',*,*,#1562,.F.);
#1164=ORIENTED_EDGE('',*,*,#1563,.F.);
#1165=ORIENTED_EDGE('',*,*,#1564,.F.);
#1166=ORIENTED_EDGE('',*,*,#1565,.F.);
#1167=ORIENTED_EDGE('',*,*,#1566,.F.);
#1168=ORIENTED_EDGE('',*,*,#1567,.F.);
#1169=ORIENTED_EDGE('',*,*,#1542,.T.);
#1170=CARTESIAN_POINT('',(-1.9812,0.0,0.0));
#1171=DIRECTION('',(1.0,0.0,0.0));
#1172=DIRECTION('',(0.0,1.0,0.0));
#1173=ORIENTED_EDGE('',*,*,#1567,.T.);
#1174=ORIENTED_EDGE('',*,*,#1568,.F.);
#1175=ORIENTED_EDGE('',*,*,#1543,.F.);
#1176=ORIENTED_EDGE('',*,*,#1439,.F.);
#1177=ORIENTED_EDGE('',*,*,#1569,.T.);
#1178=ORIENTED_EDGE('',*,*,#1570,.F.);
#1179=ORIENTED_EDGE('',*,*,#1571,.F.);
#1180=ORIENTED_EDGE('',*,*,#1431,.F.);
#1181=CARTESIAN_POINT('',(1.9812,1.397,-3.4417));
#1182=DIRECTION('',(0.0,0.0,1.0));
#1183=DIRECTION('',(1.0,0.0,0.0));
#1184=ORIENTED_EDGE('',*,*,#1432,.F.);
#1185=ORIENTED_EDGE('',*,*,#1571,.T.);
#1186=ORIENTED_EDGE('',*,*,#1572,.F.);
#1187=ORIENTED_EDGE('',*,*,#1573,.T.);
#1188=CARTESIAN_POINT('',(-0.4826,-1.397,0.4699));
#1189=DIRECTION('',(-1.0,0.0,0.0));
#1190=DIRECTION('',(0.0,0.0,1.0));
#1191=ORIENTED_EDGE('',*,*,#1573,.F.);
#1192=ORIENTED_EDGE('',*,*,#1574,.T.);
#1193=ORIENTED_EDGE('',*,*,#1575,.T.);
#1194=ORIENTED_EDGE('',*,*,#1437,.T.);
#1195=ORIENTED_EDGE('',*,*,#1576,.T.);
#1196=ORIENTED_EDGE('',*,*,#1365,.F.);
#1197=ORIENTED_EDGE('',*,*,#1577,.F.);
#1198=ORIENTED_EDGE('',*,*,#1433,.T.);
#1199=CARTESIAN_POINT('',(-1.016,-1.397,0.4699));
#1200=DIRECTION('',(0.0,0.0,-1.0));
#1201=DIRECTION('',(0.0,-1.0,0.0));
#1202=ORIENTED_EDGE('',*,*,#1577,.T.);
#1203=ORIENTED_EDGE('',*,*,#1368,.F.);
#1204=ORIENTED_EDGE('',*,*,#1578,.F.);
#1205=ORIENTED_EDGE('',*,*,#1434,.T.);
#1206=CARTESIAN_POINT('',(-1.016,-1.397,1.4859));
#1207=DIRECTION('',(-1.0,0.0,0.0));
#1208=DIRECTION('',(0.0,0.0,1.0));
#1209=ORIENTED_EDGE('',*,*,#1578,.T.);
#1210=ORIENTED_EDGE('',*,*,#1367,.F.);
#1211=ORIENTED_EDGE('',*,*,#1579,.F.);
#1212=ORIENTED_EDGE('',*,*,#1435,.T.);
#1213=CARTESIAN_POINT('',(1.016,-1.397,1.4859));
#1214=DIRECTION('',(0.0,0.0,1.0));
#1215=DIRECTION('',(1.0,0.0,0.0));
#1216=ORIENTED_EDGE('',*,*,#1579,.T.);
#1217=ORIENTED_EDGE('',*,*,#1366,.F.);
#1218=ORIENTED_EDGE('',*,*,#1576,.F.);
#1219=ORIENTED_EDGE('',*,*,#1436,.T.);
#1220=CARTESIAN_POINT('',(1.016,-1.397,0.4699));
#1221=DIRECTION('',(1.0,0.0,0.0));
#1222=DIRECTION('',(0.0,1.0,0.0));
#1223=ORIENTED_EDGE('',*,*,#1580,.F.);
#1224=ORIENTED_EDGE('',*,*,#1569,.F.);
#1225=ORIENTED_EDGE('',*,*,#1438,.T.);
#1226=ORIENTED_EDGE('',*,*,#1575,.F.);
#1227=CARTESIAN_POINT('',(0.4826,-1.397,-3.4417));
#1228=DIRECTION('',(1.0,0.0,0.0));
#1229=DIRECTION('',(0.0,1.0,0.0));
#1230=ORIENTED_EDGE('',*,*,#1572,.T.);
#1231=ORIENTED_EDGE('',*,*,#1570,.T.);
#1232=ORIENTED_EDGE('',*,*,#1580,.T.);
#1233=ORIENTED_EDGE('',*,*,#1574,.F.);
#1234=CARTESIAN_POINT('',(-3.8862,-1.016,1.9177));
#1235=DIRECTION('',(0.0,-1.0,0.0));
#1236=DIRECTION('',(0.0,0.0,-1.0));
#1237=ORIENTED_EDGE('',*,*,#1568,.T.);
#1238=ORIENTED_EDGE('',*,*,#1566,.T.);
#1239=ORIENTED_EDGE('',*,*,#1581,.F.);
#1240=ORIENTED_EDGE('',*,*,#1544,.F.);
#1241=CARTESIAN_POINT('',(1.9812,-1.905,-3.4417));
#1242=DIRECTION('',(0.0,-1.0,0.0));
#1243=DIRECTION('',(0.0,0.0,-1.0));
#1244=ORIENTED_EDGE('',*,*,#1581,.T.);
#1245=ORIENTED_EDGE('',*,*,#1565,.T.);
#1246=ORIENTED_EDGE('',*,*,#1582,.F.);
#1247=ORIENTED_EDGE('',*,*,#1545,.F.);
#1248=CARTESIAN_POINT('',(1.9812,0.0,-4.6609));
#1249=DIRECTION('',(-1.0,0.0,-0.0));
#1250=DIRECTION('',(0.0,0.0,-1.0));
#1251=ORIENTED_EDGE('',*,*,#1582,.T.);
#1252=ORIENTED_EDGE('',*,*,#1564,.T.);
#1253=ORIENTED_EDGE('',*,*,#1583,.F.);
#1254=ORIENTED_EDGE('',*,*,#1546,.F.);
#1255=CARTESIAN_POINT('',(1.9812,0.0,-6.5659));
#1256=DIRECTION('',(0.0,0.0,-1.0));
#1257=DIRECTION('',(0.0,-1.0,0.0));
#1258=ORIENTED_EDGE('',*,*,#1583,.T.);
#1259=ORIENTED_EDGE('',*,*,#1563,.T.);
#1260=ORIENTED_EDGE('',*,*,#1584,.F.);
#1261=ORIENTED_EDGE('',*,*,#1547,.F.);
#1262=CARTESIAN_POINT('',(1.9812,9.4234,-6.5659));
#1263=DIRECTION('',(-0.0,1.0,0.0));
#1264=DIRECTION('',(1.0,0.0,0.0));
#1265=ORIENTED_EDGE('',*,*,#1584,.T.);
#1266=ORIENTED_EDGE('',*,*,#1562,.T.);
#1267=ORIENTED_EDGE('',*,*,#1334,.F.);
#1268=ORIENTED_EDGE('',*,*,#1548,.F.);
#1269=CARTESIAN_POINT('',(1.9812,9.4234,-5.7785));
#1270=DIRECTION('',(0.0,0.548715219475823,0.836009334825634));
#1271=DIRECTION('',(1.0,-0.0,0.0));
#1272=ORIENTED_EDGE('',*,*,#1332,.T.);
#1273=ORIENTED_EDGE('',*,*,#1561,.T.);
#1274=ORIENTED_EDGE('',*,*,#1585,.F.);
#1275=ORIENTED_EDGE('',*,*,#1549,.F.);
#1276=CARTESIAN_POINT('',(1.9812,6.2992,-5.8547));
#1277=DIRECTION('',(-1.0,0.0,-0.0));
#1278=DIRECTION('',(0.0,0.0,-1.0));
#1279=ORIENTED_EDGE('',*,*,#1585,.T.);
#1280=ORIENTED_EDGE('',*,*,#1560,.T.);
#1281=ORIENTED_EDGE('',*,*,#1586,.F.);
#1282=ORIENTED_EDGE('',*,*,#1550,.F.);
#1283=CARTESIAN_POINT('',(1.9812,5.03630498810648,-4.60314888680802));
#1284=DIRECTION('',(0.0,-0.710289657983408,0.703909512481408));
#1285=DIRECTION('',(-1.0,0.0,0.0));
#1286=ORIENTED_EDGE('',*,*,#1586,.T.);
#1287=ORIENTED_EDGE('',*,*,#1559,.T.);
#1288=ORIENTED_EDGE('',*,*,#1587,.F.);
#1289=ORIENTED_EDGE('',*,*,#1551,.F.);
#1290=CARTESIAN_POINT('',(1.9812,3.0734,-3.9497));
#1291=DIRECTION('',(-1.0,0.0,-0.0));
#1292=DIRECTION('',(0.0,0.0,-1.0));
#1293=ORIENTED_EDGE('',*,*,#1587,.T.);
#1294=ORIENTED_EDGE('',*,*,#1558,.T.);
#1295=ORIENTED_EDGE('',*,*,#1588,.F.);
#1296=ORIENTED_EDGE('',*,*,#1552,.F.);
#1297=CARTESIAN_POINT('',(1.9812,3.0734,-5.8039));
#1298=DIRECTION('',(0.0,0.0,1.0));
#1299=DIRECTION('',(1.0,0.0,0.0));
#1300=ORIENTED_EDGE('',*,*,#1588,.T.);
#1301=ORIENTED_EDGE('',*,*,#1557,.T.);
#1302=ORIENTED_EDGE('',*,*,#1555,.F.);
#1303=ORIENTED_EDGE('',*,*,#1553,.F.);
#1304=CARTESIAN_POINT('',(1.9812,0.75178868555983,-5.0927));
#1305=DIRECTION('',(-1.0,0.0,-0.0));
#1306=DIRECTION('',(0.0,0.0,-1.0));
#1307=ORIENTED_EDGE('',*,*,#1514,.T.);
#1308=ORIENTED_EDGE('',*,*,#1445,.F.);
#1309=ORIENTED_EDGE('',*,*,#1527,.F.);
#1310=ORIENTED_EDGE('',*,*,#1523,.T.);
#1311=CARTESIAN_POINT('',(0.6604,-1.397,3.4417));
#1312=DIRECTION('',(-1.0,0.0,0.0));
#1313=DIRECTION('',(0.0,0.0,1.0));
#1314=ORIENTED_EDGE('',*,*,#1526,.T.);
#1315=ORIENTED_EDGE('',*,*,#1447,.T.);
#1316=ORIENTED_EDGE('',*,*,#1516,.F.);
#1317=ORIENTED_EDGE('',*,*,#1525,.F.);
#1318=CARTESIAN_POINT('',(-0.6604,-1.905,3.4417));
#1319=DIRECTION('',(1.0,0.0,0.0));
#1320=DIRECTION('',(0.0,1.0,0.0));
#1321=ORIENTED_EDGE('',*,*,#1393,.F.);
#1322=ORIENTED_EDGE('',*,*,#1389,.F.);
#1323=ORIENTED_EDGE('',*,*,#1398,.T.);
#1324=ORIENTED_EDGE('',*,*,#1396,.F.);
#1325=CARTESIAN_POINT('',(1.4097,12.7254,-1.8923));
#1326=DIRECTION('',(-0.0,1.0,0.0));
#1327=DIRECTION('',(1.0,0.0,0.0));
#1328=AXIS2_PLACEMENT_3D('',#1589,#1590,#1591);
#1329=AXIS2_PLACEMENT_3D('',#1592,#1593,#1594);
#1330=AXIS2_PLACEMENT_3D('',#1595,#1596,#1597);
#1331=AXIS2_PLACEMENT_3D('',#1598,#1599,#1600);
#1332=EDGE_CURVE('',#1601,#1602,#1603,.T.);
#1333=EDGE_CURVE('',#1604,#1601,#1605,.T.);
#1334=EDGE_CURVE('',#1604,#1606,#1607,.T.);
#1335=EDGE_CURVE('',#1606,#1602,#1608,.T.);
#1336=EDGE_CURVE('',#1609,#1610,#1611,.T.);
#1337=EDGE_CURVE('',#1612,#1609,#1613,.T.);
#1338=EDGE_CURVE('',#1614,#1612,#1615,.T.);
#1339=EDGE_CURVE('',#1610,#1614,#1616,.T.);
#1340=EDGE_CURVE('',#1617,#1618,#1619,.T.);
#1341=EDGE_CURVE('',#1620,#1617,#1621,.T.);
#1342=EDGE_CURVE('',#1622,#1620,#1623,.T.);
#1343=EDGE_CURVE('',#1624,#1622,#1625,.T.);
#1344=EDGE_CURVE('',#1626,#1624,#1627,.T.);
#1345=EDGE_CURVE('',#1628,#1626,#1629,.T.);
#1346=EDGE_CURVE('',#1630,#1628,#1631,.T.);
#1347=EDGE_CURVE('',#1632,#1630,#1633,.T.);
#1348=EDGE_CURVE('',#1634,#1632,#1635,.T.);
#1349=EDGE_CURVE('',#1636,#1634,#1637,.T.);
#1350=EDGE_CURVE('',#1636,#1618,#1638,.T.);
#1351=EDGE_CURVE('',#1614,#1639,#1640,.T.);
#1352=EDGE_CURVE('',#1641,#1639,#1642,.T.);
#1353=EDGE_CURVE('',#1610,#1641,#1643,.T.);
#1354=EDGE_CURVE('',#1634,#1644,#1645,.T.);
#1355=EDGE_CURVE('',#1646,#1644,#1647,.T.);
#1356=EDGE_CURVE('',#1648,#1646,#1649,.T.);
#1357=EDGE_CURVE('',#1650,#1648,#1651,.T.);
#1358=EDGE_CURVE('',#1609,#1650,#1652,.T.);
#1359=EDGE_CURVE('',#1641,#1653,#1654,.T.);
#1360=EDGE_CURVE('',#1653,#1636,#1655,.T.);
#1361=EDGE_CURVE('',#1656,#1657,#1658,.T.);
#1362=EDGE_CURVE('',#1659,#1657,#1660,.T.);
#1363=EDGE_CURVE('',#1661,#1659,#1662,.T.);
#1364=EDGE_CURVE('',#1661,#1656,#1663,.T.);
#1365=EDGE_CURVE('',#1664,#1665,#1666,.T.);
#1366=EDGE_CURVE('',#1665,#1667,#1668,.T.);
#1367=EDGE_CURVE('',#1667,#1669,#1670,.T.);
#1368=EDGE_CURVE('',#1669,#1664,#1671,.T.);
#1369=EDGE_CURVE('',#1672,#1673,#1674,.T.);
#1370=EDGE_CURVE('',#1675,#1673,#1676,.T.);
#1371=EDGE_CURVE('',#1677,#1675,#1678,.T.);
#1372=EDGE_CURVE('',#1677,#1672,#1679,.T.);
#1373=EDGE_CURVE('',#1680,#1681,#1682,.T.);
#1374=EDGE_CURVE('',#1672,#1680,#1683,.T.);
#1375=EDGE_CURVE('',#1684,#1677,#1685,.T.);
#1376=EDGE_CURVE('',#1686,#1684,#1687,.T.);
#1377=EDGE_CURVE('',#1686,#1681,#1688,.T.);
#1378=EDGE_CURVE('',#1689,#1690,#1691,.T.);
#1379=EDGE_CURVE('',#1692,#1689,#1693,.T.);
#1380=EDGE_CURVE('',#1694,#1692,#1695,.T.);
#1381=EDGE_CURVE('',#1696,#1694,#1697,.T.);
#1382=EDGE_CURVE('',#1696,#1698,#1699,.T.);
#1383=EDGE_CURVE('',#1700,#1698,#1701,.T.);
#1384=EDGE_CURVE('',#1702,#1700,#1703,.T.);
#1385=EDGE_CURVE('',#1704,#1702,#1705,.T.);
#1386=EDGE_CURVE('',#1706,#1704,#1707,.T.);
#1387=EDGE_CURVE('',#1706,#1690,#1708,.T.);
#1388=EDGE_CURVE('',#1709,#1686,#1710,.T.);
#1389=EDGE_CURVE('',#1709,#1711,#1712,.T.);
#1390=EDGE_CURVE('',#1681,#1711,#1713,.T.);
#1391=EDGE_CURVE('',#1714,#1715,#1716,.T.);
#1392=EDGE_CURVE('',#1680,#1714,#1717,.T.);
#1393=EDGE_CURVE('',#1711,#1718,#1719,.T.);
#1394=EDGE_CURVE('',#1718,#1715,#1720,.T.);
#1395=EDGE_CURVE('',#1715,#1721,#1722,.T.);
#1396=EDGE_CURVE('',#1718,#1723,#1724,.T.);
#1397=EDGE_CURVE('',#1721,#1723,#1725,.T.);
#1398=EDGE_CURVE('',#1709,#1723,#1726,.T.);
#1399=EDGE_CURVE('',#1684,#1727,#1728,.T.);
#1400=EDGE_CURVE('',#1721,#1727,#1729,.T.);
#1401=EDGE_CURVE('',#1727,#1675,#1730,.T.);
#1402=EDGE_CURVE('',#1673,#1714,#1731,.T.);
#1403=EDGE_CURVE('',#1732,#1733,#1734,.T.);
#1404=EDGE_CURVE('',#1733,#1735,#1736,.T.);
#1405=EDGE_CURVE('',#1735,#1737,#1738,.T.);
#1406=EDGE_CURVE('',#1737,#1739,#1740,.T.);
#1407=EDGE_CURVE('',#1741,#1739,#1742,.T.);
#1408=EDGE_CURVE('',#1741,#1743,#1744,.T.);
#1409=EDGE_CURVE('',#1743,#1745,#1746,.T.);
#1410=EDGE_CURVE('',#1745,#1747,#1748,.T.);
#1411=EDGE_CURVE('',#1747,#1749,#1750,.T.);
#1412=EDGE_CURVE('',#1749,#1732,#1751,.T.);
#1413=EDGE_CURVE('',#1698,#1739,#1752,.T.);
#1414=EDGE_CURVE('',#1700,#1737,#1753,.T.);
#1415=EDGE_CURVE('',#1702,#1735,#1754,.T.);
#1416=EDGE_CURVE('',#1704,#1733,#1755,.T.);
#1417=EDGE_CURVE('',#1756,#1757,#1758,.T.);
#1418=EDGE_CURVE('',#1756,#1706,#1759,.T.);
#1419=EDGE_CURVE('',#1732,#1757,#1760,.T.);
#1420=EDGE_CURVE('',#1761,#1749,#1762,.T.);
#1421=EDGE_CURVE('',#1761,#1757,#1763,.T.);
#1422=EDGE_CURVE('',#1764,#1761,#1765,.T.);
#1423=EDGE_CURVE('',#1756,#1764,#1766,.T.);
#1424=EDGE_CURVE('',#1690,#1764,#1767,.T.);
#1425=EDGE_CURVE('',#1689,#1747,#1768,.T.);
#1426=EDGE_CURVE('',#1692,#1745,#1769,.T.);
#1427=EDGE_CURVE('',#1694,#1743,#1770,.T.);
#1428=EDGE_CURVE('',#1696,#1741,#1771,.T.);
#1429=EDGE_CURVE('',#1639,#1772,#1773,.T.);
#1430=EDGE_CURVE('',#1612,#1774,#1775,.T.);
#1431=EDGE_CURVE('',#1774,#1776,#1777,.T.);
#1432=EDGE_CURVE('',#1776,#1778,#1779,.T.);
#1433=EDGE_CURVE('',#1780,#1778,#1781,.T.);
#1434=EDGE_CURVE('',#1782,#1780,#1783,.T.);
#1435=EDGE_CURVE('',#1784,#1782,#1785,.T.);
#1436=EDGE_CURVE('',#1786,#1784,#1787,.T.);
#1437=EDGE_CURVE('',#1788,#1786,#1789,.T.);
#1438=EDGE_CURVE('',#1790,#1788,#1791,.T.);
#1439=EDGE_CURVE('',#1790,#1792,#1793,.T.);
#1440=EDGE_CURVE('',#1792,#1794,#1795,.T.);
#1441=EDGE_CURVE('',#1796,#1794,#1797,.T.);
#1442=EDGE_CURVE('',#1798,#1796,#1799,.T.);
#1443=EDGE_CURVE('',#1800,#1798,#1801,.T.);
#1444=EDGE_CURVE('',#1800,#1802,#1803,.T.);
#1445=EDGE_CURVE('',#1802,#1804,#1805,.T.);
#1446=EDGE_CURVE('',#1806,#1804,#1807,.T.);
#1447=EDGE_CURVE('',#1808,#1806,#1809,.T.);
#1448=EDGE_CURVE('',#1808,#1810,#1811,.T.);
#1449=EDGE_CURVE('',#1810,#1812,#1813,.T.);
#1450=EDGE_CURVE('',#1617,#1812,#1814,.T.);
#1451=EDGE_CURVE('',#1618,#1772,#1815,.T.);
#1452=EDGE_CURVE('',#1816,#1817,#1818,.T.);
#1453=EDGE_CURVE('',#1817,#1819,#1820,.T.);
#1454=EDGE_CURVE('',#1821,#1819,#1822,.T.);
#1455=EDGE_CURVE('',#1816,#1821,#1823,.T.);
#1456=EDGE_CURVE('',#1824,#1825,#1826,.T.);
#1457=EDGE_CURVE('',#1656,#1824,#1827,.T.);
#1458=EDGE_CURVE('',#1828,#1661,#1829,.T.);
#1459=EDGE_CURVE('',#1830,#1828,#1831,.T.);
#1460=EDGE_CURVE('',#1830,#1825,#1832,.T.);
#1461=EDGE_CURVE('',#1833,#1834,#1835,.T.);
#1462=EDGE_CURVE('',#1836,#1833,#1837,.T.);
#1463=EDGE_CURVE('',#1838,#1836,#1839,.T.);
#1464=EDGE_CURVE('',#1816,#1838,#1840,.T.);
#1465=EDGE_CURVE('',#1841,#1821,#1842,.T.);
#1466=EDGE_CURVE('',#1843,#1841,#1844,.T.);
#1467=EDGE_CURVE('',#1845,#1843,#1846,.T.);
#1468=EDGE_CURVE('',#1847,#1845,#1848,.T.);
#1469=EDGE_CURVE('',#1847,#1834,#1849,.T.);
#1470=EDGE_CURVE('',#1850,#1830,#1851,.T.);
#1471=EDGE_CURVE('',#1850,#1852,#1853,.T.);
#1472=EDGE_CURVE('',#1825,#1852,#1854,.T.);
#1473=EDGE_CURVE('',#1855,#1856,#1857,.T.);
#1474=EDGE_CURVE('',#1824,#1855,#1858,.T.);
#1475=EDGE_CURVE('',#1852,#1859,#1860,.T.);
#1476=EDGE_CURVE('',#1859,#1856,#1861,.T.);
#1477=EDGE_CURVE('',#1856,#1862,#1863,.T.);
#1478=EDGE_CURVE('',#1859,#1864,#1865,.T.);
#1479=EDGE_CURVE('',#1862,#1864,#1866,.T.);
#1480=EDGE_CURVE('',#1850,#1864,#1867,.T.);
#1481=EDGE_CURVE('',#1828,#1868,#1869,.T.);
#1482=EDGE_CURVE('',#1862,#1868,#1870,.T.);
#1483=EDGE_CURVE('',#1868,#1659,#1871,.T.);
#1484=EDGE_CURVE('',#1657,#1855,#1872,.T.);
#1485=EDGE_CURVE('',#1873,#1874,#1875,.T.);
#1486=EDGE_CURVE('',#1874,#1876,#1877,.T.);
#1487=EDGE_CURVE('',#1876,#1878,#1879,.T.);
#1488=EDGE_CURVE('',#1878,#1819,#1880,.T.);
#1489=EDGE_CURVE('',#1817,#1881,#1882,.T.);
#1490=EDGE_CURVE('',#1881,#1883,#1884,.T.);
#1491=EDGE_CURVE('',#1883,#1885,#1886,.T.);
#1492=EDGE_CURVE('',#1885,#1887,#1888,.T.);
#1493=EDGE_CURVE('',#1887,#1873,#1889,.T.);
#1494=EDGE_CURVE('',#1841,#1878,#1890,.T.);
#1495=EDGE_CURVE('',#1843,#1876,#1891,.T.);
#1496=EDGE_CURVE('',#1845,#1874,#1892,.T.);
#1497=EDGE_CURVE('',#1893,#1894,#1895,.T.);
#1498=EDGE_CURVE('',#1893,#1847,#1896,.T.);
#1499=EDGE_CURVE('',#1873,#1894,#1897,.T.);
#1500=EDGE_CURVE('',#1898,#1887,#1899,.T.);
#1501=EDGE_CURVE('',#1898,#1894,#1900,.T.);
#1502=EDGE_CURVE('',#1901,#1898,#1902,.T.);
#1503=EDGE_CURVE('',#1893,#1901,#1903,.T.);
#1504=EDGE_CURVE('',#1834,#1901,#1904,.T.);
#1505=EDGE_CURVE('',#1833,#1885,#1905,.T.);
#1506=EDGE_CURVE('',#1836,#1883,#1906,.T.);
#1507=EDGE_CURVE('',#1838,#1881,#1907,.T.);
#1508=EDGE_CURVE('',#1653,#1772,#1908,.T.);
#1509=EDGE_CURVE('',#1909,#1796,#1910,.T.);
#1510=EDGE_CURVE('',#1911,#1909,#1912,.T.);
#1511=EDGE_CURVE('',#1911,#1798,#1913,.T.);
#1512=EDGE_CURVE('',#1620,#1914,#1915,.T.);
#1513=EDGE_CURVE('',#1914,#1812,#1916,.T.);
#1514=EDGE_CURVE('',#1917,#1804,#1918,.T.);
#1515=EDGE_CURVE('',#1919,#1917,#1920,.T.);
#1516=EDGE_CURVE('',#1919,#1806,#1921,.T.);
#1517=EDGE_CURVE('',#1922,#1800,#1923,.T.);
#1518=EDGE_CURVE('',#1922,#1911,#1924,.T.);
#1519=EDGE_CURVE('',#1925,#1909,#1926,.T.);
#1520=EDGE_CURVE('',#1922,#1925,#1927,.T.);
#1521=EDGE_CURVE('',#1622,#1928,#1929,.T.);
#1522=EDGE_CURVE('',#1928,#1914,#1930,.T.);
#1523=EDGE_CURVE('',#1931,#1917,#1932,.T.);
#1524=EDGE_CURVE('',#1933,#1931,#1934,.T.);
#1525=EDGE_CURVE('',#1933,#1919,#1935,.T.);
#1526=EDGE_CURVE('',#1933,#1808,#1936,.T.);
#1527=EDGE_CURVE('',#1931,#1802,#1937,.T.);
#1528=EDGE_CURVE('',#1938,#1925,#1939,.T.);
#1529=EDGE_CURVE('',#1624,#1938,#1940,.T.);
#1530=EDGE_CURVE('',#1928,#1810,#1941,.T.);
#1531=EDGE_CURVE('',#1942,#1938,#1943,.T.);
#1532=EDGE_CURVE('',#1626,#1942,#1944,.T.);
#1533=EDGE_CURVE('',#1945,#1942,#1946,.T.);
#1534=EDGE_CURVE('',#1628,#1945,#1947,.T.);
#1535=EDGE_CURVE('',#1948,#1945,#1949,.T.);
#1536=EDGE_CURVE('',#1630,#1948,#1950,.T.);
#1537=EDGE_CURVE('',#1951,#1948,#1952,.T.);
#1538=EDGE_CURVE('',#1632,#1951,#1953,.T.);
#1539=EDGE_CURVE('',#1644,#1951,#1954,.T.);
#1540=EDGE_CURVE('',#1794,#1646,#1955,.T.);
#1541=EDGE_CURVE('',#1792,#1648,#1956,.T.);
#1542=EDGE_CURVE('',#1774,#1650,#1957,.T.);
#1543=EDGE_CURVE('',#1792,#1958,#1959,.T.);
#1544=EDGE_CURVE('',#1958,#1960,#1961,.T.);
#1545=EDGE_CURVE('',#1960,#1962,#1963,.T.);
#1546=EDGE_CURVE('',#1962,#1964,#1965,.T.);
#1547=EDGE_CURVE('',#1964,#1966,#1967,.T.);
#1548=EDGE_CURVE('',#1966,#1604,#1968,.T.);
#1549=EDGE_CURVE('',#1601,#1969,#1970,.T.);
#1550=EDGE_CURVE('',#1969,#1971,#1972,.T.);
#1551=EDGE_CURVE('',#1971,#1973,#1974,.T.);
#1552=EDGE_CURVE('',#1973,#1975,#1976,.T.);
#1553=EDGE_CURVE('',#1975,#1977,#1978,.T.);
#1554=EDGE_CURVE('',#1977,#1648,#1979,.T.);
#1555=EDGE_CURVE('',#1977,#1980,#1981,.T.);
#1556=EDGE_CURVE('',#1980,#1650,#1982,.T.);
#1557=EDGE_CURVE('',#1983,#1980,#1984,.T.);
#1558=EDGE_CURVE('',#1985,#1983,#1986,.T.);
#1559=EDGE_CURVE('',#1987,#1985,#1988,.T.);
#1560=EDGE_CURVE('',#1989,#1987,#1990,.T.);
#1561=EDGE_CURVE('',#1602,#1989,#1991,.T.);
#1562=EDGE_CURVE('',#1992,#1606,#1993,.T.);
#1563=EDGE_CURVE('',#1994,#1992,#1995,.T.);
#1564=EDGE_CURVE('',#1996,#1994,#1997,.T.);
#1565=EDGE_CURVE('',#1998,#1996,#1999,.T.);
#1566=EDGE_CURVE('',#2000,#1998,#2001,.T.);
#1567=EDGE_CURVE('',#1774,#2000,#2002,.T.);
#1568=EDGE_CURVE('',#1958,#2000,#2003,.T.);
#1569=EDGE_CURVE('',#1790,#2004,#2005,.T.);
#1570=EDGE_CURVE('',#2006,#2004,#2007,.T.);
#1571=EDGE_CURVE('',#1776,#2006,#2008,.T.);
#1572=EDGE_CURVE('',#2009,#2006,#2010,.T.);
#1573=EDGE_CURVE('',#2009,#1778,#2011,.T.);
#1574=EDGE_CURVE('',#2009,#2012,#2013,.T.);
#1575=EDGE_CURVE('',#2012,#1788,#2014,.T.);
#1576=EDGE_CURVE('',#1786,#1665,#2015,.T.);
#1577=EDGE_CURVE('',#1780,#1664,#2016,.T.);
#1578=EDGE_CURVE('',#1782,#1669,#2017,.T.);
#1579=EDGE_CURVE('',#1784,#1667,#2018,.T.);
#1580=EDGE_CURVE('',#2004,#2012,#2019,.T.);
#1581=EDGE_CURVE('',#1960,#1998,#2020,.T.);
#1582=EDGE_CURVE('',#1962,#1996,#2021,.T.);
#1583=EDGE_CURVE('',#1964,#1994,#2022,.T.);
#1584=EDGE_CURVE('',#1966,#1992,#2023,.T.);
#1585=EDGE_CURVE('',#1969,#1989,#2024,.T.);
#1586=EDGE_CURVE('',#1971,#1987,#2025,.T.);
#1587=EDGE_CURVE('',#1973,#1985,#2026,.T.);
#1588=EDGE_CURVE('',#1975,#1983,#2027,.T.);
#1589=CARTESIAN_POINT('',(1.9939,-7.3152,3.4417));
#1590=DIRECTION('',(0.0,0.0,1.0));
#1591=DIRECTION('',(1.0,0.0,0.0));
#1592=CARTESIAN_POINT('',(1.9939,-7.3152,3.4417));
#1593=DIRECTION('',(0.0,0.0,1.0));
#1594=DIRECTION('',(-1.0,0.0,0.0));
#1595=CARTESIAN_POINT('',(-1.9685,-7.3152,3.4417));
#1596=DIRECTION('',(0.0,0.0,1.0));
#1597=DIRECTION('',(1.0,0.0,0.0));
#1598=CARTESIAN_POINT('',(-1.9685,-7.3152,3.4417));
#1599=DIRECTION('',(0.0,0.0,1.0));
#1600=DIRECTION('',(-1.0,0.0,0.0));
#1601=VERTEX_POINT('',#2028);
#1602=VERTEX_POINT('',#2029);
#1603=LINE('',#2030,#2031);
#1604=VERTEX_POINT('',#2032);
#1605=CIRCLE('',#2033,1.778);
#1606=VERTEX_POINT('',#2034);
#1607=LINE('',#2035,#2036);
#1608=CIRCLE('',#2037,1.778);
#1609=VERTEX_POINT('',#2038);
#1610=VERTEX_POINT('',#2039);
#1611=LINE('',#2040,#2041);
#1612=VERTEX_POINT('',#2042);
#1613=LINE('',#2043,#2044);
#1614=VERTEX_POINT('',#2045);
#1615=LINE('',#2046,#2047);
#1616=LINE('',#2048,#2049);
#1617=VERTEX_POINT('',#2050);
#1618=VERTEX_POINT('',#2051);
#1619=LINE('',#2052,#2053);
#1620=VERTEX_POINT('',#2054);
#1621=LINE('',#2055,#2056);
#1622=VERTEX_POINT('',#2057);
#1623=LINE('',#2058,#2059);
#1624=VERTEX_POINT('',#2060);
#1625=LINE('',#2061,#2062);
#1626=VERTEX_POINT('',#2063);
#1627=LINE('',#2064,#2065);
#1628=VERTEX_POINT('',#2066);
#1629=LINE('',#2067,#2068);
#1630=VERTEX_POINT('',#2069);
#1631=CIRCLE('',#2070,1.36183076923065);
#1632=VERTEX_POINT('',#2071);
#1633=LINE('',#2072,#2073);
#1634=VERTEX_POINT('',#2074);
#1635=LINE('',#2075,#2076);
#1636=VERTEX_POINT('',#2077);
#1637=LINE('',#2078,#2079);
#1638=LINE('',#2080,#2081);
#1639=VERTEX_POINT('',#2082);
#1640=LINE('',#2083,#2084);
#1641=VERTEX_POINT('',#2085);
#1642=LINE('',#2086,#2087);
#1643=LINE('',#2088,#2089);
#1644=VERTEX_POINT('',#2090);
#1645=LINE('',#2091,#2092);
#1646=VERTEX_POINT('',#2093);
#1647=LINE('',#2094,#2095);
#1648=VERTEX_POINT('',#2096);
#1649=LINE('',#2097,#2098);
#1650=VERTEX_POINT('',#2099);
#1651=LINE('',#2100,#2101);
#1652=LINE('',#2102,#2103);
#1653=VERTEX_POINT('',#2104);
#1654=LINE('',#2105,#2106);
#1655=LINE('',#2107,#2108);
#1656=VERTEX_POINT('',#2109);
#1657=VERTEX_POINT('',#2110);
#1658=LINE('',#2111,#2112);
#1659=VERTEX_POINT('',#2113);
#1660=LINE('',#2114,#2115);
#1661=VERTEX_POINT('',#2116);
#1662=LINE('',#2117,#2118);
#1663=LINE('',#2119,#2120);
#1664=VERTEX_POINT('',#2121);
#1665=VERTEX_POINT('',#2122);
#1666=LINE('',#2123,#2124);
#1667=VERTEX_POINT('',#2125);
#1668=LINE('',#2126,#2127);
#1669=VERTEX_POINT('',#2128);
#1670=LINE('',#2129,#2130);
#1671=LINE('',#2131,#2132);
#1672=VERTEX_POINT('',#2133);
#1673=VERTEX_POINT('',#2134);
#1674=LINE('',#2135,#2136);
#1675=VERTEX_POINT('',#2137);
#1676=LINE('',#2138,#2139);
#1677=VERTEX_POINT('',#2140);
#1678=LINE('',#2141,#2142);
#1679=LINE('',#2143,#2144);
#1680=VERTEX_POINT('',#2145);
#1681=VERTEX_POINT('',#2146);
#1682=LINE('',#2147,#2148);
#1683=LINE('',#2149,#2150);
#1684=VERTEX_POINT('',#2151);
#1685=LINE('',#2152,#2153);
#1686=VERTEX_POINT('',#2154);
#1687=LINE('',#2155,#2156);
#1688=LINE('',#2157,#2158);
#1689=VERTEX_POINT('',#2159);
#1690=VERTEX_POINT('',#2160);
#1691=LINE('',#2161,#2162);
#1692=VERTEX_POINT('',#2163);
#1693=LINE('',#2164,#2165);
#1694=VERTEX_POINT('',#2166);
#1695=CIRCLE('',#2167,1.524);
#1696=VERTEX_POINT('',#2168);
#1697=LINE('',#2169,#2170);
#1698=VERTEX_POINT('',#2171);
#1699=LINE('',#2172,#2173);
#1700=VERTEX_POINT('',#2174);
#1701=LINE('',#2175,#2176);
#1702=VERTEX_POINT('',#2177);
#1703=CIRCLE('',#2178,2.6416);
#1704=VERTEX_POINT('',#2179);
#1705=LINE('',#2180,#2181);
#1706=VERTEX_POINT('',#2182);
#1707=LINE('',#2183,#2184);
#1708=LINE('',#2185,#2186);
#1709=VERTEX_POINT('',#2187);
#1710=LINE('',#2188,#2189);
#1711=VERTEX_POINT('',#2190);
#1712=LINE('',#2191,#2192);
#1713=LINE('',#2193,#2194);
#1714=VERTEX_POINT('',#2195);
#1715=VERTEX_POINT('',#2196);
#1716=LINE('',#2197,#2198);
#1717=LINE('',#2199,#2200);
#1718=VERTEX_POINT('',#2201);
#1719=LINE('',#2202,#2203);
#1720=LINE('',#2204,#2205);
#1721=VERTEX_POINT('',#2206);
#1722=LINE('',#2207,#2208);
#1723=VERTEX_POINT('',#2209);
#1724=LINE('',#2210,#2211);
#1725=LINE('',#2212,#2213);
#1726=LINE('',#2214,#2215);
#1727=VERTEX_POINT('',#2216);
#1728=LINE('',#2217,#2218);
#1729=LINE('',#2219,#2220);
#1730=LINE('',#2221,#2222);
#1731=LINE('',#2223,#2224);
#1732=VERTEX_POINT('',#2225);
#1733=VERTEX_POINT('',#2226);
#1734=LINE('',#2227,#2228);
#1735=VERTEX_POINT('',#2229);
#1736=LINE('',#2230,#2231);
#1737=VERTEX_POINT('',#2232);
#1738=CIRCLE('',#2233,2.6416);
#1739=VERTEX_POINT('',#2234);
#1740=LINE('',#2235,#2236);
#1741=VERTEX_POINT('',#2237);
#1742=LINE('',#2238,#2239);
#1743=VERTEX_POINT('',#2240);
#1744=LINE('',#2241,#2242);
#1745=VERTEX_POINT('',#2243);
#1746=CIRCLE('',#2244,1.524);
#1747=VERTEX_POINT('',#2245);
#1748=LINE('',#2246,#2247);
#1749=VERTEX_POINT('',#2248);
#1750=LINE('',#2249,#2250);
#1751=LINE('',#2251,#2252);
#1752=LINE('',#2253,#2254);
#1753=LINE('',#2255,#2256);
#1754=LINE('',#2257,#2258);
#1755=LINE('',#2259,#2260);
#1756=VERTEX_POINT('',#2261);
#1757=VERTEX_POINT('',#2262);
#1758=LINE('',#2263,#2264);
#1759=LINE('',#2265,#2266);
#1760=LINE('',#2267,#2268);
#1761=VERTEX_POINT('',#2269);
#1762=LINE('',#2270,#2271);
#1763=LINE('',#2272,#2273);
#1764=VERTEX_POINT('',#2274);
#1765=LINE('',#2275,#2276);
#1766=LINE('',#2277,#2278);
#1767=LINE('',#2279,#2280);
#1768=LINE('',#2281,#2282);
#1769=LINE('',#2283,#2284);
#1770=LINE('',#2285,#2286);
#1771=LINE('',#2287,#2288);
#1772=VERTEX_POINT('',#2289);
#1773=LINE('',#2290,#2291);
#1774=VERTEX_POINT('',#2292);
#1775=LINE('',#2293,#2294);
#1776=VERTEX_POINT('',#2295);
#1777=LINE('',#2296,#2297);
#1778=VERTEX_POINT('',#2298);
#1779=LINE('',#2299,#2300);
#1780=VERTEX_POINT('',#2301);
#1781=LINE('',#2302,#2303);
#1782=VERTEX_POINT('',#2304);
#1783=LINE('',#2305,#2306);
#1784=VERTEX_POINT('',#2307);
#1785=LINE('',#2308,#2309);
#1786=VERTEX_POINT('',#2310);
#1787=LINE('',#2311,#2312);
#1788=VERTEX_POINT('',#2313);
#1789=LINE('',#2314,#2315);
#1790=VERTEX_POINT('',#2316);
#1791=LINE('',#2317,#2318);
#1792=VERTEX_POINT('',#2319);
#1793=LINE('',#2320,#2321);
#1794=VERTEX_POINT('',#2322);
#1795=LINE('',#2323,#2324);
#1796=VERTEX_POINT('',#2325);
#1797=LINE('',#2326,#2327);
#1798=VERTEX_POINT('',#2328);
#1799=LINE('',#2329,#2330);
#1800=VERTEX_POINT('',#2331);
#1801=LINE('',#2332,#2333);
#1802=VERTEX_POINT('',#2334);
#1803=LINE('',#2335,#2336);
#1804=VERTEX_POINT('',#2337);
#1805=LINE('',#2338,#2339);
#1806=VERTEX_POINT('',#2340);
#1807=LINE('',#2341,#2342);
#1808=VERTEX_POINT('',#2343);
#1809=LINE('',#2344,#2345);
#1810=VERTEX_POINT('',#2346);
#1811=LINE('',#2347,#2348);
#1812=VERTEX_POINT('',#2349);
#1813=LINE('',#2350,#2351);
#1814=LINE('',#2352,#2353);
#1815=LINE('',#2354,#2355);
#1816=VERTEX_POINT('',#2356);
#1817=VERTEX_POINT('',#2357);
#1818=LINE('',#2358,#2359);
#1819=VERTEX_POINT('',#2360);
#1820=LINE('',#2361,#2362);
#1821=VERTEX_POINT('',#2363);
#1822=LINE('',#2364,#2365);
#1823=LINE('',#2366,#2367);
#1824=VERTEX_POINT('',#2368);
#1825=VERTEX_POINT('',#2369);
#1826=LINE('',#2370,#2371);
#1827=LINE('',#2372,#2373);
#1828=VERTEX_POINT('',#2374);
#1829=LINE('',#2375,#2376);
#1830=VERTEX_POINT('',#2377);
#1831=LINE('',#2378,#2379);
#1832=LINE('',#2380,#2381);
#1833=VERTEX_POINT('',#2382);
#1834=VERTEX_POINT('',#2383);
#1835=LINE('',#2384,#2385);
#1836=VERTEX_POINT('',#2386);
#1837=LINE('',#2387,#2388);
#1838=VERTEX_POINT('',#2389);
#1839=CIRCLE('',#2390,1.524);
#1840=LINE('',#2391,#2392);
#1841=VERTEX_POINT('',#2393);
#1842=LINE('',#2394,#2395);
#1843=VERTEX_POINT('',#2396);
#1844=CIRCLE('',#2397,2.6416);
#1845=VERTEX_POINT('',#2398);
#1846=LINE('',#2399,#2400);
#1847=VERTEX_POINT('',#2401);
#1848=LINE('',#2402,#2403);
#1849=LINE('',#2404,#2405);
#1850=VERTEX_POINT('',#2406);
#1851=LINE('',#2407,#2408);
#1852=VERTEX_POINT('',#2409);
#1853=LINE('',#2410,#2411);
#1854=LINE('',#2412,#2413);
#1855=VERTEX_POINT('',#2414);
#1856=VERTEX_POINT('',#2415);
#1857=LINE('',#2416,#2417);
#1858=LINE('',#2418,#2419);
#1859=VERTEX_POINT('',#2420);
#1860=LINE('',#2421,#2422);
#1861=LINE('',#2423,#2424);
#1862=VERTEX_POINT('',#2425);
#1863=LINE('',#2426,#2427);
#1864=VERTEX_POINT('',#2428);
#1865=LINE('',#2429,#2430);
#1866=LINE('',#2431,#2432);
#1867=LINE('',#2433,#2434);
#1868=VERTEX_POINT('',#2435);
#1869=LINE('',#2436,#2437);
#1870=LINE('',#2438,#2439);
#1871=LINE('',#2440,#2441);
#1872=LINE('',#2442,#2443);
#1873=VERTEX_POINT('',#2444);
#1874=VERTEX_POINT('',#2445);
#1875=LINE('',#2446,#2447);
#1876=VERTEX_POINT('',#2448);
#1877=LINE('',#2449,#2450);
#1878=VERTEX_POINT('',#2451);
#1879=CIRCLE('',#2452,2.6416);
#1880=LINE('',#2453,#2454);
#1881=VERTEX_POINT('',#2455);
#1882=LINE('',#2456,#2457);
#1883=VERTEX_POINT('',#2458);
#1884=CIRCLE('',#2459,1.524);
#1885=VERTEX_POINT('',#2460);
#1886=LINE('',#2461,#2462);
#1887=VERTEX_POINT('',#2463);
#1888=LINE('',#2464,#2465);
#1889=LINE('',#2466,#2467);
#1890=LINE('',#2468,#2469);
#1891=LINE('',#2470,#2471);
#1892=LINE('',#2472,#2473);
#1893=VERTEX_POINT('',#2474);
#1894=VERTEX_POINT('',#2475);
#1895=LINE('',#2476,#2477);
#1896=LINE('',#2478,#2479);
#1897=LINE('',#2480,#2481);
#1898=VERTEX_POINT('',#2482);
#1899=LINE('',#2483,#2484);
#1900=LINE('',#2485,#2486);
#1901=VERTEX_POINT('',#2487);
#1902=LINE('',#2488,#2489);
#1903=LINE('',#2490,#2491);
#1904=LINE('',#2492,#2493);
#1905=LINE('',#2494,#2495);
#1906=LINE('',#2496,#2497);
#1907=LINE('',#2498,#2499);
#1908=LINE('',#2500,#2501);
#1909=VERTEX_POINT('',#2502);
#1910=LINE('',#2503,#2504);
#1911=VERTEX_POINT('',#2505);
#1912=LINE('',#2506,#2507);
#1913=LINE('',#2508,#2509);
#1914=VERTEX_POINT('',#2510);
#1915=LINE('',#2511,#2512);
#1916=LINE('',#2513,#2514);
#1917=VERTEX_POINT('',#2515);
#1918=LINE('',#2516,#2517);
#1919=VERTEX_POINT('',#2518);
#1920=LINE('',#2519,#2520);
#1921=LINE('',#2521,#2522);
#1922=VERTEX_POINT('',#2523);
#1923=LINE('',#2524,#2525);
#1924=LINE('',#2526,#2527);
#1925=VERTEX_POINT('',#2528);
#1926=LINE('',#2529,#2530);
#1927=LINE('',#2531,#2532);
#1928=VERTEX_POINT('',#2533);
#1929=LINE('',#2534,#2535);
#1930=LINE('',#2536,#2537);
#1931=VERTEX_POINT('',#2538);
#1932=LINE('',#2539,#2540);
#1933=VERTEX_POINT('',#2541);
#1934=LINE('',#2542,#2543);
#1935=LINE('',#2544,#2545);
#1936=LINE('',#2546,#2547);
#1937=LINE('',#2548,#2549);
#1938=VERTEX_POINT('',#2550);
#1939=LINE('',#2551,#2552);
#1940=LINE('',#2553,#2554);
#1941=LINE('',#2555,#2556);
#1942=VERTEX_POINT('',#2557);
#1943=LINE('',#2558,#2559);
#1944=LINE('',#2560,#2561);
#1945=VERTEX_POINT('',#2562);
#1946=LINE('',#2563,#2564);
#1947=LINE('',#2565,#2566);
#1948=VERTEX_POINT('',#2567);
#1949=CIRCLE('',#2568,1.36183076923065);
#1950=LINE('',#2569,#2570);
#1951=VERTEX_POINT('',#2571);
#1952=LINE('',#2572,#2573);
#1953=LINE('',#2574,#2575);
#1954=LINE('',#2576,#2577);
#1955=LINE('',#2578,#2579);
#1956=LINE('',#2580,#2581);
#1957=LINE('',#2582,#2583);
#1958=VERTEX_POINT('',#2584);
#1959=LINE('',#2585,#2586);
#1960=VERTEX_POINT('',#2587);
#1961=LINE('',#2588,#2589);
#1962=VERTEX_POINT('',#2590);
#1963=CIRCLE('',#2591,1.905);
#1964=VERTEX_POINT('',#2592);
#1965=LINE('',#2593,#2594);
#1966=VERTEX_POINT('',#2595);
#1967=LINE('',#2596,#2597);
#1968=LINE('',#2598,#2599);
#1969=VERTEX_POINT('',#2600);
#1970=CIRCLE('',#2601,1.778);
#1971=VERTEX_POINT('',#2602);
#1972=LINE('',#2603,#2604);
#1973=VERTEX_POINT('',#2605);
#1974=CIRCLE('',#2606,1.8542);
#1975=VERTEX_POINT('',#2607);
#1976=LINE('',#2608,#2609);
#1977=VERTEX_POINT('',#2610);
#1978=CIRCLE('',#2611,0.7112);
#1979=LINE('',#2612,#2613);
#1980=VERTEX_POINT('',#2614);
#1981=LINE('',#2615,#2616);
#1982=LINE('',#2617,#2618);
#1983=VERTEX_POINT('',#2619);
#1984=CIRCLE('',#2620,0.7112);
#1985=VERTEX_POINT('',#2621);
#1986=LINE('',#2622,#2623);
#1987=VERTEX_POINT('',#2624);
#1988=CIRCLE('',#2625,1.8542);
#1989=VERTEX_POINT('',#2626);
#1990=LINE('',#2627,#2628);
#1991=CIRCLE('',#2629,1.778);
#1992=VERTEX_POINT('',#2630);
#1993=LINE('',#2631,#2632);
#1994=VERTEX_POINT('',#2633);
#1995=LINE('',#2634,#2635);
#1996=VERTEX_POINT('',#2636);
#1997=LINE('',#2637,#2638);
#1998=VERTEX_POINT('',#2639);
#1999=CIRCLE('',#2640,1.905);
#2000=VERTEX_POINT('',#2641);
#2001=LINE('',#2642,#2643);
#2002=LINE('',#2644,#2645);
#2003=LINE('',#2646,#2647);
#2004=VERTEX_POINT('',#2648);
#2005=LINE('',#2649,#2650);
#2006=VERTEX_POINT('',#2651);
#2007=LINE('',#2652,#2653);
#2008=LINE('',#2654,#2655);
#2009=VERTEX_POINT('',#2656);
#2010=LINE('',#2657,#2658);
#2011=LINE('',#2659,#2660);
#2012=VERTEX_POINT('',#2661);
#2013=LINE('',#2662,#2663);
#2014=LINE('',#2664,#2665);
#2015=LINE('',#2666,#2667);
#2016=LINE('',#2668,#2669);
#2017=LINE('',#2670,#2671);
#2018=LINE('',#2672,#2673);
#2019=LINE('',#2674,#2675);
#2020=LINE('',#2676,#2677);
#2021=LINE('',#2678,#2679);
#2022=LINE('',#2680,#2681);
#2023=LINE('',#2682,#2683);
#2024=LINE('',#2684,#2685);
#2025=LINE('',#2686,#2687);
#2026=LINE('',#2688,#2689);
#2027=LINE('',#2690,#2691);
#2028=CARTESIAN_POINT('',(1.9812,6.2992,-4.0767));
#2029=CARTESIAN_POINT('',(-1.9812,6.2992,-4.0767));
#2030=CARTESIAN_POINT('',(0.0,6.2992,-4.0767));
#2031=VECTOR('',#2692,1.0);
#2032=CARTESIAN_POINT('',(1.9812,7.27481566022782,-4.36827540267988));
#2033=AXIS2_PLACEMENT_3D('',#2693,#2694,#2695);
#2034=CARTESIAN_POINT('',(-1.9812,7.27481566022782,-4.36827540267988));
#2035=CARTESIAN_POINT('',(1.9812,7.27481566022782,-4.36827540267988));
#2036=VECTOR('',#2696,3.9624);
#2037=AXIS2_PLACEMENT_3D('',#2697,#2698,#2699);
#2038=CARTESIAN_POINT('',(-3.8862,1.397,-3.4417));
#2039=CARTESIAN_POINT('',(-3.8862,1.397,-1.9177));
#2040=CARTESIAN_POINT('',(-3.8862,1.397,-3.4417));
#2041=VECTOR('',#2700,1.524);
#2042=CARTESIAN_POINT('',(-3.8862,-1.397,-3.4417));
#2043=CARTESIAN_POINT('',(-3.8862,-1.397,-3.4417));
#2044=VECTOR('',#2701,2.794);
#2045=CARTESIAN_POINT('',(-3.8862,-1.397,-1.9177));
#2046=CARTESIAN_POINT('',(-3.8862,-1.397,-1.9177));
#2047=VECTOR('',#2702,1.524);
#2048=CARTESIAN_POINT('',(-3.8862,1.397,-1.9177));
#2049=VECTOR('',#2703,2.794);
#2050=CARTESIAN_POINT('',(-3.8862,-1.397,1.9177));
#2051=CARTESIAN_POINT('',(-3.8862,-1.397,0.91162826162553));
#2052=CARTESIAN_POINT('',(-3.8862,-1.397,1.9177));
#2053=VECTOR('',#2704,1.00607173837447);
#2054=CARTESIAN_POINT('',(-3.8862,-1.905,1.9177));
#2055=CARTESIAN_POINT('',(-3.8862,-1.905,1.9177));
#2056=VECTOR('',#2705,0.508);
#2057=CARTESIAN_POINT('',(-3.8862,-1.905,3.4417));
#2058=CARTESIAN_POINT('',(-3.8862,-1.905,3.4417));
#2059=VECTOR('',#2706,1.524);
#2060=CARTESIAN_POINT('',(-3.8862,-0.635,3.4417));
#2061=CARTESIAN_POINT('',(-3.8862,-0.635,3.4417));
#2062=VECTOR('',#2707,1.27);
#2063=CARTESIAN_POINT('',(-3.8862,-0.635,2.9337));
#2064=CARTESIAN_POINT('',(-3.8862,-0.635,2.9337));
#2065=VECTOR('',#2708,0.508);
#2066=CARTESIAN_POINT('',(-3.8862,-0.381,2.9337));
#2067=CARTESIAN_POINT('',(-3.8862,-0.381,2.9337));
#2068=VECTOR('',#2709,0.254);
#2069=CARTESIAN_POINT('',(-3.8862,0.508,3.2639));
#2070=AXIS2_PLACEMENT_3D('',#2710,#2711,#2712);
#2071=CARTESIAN_POINT('',(-3.8862,0.508,3.4417));
#2072=CARTESIAN_POINT('',(-3.8862,0.508,3.4417));
#2073=VECTOR('',#2713,0.1778);
#2074=CARTESIAN_POINT('',(-3.8862,1.397,3.4417));
#2075=CARTESIAN_POINT('',(-3.8862,1.397,3.4417));
#2076=VECTOR('',#2714,0.889);
#2077=CARTESIAN_POINT('',(-3.8862,1.397,2.43562826162553));
#2078=CARTESIAN_POINT('',(-3.8862,1.397,2.43562826162553));
#2079=VECTOR('',#2715,1.00607173837447);
#2080=CARTESIAN_POINT('',(-3.8862,1.397,2.43562826162553));
#2081=VECTOR('',#2716,3.18261087787956);
#2082=CARTESIAN_POINT('',(-3.6322,-1.397,-1.9177));
#2083=CARTESIAN_POINT('',(-3.8862,-1.397,-1.9177));
#2084=VECTOR('',#2717,0.254);
#2085=CARTESIAN_POINT('',(-3.6322,1.397,-1.9177));
#2086=CARTESIAN_POINT('',(-3.6322,1.397,-1.9177));
#2087=VECTOR('',#2718,2.794);
#2088=CARTESIAN_POINT('',(-3.8862,1.397,-1.9177));
#2089=VECTOR('',#2719,0.254);
#2090=CARTESIAN_POINT('',(3.8862,1.397,3.4417));
#2091=CARTESIAN_POINT('',(-3.8862,1.397,3.4417));
#2092=VECTOR('',#2720,7.7724);
#2093=CARTESIAN_POINT('',(3.8862,1.397,-3.4417));
#2094=CARTESIAN_POINT('',(3.8862,1.397,-3.4417));
#2095=VECTOR('',#2721,6.8834);
#2096=CARTESIAN_POINT('',(1.9812,1.397,-3.4417));
#2097=CARTESIAN_POINT('',(1.9812,1.397,-3.4417));
#2098=VECTOR('',#2722,1.905);
#2099=CARTESIAN_POINT('',(-1.9812,1.397,-3.4417));
#2100=CARTESIAN_POINT('',(-1.9812,1.397,-3.4417));
#2101=VECTOR('',#2723,3.9624);
#2102=CARTESIAN_POINT('',(-3.8862,1.397,-3.4417));
#2103=VECTOR('',#2724,1.905);
#2104=CARTESIAN_POINT('',(-3.6322,1.397,2.1463));
#2105=CARTESIAN_POINT('',(-3.6322,1.397,-1.9177));
#2106=VECTOR('',#2725,4.064);
#2107=CARTESIAN_POINT('',(-3.6322,1.397,2.1463));
#2108=VECTOR('',#2726,0.385002393466876);
#2109=CARTESIAN_POINT('',(-2.5527,1.397,-2.2225));
#2110=CARTESIAN_POINT('',(-1.4097,1.397,-2.2225));
#2111=CARTESIAN_POINT('',(-2.5527,1.397,-2.2225));
#2112=VECTOR('',#2727,1.143);
#2113=CARTESIAN_POINT('',(-1.4097,1.397,-1.1049));
#2114=CARTESIAN_POINT('',(-1.4097,1.397,-1.1049));
#2115=VECTOR('',#2728,1.1176);
#2116=CARTESIAN_POINT('',(-2.5527,1.397,-1.1049));
#2117=CARTESIAN_POINT('',(-2.5527,1.397,-1.1049));
#2118=VECTOR('',#2729,1.143);
#2119=CARTESIAN_POINT('',(-2.5527,1.397,-1.1049));
#2120=VECTOR('',#2730,1.1176);
#2121=CARTESIAN_POINT('',(-1.016,1.397,0.4699));
#2122=CARTESIAN_POINT('',(1.016,1.397,0.4699));
#2123=CARTESIAN_POINT('',(-1.016,1.397,0.4699));
#2124=VECTOR('',#2731,2.032);
#2125=CARTESIAN_POINT('',(1.016,1.397,1.4859));
#2126=CARTESIAN_POINT('',(1.016,1.397,0.4699));
#2127=VECTOR('',#2732,1.016);
#2128=CARTESIAN_POINT('',(-1.016,1.397,1.4859));
#2129=CARTESIAN_POINT('',(1.016,1.397,1.4859));
#2130=VECTOR('',#2733,2.032);
#2131=CARTESIAN_POINT('',(-1.016,1.397,1.4859));
#2132=VECTOR('',#2734,1.016);
#2133=CARTESIAN_POINT('',(1.4097,1.397,-2.2225));
#2134=CARTESIAN_POINT('',(2.5527,1.397,-2.2225));
#2135=CARTESIAN_POINT('',(1.4097,1.397,-2.2225));
#2136=VECTOR('',#2735,1.143);
#2137=CARTESIAN_POINT('',(2.5527,1.397,-1.1049));
#2138=CARTESIAN_POINT('',(2.5527,1.397,-1.1049));
#2139=VECTOR('',#2736,1.1176);
#2140=CARTESIAN_POINT('',(1.4097,1.397,-1.1049));
#2141=CARTESIAN_POINT('',(1.4097,1.397,-1.1049));
#2142=VECTOR('',#2737,1.143);
#2143=CARTESIAN_POINT('',(1.4097,1.397,-1.1049));
#2144=VECTOR('',#2738,1.1176);
#2145=CARTESIAN_POINT('',(1.4097,11.811,-2.2225));
#2146=CARTESIAN_POINT('',(1.4097,12.0904,-2.12160555555561));
#2147=CARTESIAN_POINT('',(1.4097,11.811,-2.2225));
#2148=VECTOR('',#2739,0.297058999055312);
#2149=CARTESIAN_POINT('',(1.4097,1.397,-2.2225));
#2150=VECTOR('',#2740,10.414);
#2151=CARTESIAN_POINT('',(1.4097,11.811,-1.1049));
#2152=CARTESIAN_POINT('',(1.4097,11.811,-1.1049));
#2153=VECTOR('',#2741,10.414);
#2154=CARTESIAN_POINT('',(1.4097,12.0904,-1.20579444444439));
#2155=CARTESIAN_POINT('',(1.4097,12.0904,-1.20579444444439));
#2156=VECTOR('',#2742,0.297058999055312);
#2157=CARTESIAN_POINT('',(1.4097,12.0904,-1.20579444444439));
#2158=VECTOR('',#2743,0.915811111111224);
#2159=CARTESIAN_POINT('',(1.4097,-6.7564,5.0673));
#2160=CARTESIAN_POINT('',(1.4097,-6.85729444444388,5.3467));
#2161=CARTESIAN_POINT('',(1.4097,-6.7564,5.0673));
#2162=VECTOR('',#2744,0.297058999055312);
#2163=CARTESIAN_POINT('',(1.4097,-6.7564,0.4191));
#2164=CARTESIAN_POINT('',(1.4097,-6.7564,0.4191));
#2165=VECTOR('',#2745,4.6482);
#2166=CARTESIAN_POINT('',(1.4097,-5.2324,-1.1049));
#2167=AXIS2_PLACEMENT_3D('',#2746,#2747,#2748);
#2168=CARTESIAN_POINT('',(1.4097,-1.397,-1.1049));
#2169=CARTESIAN_POINT('',(1.4097,-1.397,-1.1049));
#2170=VECTOR('',#2749,3.8354);
#2171=CARTESIAN_POINT('',(1.4097,-1.397,-2.2225));
#2172=CARTESIAN_POINT('',(1.4097,-1.397,-1.1049));
#2173=VECTOR('',#2750,1.1176);
#2174=CARTESIAN_POINT('',(1.4097,-5.2324,-2.2225));
#2175=CARTESIAN_POINT('',(1.4097,-5.2324,-2.2225));
#2176=VECTOR('',#2751,3.8354);
#2177=CARTESIAN_POINT('',(1.4097,-7.874,0.4191));
#2178=AXIS2_PLACEMENT_3D('',#2752,#2753,#2754);
#2179=CARTESIAN_POINT('',(1.4097,-7.874,5.0673));
#2180=CARTESIAN_POINT('',(1.4097,-7.874,5.0673));
#2181=VECTOR('',#2755,4.6482);
#2182=CARTESIAN_POINT('',(1.4097,-7.77310555555612,5.3467));
#2183=CARTESIAN_POINT('',(1.4097,-7.77310555555612,5.3467));
#2184=VECTOR('',#2756,0.297058999055312);
#2185=CARTESIAN_POINT('',(1.4097,-7.77310555555612,5.3467));
#2186=VECTOR('',#2757,0.915811111111224);
#2187=CARTESIAN_POINT('',(1.7907,12.7254,-1.4351));
#2188=CARTESIAN_POINT('',(1.7907,12.7254,-1.4351));
#2189=VECTOR('',#2758,0.775220638146682);
#2190=CARTESIAN_POINT('',(1.7907,12.7254,-1.8923));
#2191=CARTESIAN_POINT('',(1.7907,12.7254,-1.4351));
#2192=VECTOR('',#2759,0.4572);
#2193=CARTESIAN_POINT('',(1.4097,12.0904,-2.12160555555561));
#2194=VECTOR('',#2760,0.775220638146682);
#2195=CARTESIAN_POINT('',(2.5527,11.811,-2.2225));
#2196=CARTESIAN_POINT('',(2.5527,12.0904,-2.12160555555561));
#2197=CARTESIAN_POINT('',(2.5527,11.811,-2.2225));
#2198=VECTOR('',#2761,0.297058999055312);
#2199=CARTESIAN_POINT('',(1.4097,11.811,-2.2225));
#2200=VECTOR('',#2762,1.143);
#2201=CARTESIAN_POINT('',(2.1717,12.7254,-1.8923));
#2202=CARTESIAN_POINT('',(1.7907,12.7254,-1.8923));
#2203=VECTOR('',#2763,0.381);
#2204=CARTESIAN_POINT('',(2.1717,12.7254,-1.8923));
#2205=VECTOR('',#2764,0.775220638146682);
#2206=CARTESIAN_POINT('',(2.5527,12.0904,-1.20579444444439));
#2207=CARTESIAN_POINT('',(2.5527,12.0904,-2.12160555555561));
#2208=VECTOR('',#2765,0.915811111111224);
#2209=CARTESIAN_POINT('',(2.1717,12.7254,-1.4351));
#2210=CARTESIAN_POINT('',(2.1717,12.7254,-1.8923));
#2211=VECTOR('',#2766,0.4572);
#2212=CARTESIAN_POINT('',(2.5527,12.0904,-1.20579444444439));
#2213=VECTOR('',#2767,0.775220638146682);
#2214=CARTESIAN_POINT('',(1.7907,12.7254,-1.4351));
#2215=VECTOR('',#2768,0.381);
#2216=CARTESIAN_POINT('',(2.5527,11.811,-1.1049));
#2217=CARTESIAN_POINT('',(1.4097,11.811,-1.1049));
#2218=VECTOR('',#2769,1.143);
#2219=CARTESIAN_POINT('',(2.5527,12.0904,-1.20579444444439));
#2220=VECTOR('',#2770,0.297058999055312);
#2221=CARTESIAN_POINT('',(2.5527,11.811,-1.1049));
#2222=VECTOR('',#2771,10.414);
#2223=CARTESIAN_POINT('',(2.5527,1.397,-2.2225));
#2224=VECTOR('',#2772,10.414);
#2225=CARTESIAN_POINT('',(2.5527,-7.77310555555612,5.3467));
#2226=CARTESIAN_POINT('',(2.5527,-7.874,5.0673));
#2227=CARTESIAN_POINT('',(2.5527,-7.77310555555612,5.3467));
#2228=VECTOR('',#2773,0.297058999055312);
#2229=CARTESIAN_POINT('',(2.5527,-7.874,0.4191));
#2230=CARTESIAN_POINT('',(2.5527,-7.874,5.0673));
#2231=VECTOR('',#2774,4.6482);
#2232=CARTESIAN_POINT('',(2.5527,-5.2324,-2.2225));
#2233=AXIS2_PLACEMENT_3D('',#2775,#2776,#2777);
#2234=CARTESIAN_POINT('',(2.5527,-1.397,-2.2225));
#2235=CARTESIAN_POINT('',(2.5527,-5.2324,-2.2225));
#2236=VECTOR('',#2778,3.8354);
#2237=CARTESIAN_POINT('',(2.5527,-1.397,-1.1049));
#2238=CARTESIAN_POINT('',(2.5527,-1.397,-1.1049));
#2239=VECTOR('',#2779,1.1176);
#2240=CARTESIAN_POINT('',(2.5527,-5.2324,-1.1049));
#2241=CARTESIAN_POINT('',(2.5527,-1.397,-1.1049));
#2242=VECTOR('',#2780,3.8354);
#2243=CARTESIAN_POINT('',(2.5527,-6.7564,0.4191));
#2244=AXIS2_PLACEMENT_3D('',#2781,#2782,#2783);
#2245=CARTESIAN_POINT('',(2.5527,-6.7564,5.0673));
#2246=CARTESIAN_POINT('',(2.5527,-6.7564,0.4191));
#2247=VECTOR('',#2784,4.6482);
#2248=CARTESIAN_POINT('',(2.5527,-6.85729444444388,5.3467));
#2249=CARTESIAN_POINT('',(2.5527,-6.7564,5.0673));
#2250=VECTOR('',#2785,0.297058999055312);
#2251=CARTESIAN_POINT('',(2.5527,-6.85729444444388,5.3467));
#2252=VECTOR('',#2786,0.915811111111224);
#2253=CARTESIAN_POINT('',(1.4097,-1.397,-2.2225));
#2254=VECTOR('',#2787,1.143);
#2255=CARTESIAN_POINT('',(1.4097,-5.2324,-2.2225));
#2256=VECTOR('',#2788,1.143);
#2257=CARTESIAN_POINT('',(1.4097,-7.874,0.4191));
#2258=VECTOR('',#2789,1.143);
#2259=CARTESIAN_POINT('',(1.4097,-7.874,5.0673));
#2260=VECTOR('',#2790,1.143);
#2261=CARTESIAN_POINT('',(1.7907,-7.5438,5.9817));
#2262=CARTESIAN_POINT('',(2.1717,-7.5438,5.9817));
#2263=CARTESIAN_POINT('',(1.7907,-7.5438,5.9817));
#2264=VECTOR('',#2791,0.381);
#2265=CARTESIAN_POINT('',(1.7907,-7.5438,5.9817));
#2266=VECTOR('',#2792,0.775220638146682);
#2267=CARTESIAN_POINT('',(2.5527,-7.77310555555612,5.3467));
#2268=VECTOR('',#2793,0.775220638146682);
#2269=CARTESIAN_POINT('',(2.1717,-7.0866,5.9817));
#2270=CARTESIAN_POINT('',(2.1717,-7.0866,5.9817));
#2271=VECTOR('',#2794,0.775220638146682);
#2272=CARTESIAN_POINT('',(2.1717,-7.0866,5.9817));
#2273=VECTOR('',#2795,0.4572);
#2274=CARTESIAN_POINT('',(1.7907,-7.0866,5.9817));
#2275=CARTESIAN_POINT('',(1.7907,-7.0866,5.9817));
#2276=VECTOR('',#2796,0.381);
#2277=CARTESIAN_POINT('',(1.7907,-7.5438,5.9817));
#2278=VECTOR('',#2797,0.4572);
#2279=CARTESIAN_POINT('',(1.4097,-6.85729444444388,5.3467));
#2280=VECTOR('',#2798,0.775220638146682);
#2281=CARTESIAN_POINT('',(1.4097,-6.7564,5.0673));
#2282=VECTOR('',#2799,1.143);
#2283=CARTESIAN_POINT('',(1.4097,-6.7564,0.4191));
#2284=VECTOR('',#2800,1.143);
#2285=CARTESIAN_POINT('',(1.4097,-5.2324,-1.1049));
#2286=VECTOR('',#2801,1.143);
#2287=CARTESIAN_POINT('',(1.4097,-1.397,-1.1049));
#2288=VECTOR('',#2802,1.143);
#2289=CARTESIAN_POINT('',(-3.6322,-1.397,0.6223));
#2290=CARTESIAN_POINT('',(-3.6322,-1.397,-1.9177));
#2291=VECTOR('',#2803,2.54);
#2292=CARTESIAN_POINT('',(-1.9812,-1.397,-3.4417));
#2293=CARTESIAN_POINT('',(-3.8862,-1.397,-3.4417));
#2294=VECTOR('',#2804,1.905);
#2295=CARTESIAN_POINT('',(-0.4826,-1.397,-3.4417));
#2296=CARTESIAN_POINT('',(-1.9812,-1.397,-3.4417));
#2297=VECTOR('',#2805,1.4986);
#2298=CARTESIAN_POINT('',(-0.4826,-1.397,0.4699));
#2299=CARTESIAN_POINT('',(-0.4826,-1.397,-3.4417));
#2300=VECTOR('',#2806,3.9116);
#2301=CARTESIAN_POINT('',(-1.016,-1.397,0.4699));
#2302=CARTESIAN_POINT('',(-1.016,-1.397,0.4699));
#2303=VECTOR('',#2807,0.5334);
#2304=CARTESIAN_POINT('',(-1.016,-1.397,1.4859));
#2305=CARTESIAN_POINT('',(-1.016,-1.397,1.4859));
#2306=VECTOR('',#2808,1.016);
#2307=CARTESIAN_POINT('',(1.016,-1.397,1.4859));
#2308=CARTESIAN_POINT('',(1.016,-1.397,1.4859));
#2309=VECTOR('',#2809,2.032);
#2310=CARTESIAN_POINT('',(1.016,-1.397,0.4699));
#2311=CARTESIAN_POINT('',(1.016,-1.397,0.4699));
#2312=VECTOR('',#2810,1.016);
#2313=CARTESIAN_POINT('',(0.4826,-1.397,0.4699));
#2314=CARTESIAN_POINT('',(0.4826,-1.397,0.4699));
#2315=VECTOR('',#2811,0.5334);
#2316=CARTESIAN_POINT('',(0.4826,-1.397,-3.4417));
#2317=CARTESIAN_POINT('',(0.4826,-1.397,-3.4417));
#2318=VECTOR('',#2812,3.9116);
#2319=CARTESIAN_POINT('',(1.9812,-1.397,-3.4417));
#2320=CARTESIAN_POINT('',(0.4826,-1.397,-3.4417));
#2321=VECTOR('',#2813,1.4986);
#2322=CARTESIAN_POINT('',(3.8862,-1.397,-3.4417));
#2323=CARTESIAN_POINT('',(1.9812,-1.397,-3.4417));
#2324=VECTOR('',#2814,1.905);
#2325=CARTESIAN_POINT('',(3.8862,-1.397,1.9177));
#2326=CARTESIAN_POINT('',(3.8862,-1.397,1.9177));
#2327=VECTOR('',#2815,5.3594);
#2328=CARTESIAN_POINT('',(3.302,-1.397,1.9177));
#2329=CARTESIAN_POINT('',(3.302,-1.397,1.9177));
#2330=VECTOR('',#2816,0.5842);
#2331=CARTESIAN_POINT('',(3.302,-1.397,3.4417));
#2332=CARTESIAN_POINT('',(3.302,-1.397,3.4417));
#2333=VECTOR('',#2817,1.524);
#2334=CARTESIAN_POINT('',(0.6604,-1.397,3.4417));
#2335=CARTESIAN_POINT('',(3.302,-1.397,3.4417));
#2336=VECTOR('',#2818,2.6416);
#2337=CARTESIAN_POINT('',(0.6604,-1.397,1.9177));
#2338=CARTESIAN_POINT('',(0.6604,-1.397,3.4417));
#2339=VECTOR('',#2819,1.524);
#2340=CARTESIAN_POINT('',(-0.6604,-1.397,1.9177));
#2341=CARTESIAN_POINT('',(-0.6604,-1.397,1.9177));
#2342=VECTOR('',#2820,1.3208);
#2343=CARTESIAN_POINT('',(-0.6604,-1.397,3.4417));
#2344=CARTESIAN_POINT('',(-0.6604,-1.397,3.4417));
#2345=VECTOR('',#2821,1.524);
#2346=CARTESIAN_POINT('',(-3.302,-1.397,3.4417));
#2347=CARTESIAN_POINT('',(-0.6604,-1.397,3.4417));
#2348=VECTOR('',#2822,2.6416);
#2349=CARTESIAN_POINT('',(-3.302,-1.397,1.9177));
#2350=CARTESIAN_POINT('',(-3.302,-1.397,3.4417));
#2351=VECTOR('',#2823,1.524);
#2352=CARTESIAN_POINT('',(-3.8862,-1.397,1.9177));
#2353=VECTOR('',#2824,0.5842);
#2354=CARTESIAN_POINT('',(-3.8862,-1.397,0.91162826162553));
#2355=VECTOR('',#2825,0.385002393466876);
#2356=CARTESIAN_POINT('',(-2.5527,-1.397,-1.1049));
#2357=CARTESIAN_POINT('',(-1.4097,-1.397,-1.1049));
#2358=CARTESIAN_POINT('',(-2.5527,-1.397,-1.1049));
#2359=VECTOR('',#2826,1.143);
#2360=CARTESIAN_POINT('',(-1.4097,-1.397,-2.2225));
#2361=CARTESIAN_POINT('',(-1.4097,-1.397,-1.1049));
#2362=VECTOR('',#2827,1.1176);
#2363=CARTESIAN_POINT('',(-2.5527,-1.397,-2.2225));
#2364=CARTESIAN_POINT('',(-2.5527,-1.397,-2.2225));
#2365=VECTOR('',#2828,1.143);
#2366=CARTESIAN_POINT('',(-2.5527,-1.397,-1.1049));
#2367=VECTOR('',#2829,1.1176);
#2368=CARTESIAN_POINT('',(-2.5527,11.811,-2.2225));
#2369=CARTESIAN_POINT('',(-2.5527,12.0904,-2.12160555555561));
#2370=CARTESIAN_POINT('',(-2.5527,11.811,-2.2225));
#2371=VECTOR('',#2830,0.297058999055312);
#2372=CARTESIAN_POINT('',(-2.5527,1.397,-2.2225));
#2373=VECTOR('',#2831,10.414);
#2374=CARTESIAN_POINT('',(-2.5527,11.811,-1.1049));
#2375=CARTESIAN_POINT('',(-2.5527,11.811,-1.1049));
#2376=VECTOR('',#2832,10.414);
#2377=CARTESIAN_POINT('',(-2.5527,12.0904,-1.20579444444439));
#2378=CARTESIAN_POINT('',(-2.5527,12.0904,-1.20579444444439));
#2379=VECTOR('',#2833,0.297058999055312);
#2380=CARTESIAN_POINT('',(-2.5527,12.0904,-1.20579444444439));
#2381=VECTOR('',#2834,0.915811111111224);
#2382=CARTESIAN_POINT('',(-2.5527,-6.7564,5.0673));
#2383=CARTESIAN_POINT('',(-2.5527,-6.85729444444388,5.3467));
#2384=CARTESIAN_POINT('',(-2.5527,-6.7564,5.0673));
#2385=VECTOR('',#2835,0.297058999055312);
#2386=CARTESIAN_POINT('',(-2.5527,-6.7564,0.4191));
#2387=CARTESIAN_POINT('',(-2.5527,-6.7564,0.4191));
#2388=VECTOR('',#2836,4.6482);
#2389=CARTESIAN_POINT('',(-2.5527,-5.2324,-1.1049));
#2390=AXIS2_PLACEMENT_3D('',#2837,#2838,#2839);
#2391=CARTESIAN_POINT('',(-2.5527,-1.397,-1.1049));
#2392=VECTOR('',#2840,3.8354);
#2393=CARTESIAN_POINT('',(-2.5527,-5.2324,-2.2225));
#2394=CARTESIAN_POINT('',(-2.5527,-5.2324,-2.2225));
#2395=VECTOR('',#2841,3.8354);
#2396=CARTESIAN_POINT('',(-2.5527,-7.874,0.4191));
#2397=AXIS2_PLACEMENT_3D('',#2842,#2843,#2844);
#2398=CARTESIAN_POINT('',(-2.5527,-7.874,5.0673));
#2399=CARTESIAN_POINT('',(-2.5527,-7.874,5.0673));
#2400=VECTOR('',#2845,4.6482);
#2401=CARTESIAN_POINT('',(-2.5527,-7.77310555555612,5.3467));
#2402=CARTESIAN_POINT('',(-2.5527,-7.77310555555612,5.3467));
#2403=VECTOR('',#2846,0.297058999055312);
#2404=CARTESIAN_POINT('',(-2.5527,-7.77310555555612,5.3467));
#2405=VECTOR('',#2847,0.915811111111224);
#2406=CARTESIAN_POINT('',(-2.1717,12.7254,-1.4351));
#2407=CARTESIAN_POINT('',(-2.1717,12.7254,-1.4351));
#2408=VECTOR('',#2848,0.775220638146682);
#2409=CARTESIAN_POINT('',(-2.1717,12.7254,-1.8923));
#2410=CARTESIAN_POINT('',(-2.1717,12.7254,-1.4351));
#2411=VECTOR('',#2849,0.4572);
#2412=CARTESIAN_POINT('',(-2.5527,12.0904,-2.12160555555561));
#2413=VECTOR('',#2850,0.775220638146682);
#2414=CARTESIAN_POINT('',(-1.4097,11.811,-2.2225));
#2415=CARTESIAN_POINT('',(-1.4097,12.0904,-2.12160555555561));
#2416=CARTESIAN_POINT('',(-1.4097,11.811,-2.2225));
#2417=VECTOR('',#2851,0.297058999055312);
#2418=CARTESIAN_POINT('',(-2.5527,11.811,-2.2225));
#2419=VECTOR('',#2852,1.143);
#2420=CARTESIAN_POINT('',(-1.7907,12.7254,-1.8923));
#2421=CARTESIAN_POINT('',(-2.1717,12.7254,-1.8923));
#2422=VECTOR('',#2853,0.381);
#2423=CARTESIAN_POINT('',(-1.7907,12.7254,-1.8923));
#2424=VECTOR('',#2854,0.775220638146682);
#2425=CARTESIAN_POINT('',(-1.4097,12.0904,-1.20579444444439));
#2426=CARTESIAN_POINT('',(-1.4097,12.0904,-2.12160555555561));
#2427=VECTOR('',#2855,0.915811111111224);
#2428=CARTESIAN_POINT('',(-1.7907,12.7254,-1.4351));
#2429=CARTESIAN_POINT('',(-1.7907,12.7254,-1.8923));
#2430=VECTOR('',#2856,0.4572);
#2431=CARTESIAN_POINT('',(-1.4097,12.0904,-1.20579444444439));
#2432=VECTOR('',#2857,0.775220638146682);
#2433=CARTESIAN_POINT('',(-2.1717,12.7254,-1.4351));
#2434=VECTOR('',#2858,0.381);
#2435=CARTESIAN_POINT('',(-1.4097,11.811,-1.1049));
#2436=CARTESIAN_POINT('',(-2.5527,11.811,-1.1049));
#2437=VECTOR('',#2859,1.143);
#2438=CARTESIAN_POINT('',(-1.4097,12.0904,-1.20579444444439));
#2439=VECTOR('',#2860,0.297058999055312);
#2440=CARTESIAN_POINT('',(-1.4097,11.811,-1.1049));
#2441=VECTOR('',#2861,10.414);
#2442=CARTESIAN_POINT('',(-1.4097,1.397,-2.2225));
#2443=VECTOR('',#2862,10.414);
#2444=CARTESIAN_POINT('',(-1.4097,-7.77310555555612,5.3467));
#2445=CARTESIAN_POINT('',(-1.4097,-7.874,5.0673));
#2446=CARTESIAN_POINT('',(-1.4097,-7.77310555555612,5.3467));
#2447=VECTOR('',#2863,0.297058999055312);
#2448=CARTESIAN_POINT('',(-1.4097,-7.874,0.4191));
#2449=CARTESIAN_POINT('',(-1.4097,-7.874,5.0673));
#2450=VECTOR('',#2864,4.6482);
#2451=CARTESIAN_POINT('',(-1.4097,-5.2324,-2.2225));
#2452=AXIS2_PLACEMENT_3D('',#2865,#2866,#2867);
#2453=CARTESIAN_POINT('',(-1.4097,-5.2324,-2.2225));
#2454=VECTOR('',#2868,3.8354);
#2455=CARTESIAN_POINT('',(-1.4097,-5.2324,-1.1049));
#2456=CARTESIAN_POINT('',(-1.4097,-1.397,-1.1049));
#2457=VECTOR('',#2869,3.8354);
#2458=CARTESIAN_POINT('',(-1.4097,-6.7564,0.4191));
#2459=AXIS2_PLACEMENT_3D('',#2870,#2871,#2872);
#2460=CARTESIAN_POINT('',(-1.4097,-6.7564,5.0673));
#2461=CARTESIAN_POINT('',(-1.4097,-6.7564,0.4191));
#2462=VECTOR('',#2873,4.6482);
#2463=CARTESIAN_POINT('',(-1.4097,-6.85729444444388,5.3467));
#2464=CARTESIAN_POINT('',(-1.4097,-6.7564,5.0673));
#2465=VECTOR('',#2874,0.297058999055312);
#2466=CARTESIAN_POINT('',(-1.4097,-6.85729444444388,5.3467));
#2467=VECTOR('',#2875,0.915811111111224);
#2468=CARTESIAN_POINT('',(-2.5527,-5.2324,-2.2225));
#2469=VECTOR('',#2876,1.143);
#2470=CARTESIAN_POINT('',(-2.5527,-7.874,0.4191));
#2471=VECTOR('',#2877,1.143);
#2472=CARTESIAN_POINT('',(-2.5527,-7.874,5.0673));
#2473=VECTOR('',#2878,1.143);
#2474=CARTESIAN_POINT('',(-2.1717,-7.5438,5.9817));
#2475=CARTESIAN_POINT('',(-1.7907,-7.5438,5.9817));
#2476=CARTESIAN_POINT('',(-2.1717,-7.5438,5.9817));
#2477=VECTOR('',#2879,0.381);
#2478=CARTESIAN_POINT('',(-2.1717,-7.5438,5.9817));
#2479=VECTOR('',#2880,0.775220638146682);
#2480=CARTESIAN_POINT('',(-1.4097,-7.77310555555612,5.3467));
#2481=VECTOR('',#2881,0.775220638146682);
#2482=CARTESIAN_POINT('',(-1.7907,-7.0866,5.9817));
#2483=CARTESIAN_POINT('',(-1.7907,-7.0866,5.9817));
#2484=VECTOR('',#2882,0.775220638146682);
#2485=CARTESIAN_POINT('',(-1.7907,-7.0866,5.9817));
#2486=VECTOR('',#2883,0.4572);
#2487=CARTESIAN_POINT('',(-2.1717,-7.0866,5.9817));
#2488=CARTESIAN_POINT('',(-2.1717,-7.0866,5.9817));
#2489=VECTOR('',#2884,0.381);
#2490=CARTESIAN_POINT('',(-2.1717,-7.5438,5.9817));
#2491=VECTOR('',#2885,0.4572);
#2492=CARTESIAN_POINT('',(-2.5527,-6.85729444444388,5.3467));
#2493=VECTOR('',#2886,0.775220638146682);
#2494=CARTESIAN_POINT('',(-2.5527,-6.7564,5.0673));
#2495=VECTOR('',#2887,1.143);
#2496=CARTESIAN_POINT('',(-2.5527,-6.7564,0.4191));
#2497=VECTOR('',#2888,1.143);
#2498=CARTESIAN_POINT('',(-2.5527,-5.2324,-1.1049));
#2499=VECTOR('',#2889,1.143);
#2500=CARTESIAN_POINT('',(-3.6322,1.397,2.1463));
#2501=VECTOR('',#2890,3.18261087787956);
#2502=CARTESIAN_POINT('',(3.8862,-1.905,1.9177));
#2503=CARTESIAN_POINT('',(3.8862,-1.905,1.9177));
#2504=VECTOR('',#2891,0.508);
#2505=CARTESIAN_POINT('',(3.302,-1.905,1.9177));
#2506=CARTESIAN_POINT('',(3.302,-1.905,1.9177));
#2507=VECTOR('',#2892,0.5842);
#2508=CARTESIAN_POINT('',(3.302,-1.905,1.9177));
#2509=VECTOR('',#2893,0.508);
#2510=CARTESIAN_POINT('',(-3.302,-1.905,1.9177));
#2511=CARTESIAN_POINT('',(-3.8862,-1.905,1.9177));
#2512=VECTOR('',#2894,0.5842);
#2513=CARTESIAN_POINT('',(-3.302,-1.905,1.9177));
#2514=VECTOR('',#2895,0.508);
#2515=CARTESIAN_POINT('',(0.6604,-1.905,1.9177));
#2516=CARTESIAN_POINT('',(0.6604,-1.905,1.9177));
#2517=VECTOR('',#2896,0.508);
#2518=CARTESIAN_POINT('',(-0.6604,-1.905,1.9177));
#2519=CARTESIAN_POINT('',(-0.6604,-1.905,1.9177));
#2520=VECTOR('',#2897,1.3208);
#2521=CARTESIAN_POINT('',(-0.6604,-1.905,1.9177));
#2522=VECTOR('',#2898,0.508);
#2523=CARTESIAN_POINT('',(3.302,-1.905,3.4417));
#2524=CARTESIAN_POINT('',(3.302,-1.905,3.4417));
#2525=VECTOR('',#2899,0.508);
#2526=CARTESIAN_POINT('',(3.302,-1.905,3.4417));
#2527=VECTOR('',#2900,1.524);
#2528=CARTESIAN_POINT('',(3.8862,-1.905,3.4417));
#2529=CARTESIAN_POINT('',(3.8862,-1.905,3.4417));
#2530=VECTOR('',#2901,1.524);
#2531=CARTESIAN_POINT('',(3.302,-1.905,3.4417));
#2532=VECTOR('',#2902,0.5842);
#2533=CARTESIAN_POINT('',(-3.302,-1.905,3.4417));
#2534=CARTESIAN_POINT('',(-3.8862,-1.905,3.4417));
#2535=VECTOR('',#2903,0.5842);
#2536=CARTESIAN_POINT('',(-3.302,-1.905,3.4417));
#2537=VECTOR('',#2904,1.524);
#2538=CARTESIAN_POINT('',(0.6604,-1.905,3.4417));
#2539=CARTESIAN_POINT('',(0.6604,-1.905,3.4417));
#2540=VECTOR('',#2905,1.524);
#2541=CARTESIAN_POINT('',(-0.6604,-1.905,3.4417));
#2542=CARTESIAN_POINT('',(-0.6604,-1.905,3.4417));
#2543=VECTOR('',#2906,1.3208);
#2544=CARTESIAN_POINT('',(-0.6604,-1.905,3.4417));
#2545=VECTOR('',#2907,1.524);
#2546=CARTESIAN_POINT('',(-0.6604,-1.905,3.4417));
#2547=VECTOR('',#2908,0.508);
#2548=CARTESIAN_POINT('',(0.6604,-1.905,3.4417));
#2549=VECTOR('',#2909,0.508);
#2550=CARTESIAN_POINT('',(3.8862,-0.635,3.4417));
#2551=CARTESIAN_POINT('',(3.8862,-0.635,3.4417));
#2552=VECTOR('',#2910,1.27);
#2553=CARTESIAN_POINT('',(-3.8862,-0.635,3.4417));
#2554=VECTOR('',#2911,7.7724);
#2555=CARTESIAN_POINT('',(-3.302,-1.905,3.4417));
#2556=VECTOR('',#2912,0.508);
#2557=CARTESIAN_POINT('',(3.8862,-0.635,2.9337));
#2558=CARTESIAN_POINT('',(3.8862,-0.635,2.9337));
#2559=VECTOR('',#2913,0.508);
#2560=CARTESIAN_POINT('',(-3.8862,-0.635,2.9337));
#2561=VECTOR('',#2914,7.7724);
#2562=CARTESIAN_POINT('',(3.8862,-0.381,2.9337));
#2563=CARTESIAN_POINT('',(3.8862,-0.381,2.9337));
#2564=VECTOR('',#2915,0.254);
#2565=CARTESIAN_POINT('',(-3.8862,-0.381,2.9337));
#2566=VECTOR('',#2916,7.7724);
#2567=CARTESIAN_POINT('',(3.8862,0.508,3.2639));
#2568=AXIS2_PLACEMENT_3D('',#2917,#2918,#2919);
#2569=CARTESIAN_POINT('',(-3.8862,0.508,3.2639));
#2570=VECTOR('',#2920,7.7724);
#2571=CARTESIAN_POINT('',(3.8862,0.508,3.4417));
#2572=CARTESIAN_POINT('',(3.8862,0.508,3.4417));
#2573=VECTOR('',#2921,0.1778);
#2574=CARTESIAN_POINT('',(-3.8862,0.508,3.4417));
#2575=VECTOR('',#2922,7.7724);
#2576=CARTESIAN_POINT('',(3.8862,1.397,3.4417));
#2577=VECTOR('',#2923,0.889);
#2578=CARTESIAN_POINT('',(3.8862,-1.397,-3.4417));
#2579=VECTOR('',#2924,2.794);
#2580=CARTESIAN_POINT('',(1.9812,-1.397,-3.4417));
#2581=VECTOR('',#2925,2.794);
#2582=CARTESIAN_POINT('',(-1.9812,-1.397,-3.4417));
#2583=VECTOR('',#2926,2.794);
#2584=CARTESIAN_POINT('',(1.9812,-1.905,-3.4417));
#2585=CARTESIAN_POINT('',(1.9812,-1.397,-3.4417));
#2586=VECTOR('',#2927,0.508);
#2587=CARTESIAN_POINT('',(1.9812,-1.905,-4.6609));
#2588=CARTESIAN_POINT('',(1.9812,-1.905,-3.4417));
#2589=VECTOR('',#2928,1.2192);
#2590=CARTESIAN_POINT('',(1.9812,0.0,-6.5659));
#2591=AXIS2_PLACEMENT_3D('',#2929,#2930,#2931);
#2592=CARTESIAN_POINT('',(1.9812,9.4234,-6.5659));
#2593=CARTESIAN_POINT('',(1.9812,0.0,-6.5659));
#2594=VECTOR('',#2932,9.4234);
#2595=CARTESIAN_POINT('',(1.9812,9.4234,-5.7785));
#2596=CARTESIAN_POINT('',(1.9812,9.4234,-6.5659));
#2597=VECTOR('',#2933,0.7874);
#2598=CARTESIAN_POINT('',(1.9812,9.4234,-5.7785));
#2599=VECTOR('',#2934,2.57004826413754);
#2600=CARTESIAN_POINT('',(1.9812,5.03630498810648,-4.60314888680802));
#2601=AXIS2_PLACEMENT_3D('',#2935,#2936,#2937);
#2602=CARTESIAN_POINT('',(1.9812,4.39041908383312,-5.25488901804194));
#2603=CARTESIAN_POINT('',(1.9812,5.03630498810648,-4.60314888680802));
#2604=VECTOR('',#2938,0.917569506904052);
#2605=CARTESIAN_POINT('',(1.9812,3.0734,-5.8039));
#2606=AXIS2_PLACEMENT_3D('',#2939,#2940,#2941);
#2607=CARTESIAN_POINT('',(1.9812,0.75178868555983,-5.8039));
#2608=CARTESIAN_POINT('',(1.9812,3.0734,-5.8039));
#2609=VECTOR('',#2942,2.32161131444017);
#2610=CARTESIAN_POINT('',(1.9812,0.248894342779864,-4.58980565722072));
#2611=AXIS2_PLACEMENT_3D('',#2943,#2944,#2945);
#2612=CARTESIAN_POINT('',(1.9812,0.248894342779864,-4.58980565722072));
#2613=VECTOR('',#2946,1.62366659147795);
#2614=CARTESIAN_POINT('',(-1.9812,0.248894342779864,-4.58980565722072));
#2615=CARTESIAN_POINT('',(1.9812,0.248894342779864,-4.58980565722072));
#2616=VECTOR('',#2947,3.9624);
#2617=CARTESIAN_POINT('',(-1.9812,0.248894342779864,-4.58980565722072));
#2618=VECTOR('',#2948,1.62366659147795);
#2619=CARTESIAN_POINT('',(-1.9812,0.75178868555983,-5.8039));
#2620=AXIS2_PLACEMENT_3D('',#2949,#2950,#2951);
#2621=CARTESIAN_POINT('',(-1.9812,3.0734,-5.8039));
#2622=CARTESIAN_POINT('',(-1.9812,3.0734,-5.8039));
#2623=VECTOR('',#2952,2.32161131444017);
#2624=CARTESIAN_POINT('',(-1.9812,4.39041908383312,-5.25488901804194));
#2625=AXIS2_PLACEMENT_3D('',#2953,#2954,#2955);
#2626=CARTESIAN_POINT('',(-1.9812,5.03630498810648,-4.60314888680802));
#2627=CARTESIAN_POINT('',(-1.9812,5.03630498810648,-4.60314888680802));
#2628=VECTOR('',#2956,0.917569506904052);
#2629=AXIS2_PLACEMENT_3D('',#2957,#2958,#2959);
#2630=CARTESIAN_POINT('',(-1.9812,9.4234,-5.7785));
#2631=CARTESIAN_POINT('',(-1.9812,9.4234,-5.7785));
#2632=VECTOR('',#2960,2.57004826413754);
#2633=CARTESIAN_POINT('',(-1.9812,9.4234,-6.5659));
#2634=CARTESIAN_POINT('',(-1.9812,9.4234,-6.5659));
#2635=VECTOR('',#2961,0.7874);
#2636=CARTESIAN_POINT('',(-1.9812,0.0,-6.5659));
#2637=CARTESIAN_POINT('',(-1.9812,0.0,-6.5659));
#2638=VECTOR('',#2962,9.4234);
#2639=CARTESIAN_POINT('',(-1.9812,-1.905,-4.6609));
#2640=AXIS2_PLACEMENT_3D('',#2963,#2964,#2965);
#2641=CARTESIAN_POINT('',(-1.9812,-1.905,-3.4417));
#2642=CARTESIAN_POINT('',(-1.9812,-1.905,-3.4417));
#2643=VECTOR('',#2966,1.2192);
#2644=CARTESIAN_POINT('',(-1.9812,-1.397,-3.4417));
#2645=VECTOR('',#2967,0.508);
#2646=CARTESIAN_POINT('',(1.9812,-1.905,-3.4417));
#2647=VECTOR('',#2968,3.9624);
#2648=CARTESIAN_POINT('',(0.4826,-1.016,-3.4417));
#2649=CARTESIAN_POINT('',(0.4826,-1.397,-3.4417));
#2650=VECTOR('',#2969,0.381);
#2651=CARTESIAN_POINT('',(-0.4826,-1.016,-3.4417));
#2652=CARTESIAN_POINT('',(-0.4826,-1.016,-3.4417));
#2653=VECTOR('',#2970,0.9652);
#2654=CARTESIAN_POINT('',(-0.4826,-1.397,-3.4417));
#2655=VECTOR('',#2971,0.381);
#2656=CARTESIAN_POINT('',(-0.4826,-1.016,0.4699));
#2657=CARTESIAN_POINT('',(-0.4826,-1.016,0.4699));
#2658=VECTOR('',#2972,3.9116);
#2659=CARTESIAN_POINT('',(-0.4826,-1.016,0.4699));
#2660=VECTOR('',#2973,0.381);
#2661=CARTESIAN_POINT('',(0.4826,-1.016,0.4699));
#2662=CARTESIAN_POINT('',(-0.4826,-1.016,0.4699));
#2663=VECTOR('',#2974,0.9652);
#2664=CARTESIAN_POINT('',(0.4826,-1.016,0.4699));
#2665=VECTOR('',#2975,0.381);
#2666=CARTESIAN_POINT('',(1.016,-1.397,0.4699));
#2667=VECTOR('',#2976,2.794);
#2668=CARTESIAN_POINT('',(-1.016,-1.397,0.4699));
#2669=VECTOR('',#2977,2.794);
#2670=CARTESIAN_POINT('',(-1.016,-1.397,1.4859));
#2671=VECTOR('',#2978,2.794);
#2672=CARTESIAN_POINT('',(1.016,-1.397,1.4859));
#2673=VECTOR('',#2979,2.794);
#2674=CARTESIAN_POINT('',(0.4826,-1.016,-3.4417));
#2675=VECTOR('',#2980,3.9116);
#2676=CARTESIAN_POINT('',(1.9812,-1.905,-4.6609));
#2677=VECTOR('',#2981,3.9624);
#2678=CARTESIAN_POINT('',(1.9812,0.0,-6.5659));
#2679=VECTOR('',#2982,3.9624);
#2680=CARTESIAN_POINT('',(1.9812,9.4234,-6.5659));
#2681=VECTOR('',#2983,3.9624);
#2682=CARTESIAN_POINT('',(1.9812,9.4234,-5.7785));
#2683=VECTOR('',#2984,3.9624);
#2684=CARTESIAN_POINT('',(1.9812,5.03630498810648,-4.60314888680802));
#2685=VECTOR('',#2985,3.9624);
#2686=CARTESIAN_POINT('',(1.9812,4.39041908383312,-5.25488901804194));
#2687=VECTOR('',#2986,3.9624);
#2688=CARTESIAN_POINT('',(1.9812,3.0734,-5.8039));
#2689=VECTOR('',#2987,3.9624);
#2690=CARTESIAN_POINT('',(1.9812,0.75178868555983,-5.8039));
#2691=VECTOR('',#2988,3.9624);
#2692=DIRECTION('',(-1.0,0.0,-0.0));
#2693=CARTESIAN_POINT('',(1.9812,6.2992,-5.8547));
#2694=DIRECTION('',(1.0,0.0,-0.0));
#2695=DIRECTION('',(0.0,0.548715219475823,0.836009334825634));
#2696=DIRECTION('',(-1.0,0.0,0.0));
#2697=CARTESIAN_POINT('',(-1.9812,6.2992,-5.8547));
#2698=DIRECTION('',(1.0,0.0,-0.0));
#2699=DIRECTION('',(0.0,0.548715219475823,0.836009334825634));
#2700=DIRECTION('',(0.0,0.0,1.0));
#2701=DIRECTION('',(0.0,1.0,0.0));
#2702=DIRECTION('',(0.0,0.0,-1.0));
#2703=DIRECTION('',(0.0,-1.0,0.0));
#2704=DIRECTION('',(0.0,0.0,-1.0));
#2705=DIRECTION('',(0.0,1.0,0.0));
#2706=DIRECTION('',(0.0,0.0,-1.0));
#2707=DIRECTION('',(0.0,-1.0,0.0));
#2708=DIRECTION('',(0.0,0.0,1.0));
#2709=DIRECTION('',(0.0,-1.0,0.0));
#2710=CARTESIAN_POINT('',(-3.8862,0.508,1.90206923076935));
#2711=DIRECTION('',(1.0,0.0,-0.0));
#2712=DIRECTION('',(0.0,0.0,1.0));
#2713=DIRECTION('',(0.0,0.0,-1.0));
#2714=DIRECTION('',(0.0,-1.0,0.0));
#2715=DIRECTION('',(0.0,0.0,1.0));
#2716=DIRECTION('',(0.0,-0.877895572914377,-0.478852130680587));
#2717=DIRECTION('',(1.0,0.0,0.0));
#2718=DIRECTION('',(0.0,-1.0,0.0));
#2719=DIRECTION('',(1.0,0.0,0.0));
#2720=DIRECTION('',(1.0,0.0,0.0));
#2721=DIRECTION('',(0.0,0.0,1.0));
#2722=DIRECTION('',(1.0,0.0,0.0));
#2723=DIRECTION('',(1.0,0.0,0.0));
#2724=DIRECTION('',(1.0,0.0,0.0));
#2725=DIRECTION('',(0.0,0.0,1.0));
#2726=DIRECTION('',(-0.659736158294495,0.0,0.751497306341694));
#2727=DIRECTION('',(1.0,0.0,0.0));
#2728=DIRECTION('',(0.0,0.0,-1.0));
#2729=DIRECTION('',(1.0,0.0,0.0));
#2730=DIRECTION('',(0.0,0.0,-1.0));
#2731=DIRECTION('',(1.0,0.0,0.0));
#2732=DIRECTION('',(0.0,0.0,1.0));
#2733=DIRECTION('',(-1.0,0.0,0.0));
#2734=DIRECTION('',(0.0,0.0,-1.0));
#2735=DIRECTION('',(1.0,0.0,0.0));
#2736=DIRECTION('',(0.0,0.0,-1.0));
#2737=DIRECTION('',(1.0,0.0,0.0));
#2738=DIRECTION('',(0.0,0.0,-1.0));
#2739=DIRECTION('',(0.0,0.940553899691714,0.339644463777505));
#2740=DIRECTION('',(0.0,1.0,0.0));
#2741=DIRECTION('',(0.0,-1.0,0.0));
#2742=DIRECTION('',(0.0,-0.940553899691682,0.339644463777594));
#2743=DIRECTION('',(0.0,0.0,-1.0));
#2744=DIRECTION('',(0.0,-0.339644463777594,0.940553899691682));
#2745=DIRECTION('',(0.0,0.0,1.0));
#2746=CARTESIAN_POINT('',(1.4097,-5.2324,0.4191));
#2747=DIRECTION('',(-1.0,0.0,0.0));
#2748=DIRECTION('',(0.0,0.0,-1.0));
#2749=DIRECTION('',(0.0,-1.0,0.0));
#2750=DIRECTION('',(0.0,0.0,-1.0));
#2751=DIRECTION('',(0.0,1.0,0.0));
#2752=CARTESIAN_POINT('',(1.4097,-5.2324,0.4191));
#2753=DIRECTION('',(1.0,0.0,0.0));
#2754=DIRECTION('',(0.0,-1.0,0.0));
#2755=DIRECTION('',(0.0,0.0,-1.0));
#2756=DIRECTION('',(0.0,-0.339644463777505,-0.940553899691714));
#2757=DIRECTION('',(0.0,1.0,0.0));
#2758=DIRECTION('',(-0.491472983628019,-0.819121639380032,0.295793925331711));
#2759=DIRECTION('',(0.0,0.0,-1.0));
#2760=DIRECTION('',(0.491472983628019,0.819121639380032,0.295793925331711));
#2761=DIRECTION('',(0.0,0.940553899691714,0.339644463777505));
#2762=DIRECTION('',(1.0,0.0,0.0));
#2763=DIRECTION('',(1.0,0.0,0.0));
#2764=DIRECTION('',(0.491472983628019,-0.819121639380032,-0.295793925331711));
#2765=DIRECTION('',(0.0,0.0,1.0));
#2766=DIRECTION('',(0.0,0.0,1.0));
#2767=DIRECTION('',(-0.491472983628019,0.819121639380032,-0.295793925331711));
#2768=DIRECTION('',(1.0,0.0,0.0));
#2769=DIRECTION('',(1.0,0.0,0.0));
#2770=DIRECTION('',(0.0,-0.940553899691682,0.339644463777594));
#2771=DIRECTION('',(0.0,-1.0,0.0));
#2772=DIRECTION('',(0.0,1.0,0.0));
#2773=DIRECTION('',(0.0,-0.339644463777505,-0.940553899691714));
#2774=DIRECTION('',(0.0,0.0,-1.0));
#2775=CARTESIAN_POINT('',(2.5527,-5.2324,0.4191));
#2776=DIRECTION('',(1.0,0.0,0.0));
#2777=DIRECTION('',(0.0,-1.0,0.0));
#2778=DIRECTION('',(0.0,1.0,0.0));
#2779=DIRECTION('',(0.0,0.0,-1.0));
#2780=DIRECTION('',(0.0,-1.0,0.0));
#2781=CARTESIAN_POINT('',(2.5527,-5.2324,0.4191));
#2782=DIRECTION('',(-1.0,0.0,0.0));
#2783=DIRECTION('',(0.0,0.0,-1.0));
#2784=DIRECTION('',(0.0,0.0,1.0));
#2785=DIRECTION('',(0.0,-0.339644463777594,0.940553899691682));
#2786=DIRECTION('',(0.0,-1.0,0.0));
#2787=DIRECTION('',(1.0,0.0,0.0));
#2788=DIRECTION('',(1.0,0.0,0.0));
#2789=DIRECTION('',(1.0,0.0,0.0));
#2790=DIRECTION('',(1.0,0.0,0.0));
#2791=DIRECTION('',(1.0,0.0,0.0));
#2792=DIRECTION('',(-0.491472983628019,-0.295793925331711,-0.819121639380032));
#2793=DIRECTION('',(-0.491472983628019,0.295793925331711,0.819121639380032));
#2794=DIRECTION('',(0.491472983628019,0.295793925331711,-0.819121639380032));
#2795=DIRECTION('',(0.0,-1.0,0.0));
#2796=DIRECTION('',(1.0,0.0,0.0));
#2797=DIRECTION('',(0.0,1.0,0.0));
#2798=DIRECTION('',(0.491472983628019,-0.295793925331711,0.819121639380032));
#2799=DIRECTION('',(1.0,0.0,0.0));
#2800=DIRECTION('',(1.0,0.0,0.0));
#2801=DIRECTION('',(1.0,0.0,0.0));
#2802=DIRECTION('',(1.0,0.0,0.0));
#2803=DIRECTION('',(0.0,0.0,1.0));
#2804=DIRECTION('',(1.0,0.0,0.0));
#2805=DIRECTION('',(1.0,0.0,0.0));
#2806=DIRECTION('',(0.0,0.0,1.0));
#2807=DIRECTION('',(1.0,0.0,0.0));
#2808=DIRECTION('',(0.0,0.0,-1.0));
#2809=DIRECTION('',(-1.0,0.0,0.0));
#2810=DIRECTION('',(0.0,0.0,1.0));
#2811=DIRECTION('',(1.0,0.0,0.0));
#2812=DIRECTION('',(0.0,0.0,1.0));
#2813=DIRECTION('',(1.0,0.0,0.0));
#2814=DIRECTION('',(1.0,0.0,0.0));
#2815=DIRECTION('',(0.0,0.0,-1.0));
#2816=DIRECTION('',(1.0,0.0,0.0));
#2817=DIRECTION('',(0.0,0.0,-1.0));
#2818=DIRECTION('',(-1.0,0.0,0.0));
#2819=DIRECTION('',(0.0,0.0,-1.0));
#2820=DIRECTION('',(1.0,0.0,0.0));
#2821=DIRECTION('',(0.0,0.0,-1.0));
#2822=DIRECTION('',(-1.0,0.0,0.0));
#2823=DIRECTION('',(0.0,0.0,-1.0));
#2824=DIRECTION('',(1.0,0.0,0.0));
#2825=DIRECTION('',(0.659736158294495,0.0,-0.751497306341694));
#2826=DIRECTION('',(1.0,0.0,0.0));
#2827=DIRECTION('',(0.0,0.0,-1.0));
#2828=DIRECTION('',(1.0,0.0,0.0));
#2829=DIRECTION('',(0.0,0.0,-1.0));
#2830=DIRECTION('',(0.0,0.940553899691714,0.339644463777505));
#2831=DIRECTION('',(0.0,1.0,0.0));
#2832=DIRECTION('',(0.0,-1.0,0.0));
#2833=DIRECTION('',(0.0,-0.940553899691682,0.339644463777594));
#2834=DIRECTION('',(0.0,0.0,-1.0));
#2835=DIRECTION('',(0.0,-0.339644463777594,0.940553899691682));
#2836=DIRECTION('',(0.0,0.0,1.0));
#2837=CARTESIAN_POINT('',(-2.5527,-5.2324,0.4191));
#2838=DIRECTION('',(-1.0,0.0,0.0));
#2839=DIRECTION('',(0.0,0.0,-1.0));
#2840=DIRECTION('',(0.0,-1.0,0.0));
#2841=DIRECTION('',(0.0,1.0,0.0));
#2842=CARTESIAN_POINT('',(-2.5527,-5.2324,0.4191));
#2843=DIRECTION('',(1.0,0.0,0.0));
#2844=DIRECTION('',(0.0,-1.0,0.0));
#2845=DIRECTION('',(0.0,0.0,-1.0));
#2846=DIRECTION('',(0.0,-0.339644463777505,-0.940553899691714));
#2847=DIRECTION('',(0.0,1.0,0.0));
#2848=DIRECTION('',(-0.491472983628019,-0.819121639380032,0.295793925331711));
#2849=DIRECTION('',(0.0,0.0,-1.0));
#2850=DIRECTION('',(0.491472983628019,0.819121639380032,0.295793925331711));
#2851=DIRECTION('',(0.0,0.940553899691714,0.339644463777505));
#2852=DIRECTION('',(1.0,0.0,0.0));
#2853=DIRECTION('',(1.0,0.0,0.0));
#2854=DIRECTION('',(0.491472983628019,-0.819121639380032,-0.295793925331711));
#2855=DIRECTION('',(0.0,0.0,1.0));
#2856=DIRECTION('',(0.0,0.0,1.0));
#2857=DIRECTION('',(-0.491472983628019,0.819121639380032,-0.295793925331711));
#2858=DIRECTION('',(1.0,0.0,0.0));
#2859=DIRECTION('',(1.0,0.0,0.0));
#2860=DIRECTION('',(0.0,-0.940553899691682,0.339644463777594));
#2861=DIRECTION('',(0.0,-1.0,0.0));
#2862=DIRECTION('',(0.0,1.0,0.0));
#2863=DIRECTION('',(0.0,-0.339644463777505,-0.940553899691714));
#2864=DIRECTION('',(0.0,0.0,-1.0));
#2865=CARTESIAN_POINT('',(-1.4097,-5.2324,0.4191));
#2866=DIRECTION('',(1.0,0.0,0.0));
#2867=DIRECTION('',(0.0,-1.0,0.0));
#2868=DIRECTION('',(0.0,1.0,0.0));
#2869=DIRECTION('',(0.0,-1.0,0.0));
#2870=CARTESIAN_POINT('',(-1.4097,-5.2324,0.4191));
#2871=DIRECTION('',(-1.0,0.0,0.0));
#2872=DIRECTION('',(0.0,0.0,-1.0));
#2873=DIRECTION('',(0.0,0.0,1.0));
#2874=DIRECTION('',(0.0,-0.339644463777594,0.940553899691682));
#2875=DIRECTION('',(0.0,-1.0,0.0));
#2876=DIRECTION('',(1.0,0.0,0.0));
#2877=DIRECTION('',(1.0,0.0,0.0));
#2878=DIRECTION('',(1.0,0.0,0.0));
#2879=DIRECTION('',(1.0,0.0,0.0));
#2880=DIRECTION('',(-0.491472983628019,-0.295793925331711,-0.819121639380032));
#2881=DIRECTION('',(-0.491472983628019,0.295793925331711,0.819121639380032));
#2882=DIRECTION('',(0.491472983628019,0.295793925331711,-0.819121639380032));
#2883=DIRECTION('',(0.0,-1.0,0.0));
#2884=DIRECTION('',(1.0,0.0,0.0));
#2885=DIRECTION('',(0.0,1.0,0.0));
#2886=DIRECTION('',(0.491472983628019,-0.295793925331711,0.819121639380032));
#2887=DIRECTION('',(1.0,0.0,0.0));
#2888=DIRECTION('',(1.0,0.0,0.0));
#2889=DIRECTION('',(1.0,0.0,0.0));
#2890=DIRECTION('',(0.0,-0.877895572914377,-0.478852130680587));
#2891=DIRECTION('',(0.0,1.0,0.0));
#2892=DIRECTION('',(1.0,0.0,0.0));
#2893=DIRECTION('',(0.0,1.0,0.0));
#2894=DIRECTION('',(1.0,0.0,0.0));
#2895=DIRECTION('',(0.0,1.0,0.0));
#2896=DIRECTION('',(0.0,1.0,0.0));
#2897=DIRECTION('',(1.0,0.0,0.0));
#2898=DIRECTION('',(0.0,1.0,0.0));
#2899=DIRECTION('',(0.0,1.0,0.0));
#2900=DIRECTION('',(0.0,0.0,-1.0));
#2901=DIRECTION('',(0.0,0.0,-1.0));
#2902=DIRECTION('',(1.0,0.0,0.0));
#2903=DIRECTION('',(1.0,0.0,0.0));
#2904=DIRECTION('',(0.0,0.0,-1.0));
#2905=DIRECTION('',(0.0,0.0,-1.0));
#2906=DIRECTION('',(1.0,0.0,0.0));
#2907=DIRECTION('',(0.0,0.0,-1.0));
#2908=DIRECTION('',(0.0,1.0,0.0));
#2909=DIRECTION('',(0.0,1.0,0.0));
#2910=DIRECTION('',(0.0,-1.0,0.0));
#2911=DIRECTION('',(1.0,0.0,0.0));
#2912=DIRECTION('',(0.0,1.0,0.0));
#2913=DIRECTION('',(0.0,0.0,1.0));
#2914=DIRECTION('',(1.0,0.0,0.0));
#2915=DIRECTION('',(0.0,-1.0,0.0));
#2916=DIRECTION('',(1.0,0.0,0.0));
#2917=CARTESIAN_POINT('',(3.8862,0.508,1.90206923076935));
#2918=DIRECTION('',(1.0,0.0,-0.0));
#2919=DIRECTION('',(0.0,0.0,1.0));
#2920=DIRECTION('',(1.0,0.0,0.0));
#2921=DIRECTION('',(0.0,0.0,-1.0));
#2922=DIRECTION('',(1.0,0.0,0.0));
#2923=DIRECTION('',(0.0,-1.0,0.0));
#2924=DIRECTION('',(0.0,1.0,0.0));
#2925=DIRECTION('',(0.0,1.0,0.0));
#2926=DIRECTION('',(0.0,1.0,0.0));
#2927=DIRECTION('',(0.0,-1.0,0.0));
#2928=DIRECTION('',(0.0,0.0,-1.0));
#2929=CARTESIAN_POINT('',(1.9812,0.0,-4.6609));
#2930=DIRECTION('',(1.0,0.0,0.0));
#2931=DIRECTION('',(0.0,-1.0,0.0));
#2932=DIRECTION('',(0.0,1.0,0.0));
#2933=DIRECTION('',(0.0,0.0,1.0));
#2934=DIRECTION('',(0.0,-0.836009334825634,0.548715219475823));
#2935=CARTESIAN_POINT('',(1.9812,6.2992,-5.8547));
#2936=DIRECTION('',(1.0,0.0,-0.0));
#2937=DIRECTION('',(0.0,0.548715219475823,0.836009334825634));
#2938=DIRECTION('',(0.0,-0.703909512481408,-0.710289657983408));
#2939=CARTESIAN_POINT('',(1.9812,3.0734,-3.9497));
#2940=DIRECTION('',(-1.0,0.0,0.0));
#2941=DIRECTION('',(0.0,0.710289657983408,-0.703909512481408));
#2942=DIRECTION('',(0.0,-1.0,0.0));
#2943=CARTESIAN_POINT('',(1.9812,0.75178868555983,-5.0927));
#2944=DIRECTION('',(-1.0,0.0,0.0));
#2945=DIRECTION('',(0.0,0.0,-1.0));
#2946=DIRECTION('',(0.0,0.707106781186548,0.707106781186548));
#2947=DIRECTION('',(-1.0,0.0,0.0));
#2948=DIRECTION('',(0.0,0.707106781186548,0.707106781186548));
#2949=CARTESIAN_POINT('',(-1.9812,0.75178868555983,-5.0927));
#2950=DIRECTION('',(-1.0,0.0,0.0));
#2951=DIRECTION('',(0.0,0.0,-1.0));
#2952=DIRECTION('',(0.0,-1.0,0.0));
#2953=CARTESIAN_POINT('',(-1.9812,3.0734,-3.9497));
#2954=DIRECTION('',(-1.0,0.0,0.0));
#2955=DIRECTION('',(0.0,0.710289657983408,-0.703909512481408));
#2956=DIRECTION('',(0.0,-0.703909512481408,-0.710289657983408));
#2957=CARTESIAN_POINT('',(-1.9812,6.2992,-5.8547));
#2958=DIRECTION('',(1.0,0.0,-0.0));
#2959=DIRECTION('',(0.0,0.548715219475823,0.836009334825634));
#2960=DIRECTION('',(0.0,-0.836009334825634,0.548715219475823));
#2961=DIRECTION('',(0.0,0.0,1.0));
#2962=DIRECTION('',(0.0,1.0,0.0));
#2963=CARTESIAN_POINT('',(-1.9812,0.0,-4.6609));
#2964=DIRECTION('',(1.0,0.0,0.0));
#2965=DIRECTION('',(0.0,-1.0,0.0));
#2966=DIRECTION('',(0.0,0.0,-1.0));
#2967=DIRECTION('',(0.0,-1.0,0.0));
#2968=DIRECTION('',(-1.0,0.0,0.0));
#2969=DIRECTION('',(0.0,1.0,0.0));
#2970=DIRECTION('',(1.0,0.0,0.0));
#2971=DIRECTION('',(0.0,1.0,0.0));
#2972=DIRECTION('',(0.0,0.0,-1.0));
#2973=DIRECTION('',(0.0,-1.0,0.0));
#2974=DIRECTION('',(1.0,0.0,0.0));
#2975=DIRECTION('',(0.0,-1.0,0.0));
#2976=DIRECTION('',(0.0,1.0,0.0));
#2977=DIRECTION('',(0.0,1.0,0.0));
#2978=DIRECTION('',(0.0,1.0,0.0));
#2979=DIRECTION('',(0.0,1.0,0.0));
#2980=DIRECTION('',(0.0,0.0,1.0));
#2981=DIRECTION('',(-1.0,0.0,0.0));
#2982=DIRECTION('',(-1.0,0.0,0.0));
#2983=DIRECTION('',(-1.0,0.0,0.0));
#2984=DIRECTION('',(-1.0,0.0,0.0));
#2985=DIRECTION('',(-1.0,0.0,0.0));
#2986=DIRECTION('',(-1.0,0.0,0.0));
#2987=DIRECTION('',(-1.0,0.0,0.0));
#2988=DIRECTION('',(-1.0,0.0,0.0));
#2989=PRESENTATION_LAYER_ASSIGNMENT('','',(#26,#49,#50,#55,#56,#57,#58,#59,#60,#61,#62,#63,#64,#65,#66,#67,#68,#69,#70,#71,#72,#73,#74,#75,#76,#77,#78,#79,#80,#81,#82,#83,#84,#85,#86,#87,#88,#89,#90,#91,#92,#93,#94,#95,#96,#97,#98,#99,#100,#101,#102,#103,#104,#105,#106,#107,#108,#109,#110,#111,#112,#113,#114,#115,#116,#117,#118,#119,#120,#121,#122,#123,#124,#125,#126,#127,#128,#129,#130,#131,#132,#133,#134,#135,#136,#137,#138,#139,#140,#141,#142,#143,#144,#145,#146,#341,#342,#343,#344,#1333,#1334,#1335,#1336,#1337,#1338,#1339,#1340,#1341,#1342,#1343,#1344,#1345,#1346,#1347,#1348,#1349,#1350,#1351,#1352,#1353,#1354,#1355,#1356,#1357,#1358,#1359,#1360,#1361,#1362,#1363,#1364,#1365,#1366,#1367,#1368,#1369,#1370,#1371,#1372,#1373,#1374,#1375,#1376,#1377,#1378,#1379,#1380,#1381,#1382,#1383,#1384,#1385,#1386,#1387,#1388,#1389,#1390,#1391,#1392,#1393,#1394,#1395,#1396,#1397,#1398,#1399,#1400,#1401,#1402,#1403,#1404,#1405,#1406,#1407,#1408,#1409,#1410,#1411,#1412,#1413,#1414,#1415,#1416,#1417,#1418,#1419,#1420,#1421,#1422,#1423,#1424,#1425,#1426,#1427,#1428,#1429,#1430,#1431,#1432,#1433,#1434,#1435,#1436,#1437,#1438,#1439,#1440,#1441,#1442,#1443,#1444,#1445,#1446,#1447,#1448,#1449,#1450,#1451,#1452,#1453,#1454,#1455,#1456,#1457,#1458,#1459,#1460,#1461,#1462,#1463,#1464,#1465,#1466,#1467,#1468,#1469,#1470,#1471,#1472,#1473,#1474,#1475,#1476,#1477,#1478,#1479,#1480,#1481,#1482,#1483,#1484,#1485,#1486,#1487,#1488,#1489,#1490,#1491,#1492,#1493,#1494,#1495,#1496,#1497,#1498,#1499,#1500,#1501,#1502,#1503,#1504,#1505,#1506,#1507,#1508,#1509,#1510,#1511,#1512,#1513,#1514,#1515,#1516,#1517,#1518,#1519,#1520,#1521,#1522,#1523,#1524,#1525,#1526,#1527,#1528,#1529,#1530,#1531,#1532,#1533,#1534,#1535,#1536,#1537,#1538,#1539,#1540,#1541,#1542,#1543,#1544,#1545,#1546,#1547,#1548,#1549,#1550,#1551,#1552,#1553,#1554,#1555,#1556,#1557,#1558,#1559,#1560,#1561,#1562,#1563,#1564,#1565,#1566,#1567,#1568,#1569,#1570,#1571,#1572,#1573,#1574,#1575,#1576,#1577,#1578,#1579,#1580,#1581,#1582,#1583,#1584,#1585,#1586,#1587,#1588,#1604,#1606,#1609,#1610,#1612,#1614,#1617,#1618,#1620,#1622,#1624,#1626,#1628,#1630,#1632,#1634,#1636,#1639,#1641,#1644,#1646,#1648,#1650,#1653,#1656,#1657,#1659,#1661,#1664,#1665,#1667,#1669,#1672,#1673,#1675,#1677,#1680,#1681,#1684,#1686,#1689,#1690,#1692,#1694,#1696,#1698,#1700,#1702,#1704,#1706,#1709,#1711,#1714,#1715,#1718,#1721,#1723,#1727,#1732,#1733,#1735,#1737,#1739,#1741,#1743,#1745,#1747,#1749,#1756,#1757,#1761,#1764,#1772,#1774,#1776,#1778,#1780,#1782,#1784,#1786,#1788,#1790,#1792,#1794,#1796,#1798,#1800,#1802,#1804,#1806,#1808,#1810,#1812,#1816,#1817,#1819,#1821,#1824,#1825,#1828,#1830,#1833,#1834,#1836,#1838,#1841,#1843,#1845,#1847,#1850,#1852,#1855,#1856,#1859,#1862,#1864,#1868,#1873,#1874,#1876,#1878,#1881,#1883,#1885,#1887,#1893,#1894,#1898,#1901,#1909,#1911,#1914,#1917,#1919,#1922,#1925,#1928,#1931,#1933,#1938,#1942,#1945,#1948,#1951,#1958,#1960,#1962,#1964,#1966,#1969,#1971,#1973,#1975,#1977,#1980,#1983,#1985,#1987,#1989,#1992,#1994,#1996,#1998,#2000,#2004,#2006,#2009,#2012));
ENDSEC;
END-ISO-10303-21;
